genus,prop_endemic,species_number
Abelmoschus,0,3
Abildgaardia,1,2
Abrodictyum,0.3333333333333333,3
Abroma,1,1
Abrophyllum,1,1
Abrotanella,0.6666666666666666,3
Abrus,0,1
Abutilon,0.8333333333333334,24
Acacia,0.9763257575757576,1056
Acaena,0.3333333333333333,6
Acalypha,0.5,6
Acanthocarpus,1,7
Acanthocladium,1,1
Acanthus,0,2
Aceratium,1,5
Achnophora,1,1
Achyranthes,0.5,4
Acianthus,1,11
Acidonia,1,1
Aciphylla,1,2
Ackama,1,2
Acmella,0,1
Acomis,1,4
Acrachne,0,1
Acradenia,1,2
Acriopsis,1,1
Acronychia,0.8571428571428571,21
Acrophyllum,1,1
Acrostichum,0,2
Acrothamnus,1,4
Acrotriche,1,18
Actephila,0.9285714285714286,14
Actinobole,1,4
Actinodium,1,1
Actinoschoenus,1,5
Actinoscirpus,0,1
Actinostachys,0,2
Actinotus,1,19
Actites,1,1
Acunniana,1,1
Adansonia,1,1
Adelphacme,1,1
Adenanthera,0.5,2
Adenanthos,1,31
Adenia,0,1
Adenochilus,1,1
Adenosma,0.5,2
Adenostemma,0.5,2
Adiantum,0.25,8
Adriana,1,2
Aegialitis,0,1
Aegiceras,0,1
Aeginetia,1,1
Aenictophyton,1,2
Aerva,0,1
Aeschynomene,0.3333333333333333,3
Afrohybanthus,0.5,4
Agastachys,1,1
Agathis,0.6666666666666666,3
Agiortia,1,3
Aglaia,0.3333333333333333,12
Agonis,1,4
Agrostis,0.7272727272727273,11
Agrostocrinum,1,2
Aidia,0.6666666666666666,3
Ailanthus,0,2
Ajuga,1,2
Akania,1,1
Alangium,0.5,2
Alania,1,1
Albizia,0.2,5
Alchemilla,0,1
Alchornea,0.6666666666666666,3
Aldrovanda,1,1
Alectryon,0.8,15
Aleurites,0,2
Alexfloydia,1,1
Alexgeorgea,1,3
Alisma,0,1
Allittia,1,2
Allocasuarina,1,61
Allophylus,0,1
Allopterigeron,1,1
Allosyncarpia,1,1
Alloteropsis,0,2
Alloxylon,0.6666666666666666,3
Almaleea,1,5
Alocasia,0.5,2
Alphitonia,0.6,5
Alpinia,0.8,5
Alstonia,0.3333333333333333,6
Alternanthera,0.3333333333333333,6
Althaea,1,1
Althenia,0.8571428571428571,7
Aluta,1,5
Alyogyne,1,4
Alysicarpus,0.8333333333333334,6
Alyxia,0.7333333333333333,15
Amaracarpus,0,2
Amaranthus,0.8181818181818182,11
Ammannia,0.7,10
Ammobium,1,2
Amomum,0.5,2
Amorphophallus,0,2
Amorphospermum,1,1
Ampelocissus,0.5,4
Ampelopteris,0,1
Amperea,1,8
Amphibolis,1,2
Amphibromus,0.9,10
Amphineuron,0.75,4
Amphipogon,1,9
Amyema,0.8461538461538461,39
Amylotheca,0.5,2
Anacampseros,1,1
Anacolosa,0,1
Anarthria,1,6
Ancistrachne,1,2
Andersonia,1,29
Androcalva,1,33
Androstoma,1,1
Aneilema,0.75,4
Anemocarpa,1,3
Anemone,1,1
Angianthus,1,21
Angiopteris,0,1
Angophora,1,10
Anigozanthos,1,11
Aniseia,0,1
Anisomeles,0.8695652173913043,23
Anisopogon,1,1
Anisotome,1,1
Anodopetalum,1,1
Anoectochilus,1,1
Anogramma,0,1
Anopterus,1,2
Anthobolus,1,3
Anthocarapa,0,1
Anthocercis,1,10
Anthosachne,0.8,5
Anthotium,1,4
Anthotroche,1,3
Antiaris,0,1
Anticoryne,1,3
Antidesma,0.2,5
Antirhea,0.6666666666666666,3
Antrophyum,0.25,4
Aotus,1,17
Apalochlamys,1,1
Apatophyllum,1,5
Aphananthe,0,1
Aphanes,1,2
Aphanopetalum,1,2
Aphelia,1,6
Aphyllodium,0.8571428571428571,7
Aphyllorchis,1,2
Apium,0.6666666666666666,3
Apluda,0,1
Apodasmia,1,2
Apodytes,1,1
Aponogeton,1,11
Apostasia,0,1
Apowollastonia,1,7
Appendicula,1,1
Arabidella,1,7
Arachniodes,0,1
Araucaria,0.3333333333333333,3
Archeria,1,5
Archidendron,0.7,10
Archidendropsis,1,3
Archirhodomyrtus,1,1
Archontophoenix,1,6
Ardisia,0.6666666666666666,6
Arenga,0.6666666666666666,3
Areocleome,1,1
Argentipallium,1,5
Argophyllum,1,11
Argusia,0,1
Argyrodendron,0.75,4
Argyroglottis,1,1
Argyrotegium,0.5,4
Aristida,0.8793103448275862,58
Aristolochia,0.9230769230769231,13
Aristotelia,1,2
Arivela,0.9230769230769231,13
Arnhemia,1,1
Arnocrinum,1,3
Arrhenechthites,1,1
Artabotrys,1,1
Artanema,0,1
Arthragrostis,1,4
Arthraxon,0,2
Arthrochilus,0.9,10
Arthropodium,1,7
Arthropteris,0.25,4
Arthrostylis,1,1
Artocarpus,0,1
Arundinella,0.5,4
Arytera,0.4444444444444444,9
Asparagus,0,1
Asperula,1,21
Asplenium,0.3333333333333333,36
Astartea,1,22
Astelia,0.6666666666666666,3
Asteridea,1,9
Asterolasia,1,17
Asteromyrtus,0.5,6
Asterotrichion,1,1
Astonia,1,1
Astrebla,1,4
Astroloma,1,21
Astrotricha,1,19
Astus,1,4
Asystasia,0.5,2
Atalaya,0.9166666666666666,12
Atherosperma,1,1
Athertonia,1,1
Athroisma,0,1
Athrotaxis,1,2
Atkinsonia,1,1
Atractocarpus,0.8571428571428571,7
Atriplex,0.9354838709677419,62
Auranticarpa,1,6
Australina,0,1
Australopyrum,1,3
Austrobaileya,1,1
Austrobryonia,1,4
Austrobuxus,1,2
Austrochloris,1,1
Austrodolichos,1,1
Austromatthaea,1,1
Austromuellera,1,2
Austromyrtus,1,3
Austrosteenisia,0.75,4
Austrostipa,0.96875,64
Avicennia,0.5,2
Azanza,1,1
Azolla,0,2
Azorella,0.5,4
Babingtonia,1,10
Backhousia,1,13
Bacopa,0,2
Baeckea,0.9655172413793104,29
Baileyoxylon,1,1
Balanophora,0,2
Balanops,1,1
Balaustion,1,1
Balladonia,1,1
Ballantinia,1,1
Baloghia,0.6666666666666666,3
Baloskion,1,8
Bambusa,1,1
Banksia,0.9886363636363636,176
Barbarea,1,2
Barklya,1,1
Barongia,1,1
Barringtonia,0,4
Basedowia,1,1
Basilicum,0,1
Batis,0,1
Bauera,1,4
Bauhinia,0.6666666666666666,6
Baumea,1,1
Baxteria,1,1
Beaufortia,1,22
Bedfordia,1,3
Beilschmiedia,0.9090909090909091,11
Bellendena,1,1
Bellida,1,1
Belvisia,0,1
Benstonea,0.5,2
Benthamina,1,1
Bentleya,1,2
Berberidopsis,1,1
Bergia,0.9,10
Berrya,0.3333333333333333,3
Bertya,1,28
Berula,0,1
Beyeria,1,24
Billardiera,1,23
Biophytum,1,1
Bischofia,0,1
Blackallia,1,1
Blainvillea,0.6666666666666666,3
Blancoa,1,1
Blandfordia,1,4
Bleasdalea,1,1
Blechnum,0.65625,32
Blennodia,1,2
Blennospora,1,3
Blepharocarya,1,2
Blumea,0.3333333333333333,15
Blyxa,0,3
Bobea,1,1
Boea,1,2
Boehmeria,0,2
Boerhavia,0.4166666666666667,12
Bolbitis,0,3
Bolboschoenus,0,3
Bombax,0,1
Bonamia,1,16
Bonnaya,0.25,4
Boronia,1,152
Borya,1,12
Bosistoa,1,4
Bossiaea,1,79
Bothriochloa,0.7142857142857143,7
Botrychium,0,2
Bouchardatia,1,1
Bowenia,1,2
Brachychiton,0.9354838709677419,31
Brachyloma,1,16
Brachypeza,1,1
Brachyscias,1,1
Brachyscome,0.9885057471264368,87
Brachysola,1,2
Brachystelma,0,1
Brackenridgea,1,1
Brasenia,0,1
Brassiantha,1,1
Breynia,0,3
Bridelia,0.6,5
Brombya,1,2
Bromheadia,0,1
Bromus,0,1
Brownlowia,0,1
Brucea,0,1
Bruguiera,0,5
Brunonia,1,1
Brunoniella,0.6,5
Bryobium,0,3
Bubbia,1,4
Buchanania,0.6666666666666666,3
Buchnera,0.42857142857142855,7
Buckinghamia,1,2
Bulbine,1,7
Bulbophyllum,0.7058823529411765,34
Bulbostylis,0.6,5
Burchardia,1,6
Burmannia,0.3333333333333333,3
Burnettia,1,1
Bursaria,1,8
Butomopsis,0,1
Byblis,0.875,8
Cadaba,0,1
Cadellia,1,1
Cadetia,1,6
Caesalpinia,0.25,4
Caesia,0.8888888888888888,9
Cajanus,0.8125,16
Caladenia,0.9892086330935251,278
Calamphoreus,1,1
Calamus,0.625,8
Calandrinia,1,56
Calanthe,0,1
Calciphilopteris,0,1
Caldesia,0.6666666666666666,3
Caleana,0.9285714285714286,14
Calectasia,1,15
Callerya,0.6666666666666666,3
Callicarpa,0.16666666666666666,6
Callicoma,1,1
Callipteris,1,1
Callistachys,1,1
Callistemon,0.9545454545454546,44
Callitriche,0.4,5
Callitris,0.8947368421052632,19
Calocephalus,1,12
Calochilus,0.84,25
Calochlaena,0.5,2
Calomeria,1,1
Calophyllum,0.16666666666666666,6
Calorophus,1,2
Calostemma,1,3
Calothamnus,1,41
Calotis,1,26
Calycopeplus,1,5
Calymmodon,0,1
Calyptochloa,1,3
Calystegia,0.25,4
Calytrix,1,86
Camonea,1,1
Camptacra,0.5,2
Camptostemon,0,1
Campynema,1,1
Cananga,0,1
Canarium,0.4,5
Canavalia,0,4
Canscora,0,1
Cansjera,0,1
Capillipedium,0,2
Capparis,0.7619047619047619,21
Carallia,0,1
Cardamine,0.9230769230769231,13
Cardiopteris,0,1
Cardwellia,1,1
Carex,0.5357142857142857,56
Carinavalva,1,1
Carissa,0.75,4
Carmichaelia,1,1
Carnarvonia,1,1
Carpentaria,1,1
Carpha,0.75,4
Carpobrotus,0.75,4
Carronia,1,3
Cartonema,0.7142857142857143,7
Caryota,1,1
Casearia,0.8,5
Cassia,1,4
Cassinia,1,46
Cassytha,0.7368421052631579,19
Castanospermum,0,1
Castanospora,1,1
Casuarina,0.5,6
Catacolea,1,1
Catalepidia,1,1
Cathormion,0,1
Causonis,0,2
Caustis,1,7
Cayratia,0.2857142857142857,7
Cecarria,0,1
Celastrus,0.3333333333333333,3
Celmisia,1,8
Celtis,0.16666666666666666,6
Cenarrhenes,1,1
Cenchrus,0.8333333333333334,6
Centella,0,3
Centipeda,0.5555555555555556,9
Centotheca,0,2
Centranthera,0,2
Centratherum,1,1
Centrolepis,0.8181818181818182,22
Centropappus,1,1
Cephalaralia,1,1
Cephalipterum,1,1
Cephalomanes,0.5,2
Cephalosorus,1,1
Cephalotus,1,1
Ceratogyne,1,1
Ceratopetalum,0.875,8
Ceratophyllum,0,1
Ceratopteris,0,1
Cerbera,0.25,4
Ceriops,0,3
Ceropegia,0,1
Chaetanthus,1,3
Chamaecrista,0.6923076923076923,13
Chamaeraphis,1,1
Chamaescilla,1,5
Chamaexeros,1,4
Chamelaucium,1,11
Cheilanthes,0.6666666666666666,15
Cheilocostus,1,1
Cheiranthera,1,10
Cheirostylis,0.5,2
Chenopodium,1,9
Cheyniana,1,2
Chiloglottis,0.8461538461538461,26
Chiloschista,1,1
Chingia,1,1
Chionachne,0.5,2
Chionanthus,0.8,5
Chionochloa,1,2
Chisocheton,0,1
Chlaenosciadium,1,1
Chloanthes,1,4
Chloris,0.5,6
Chlorophytum,0,1
Chondropyxis,1,1
Chordifex,1,20
Choretrum,1,7
Choriceras,0.5,2
Chorilaena,1,1
Chorizandra,0.8,5
Chorizema,1,25
Christella,0,5
Christia,0,1
Chrysitrix,1,1
Chrysocephalum,1,9
Chrysopogon,0.7777777777777778,9
Chthonocephalus,1,7
Cinnamomum,0.8333333333333334,6
Cissampelos,0,1
Cissus,0.5384615384615384,13
Citronella,1,2
Citrus,1,6
Cladium,0,2
Cladopus,0,1
Claoxylon,0.4,5
Clausena,0,2
Clausospicula,1,1
Cleidion,0,1
Cleistanthus,0.6666666666666666,9
Cleistochloa,0.6666666666666666,3
Clematicissus,1,2
Clematis,0.6923076923076923,13
Clerodendrum,0.36363636363636365,11
Clitoria,1,1
Cnesmocarpon,0,1
Coatesia,1,1
Coccinia,0,1
Cochlospermum,0.6,5
Cocos,0,1
Codariocalyx,1,1
Codiaeum,0.5,2
Codonocarpus,1,3
Coelachne,0,1
Coelospermum,0.6,5
Coffea,0,1
Coix,1,1
Coldenia,0,1
Coleanthera,1,2
Coleocarya,1,1
Coleocoma,1,1
Colobanthus,0.42857142857142855,7
Colocasia,0,1
Colubrina,0.5,2
Colysis,1,1
Combretum,0,2
Comesperma,1,33
Commelina,0.5,10
Commersonia,0.9523809523809523,21
Commicarpus,0.6666666666666666,3
Connarus,0,1
Conospermum,1,52
Conostephium,1,12
Conostylis,1,45
Conothamnus,1,3
Convolvulus,1,11
Cooktownia,1,1
Coopernookia,1,6
Coprosma,0.8666666666666667,15
Corchorus,0.8484848484848485,33
Cordia,0,3
Cordyline,0.5555555555555556,9
Corokia,1,2
Coronidium,1,21
Correa,1,11
Corsia,1,1
Corunastylis,0.9661016949152542,59
Corybas,0.8888888888888888,27
Corymbia,0.7956989247311828,93
Corymborkis,0,1
Corynanthera,1,1
Corynocarpus,0.5,2
Corynotheca,1,6
Corypha,0,1
Cosmelia,1,1
Cossinia,1,1
Cotula,0.75,4
Craspedia,1,19
Crassula,0.45454545454545453,11
Crateva,0,1
Cratystylis,1,4
Cremnothamnus,1,1
Crenidium,1,1
Crepidomanes,0.2,10
Cressa,1,1
Crinum,0.9230769230769231,13
Crispiloba,1,1
Cristonia,1,2
Croninia,1,1
Crosslandia,1,1
Crotalaria,0.5,22
Croton,0.8333333333333334,30
Crowea,1,3
Crudia,0.5,2
Cryptandra,1,56
Cryptocarya,0.68,50
Cryptostylis,0.8,5
Ctenopterella,0.5,2
Ctenopteris,1,1
Cucumis,0.75,8
Cullen,0.9230769230769231,26
Cupaniopsis,0.875,16
Cuphonotus,1,2
Curculigo,1,1
Curcuma,0,1
Cuscuta,0.5,4
Cuttsia,1,1
Cyanicula,1,10
Cyanostegia,1,5
Cyanotis,0,1
Cyanthillium,0.3333333333333333,3
Cyathea,0.875,16
Cyathochaeta,1,6
Cyathodes,1,3
Cyathostemon,1,6
Cycas,0.9090909090909091,33
Cyclocarpa,0,1
Cyclophyllum,0.7777777777777778,9
Cyclosorus,0,1
Cycnogeton,0.75,8
Cymaria,0,1
Cymbidium,1,3
Cymbonotus,1,3
Cymbopogon,0.5555555555555556,9
Cymodocea,0.3333333333333333,3
Cynanchum,0.6363636363636364,11
Cynodon,1,4
Cynoglossum,0.5,2
Cynometra,0.3333333333333333,3
Cyperochloa,0,1
Cyperus,0.5619834710743802,121
Cyphanthera,1,9
Cypselocarpus,1,1
Cyrtandra,1,1
Cyrtococcum,0.25,4
Cyrtostylis,1,4
Cystopteris,0,1
Cytogonidium,1,1
Dactyliophora,1,1
Dactyloctenium,1,2
Dalbergia,0,3
Dallwatsonia,1,1
Damasonium,1,1
Dampiera,1,68
Danhatchia,0,1
Dansiea,1,2
Daphnandra,1,6
Dapsilanthus,0,3
Darlingia,1,2
Darwinia,1,51
Dasymalla,1,5
Dasypogon,1,3
Daucus,0,1
Davallia,0,2
Davidsonia,1,3
Daviesia,1,131
Debregeasia,1,1
Decaisnina,0.42857142857142855,7
Decalobanthus,0,1
Decaneuropsis,0,1
Decaschistia,1,3
Decaspermum,0.5,2
Decazesia,1,1
Deeringia,0,2
Delarbrea,1,1
Demorchis,1,2
Dendrobium,0.5,40
Dendrocnide,0.375,8
Dendroconche,1,1
Dendrolobium,0.6666666666666666,6
Dendromyza,0,1
Dendrophthoe,0.5,6
Dendrotrophe,0,1
Denhamia,1,13
Dennstaedtia,1,1
Dentella,0.8888888888888888,9
Deparia,0,1
Deplanchea,0,1
Derris,0,3
Deschampsia,0,4
Desmocladus,1,23
Desmodiopsis,1,1
Desmodium,0.5,4
Desmos,1,3
Deyeuxia,0.9705882352941176,34
Dianella,0.8695652173913043,23
Diaspasis,1,1
Dicarpidium,1,1
Dichanthium,0.4,5
Dichapetalum,0,2
Dichelachne,0.5,8
Dichondra,0,1
Dichopogon,1,3
Dichosciadium,1,1
Dichromochlamys,1,1
Dichrostachys,0.5,2
Dicksonia,1,3
Dicladanthera,1,2
Dicliptera,0.75,8
Dicranopteris,0,1
Dicrastylis,1,31
Dictymia,0,1
Dictyoneura,0,1
Didymanthus,1,1
Didymoglossum,0,4
Didymoplexis,0,2
Dielitzia,1,1
Dielsia,1,1
Dielsiodoxa,1,5
Dienia,1,6
Dietes,1,1
Digitaria,0.7222222222222222,36
Dillenia,0,1
Dillwynia,1,29
Dimeria,0,3
Dimocarpus,1,1
Dimorphocalyx,0,1
Dimorphocoma,1,1
Dinebra,0.8,5
Dinghoua,1,1
Dinosperma,1,4
Diocirea,1,4
Dioclea,0,1
Diodontium,1,1
Dioscorea,0.2,5
Diospyros,0.6190476190476191,21
Diplachne,0.5,2
Diplacrum,0,1
Diplarrena,1,2
Diplaspis,1,3
Diplatia,1,3
Diplazium,0.36363636363636365,11
Diplocaulobium,1,1
Diplocyclos,0,1
Diploglottis,0.8181818181818182,11
Diplolaena,1,15
Diplopeltis,1,5
Diplopterygium,0,1
Dipodium,0.8181818181818182,11
Dipteracanthus,1,3
Dipteris,0,1
Discaria,1,2
Dischidia,0,4
Diselma,1,1
Disphyma,1,1
Dissiliaria,1,5
Dissocarpus,1,4
Distichlis,1,1
Distimake,0.6666666666666666,3
Dithyrostegia,1,2
Diuris,1,99
Dockrillia,1,20
Dodonaea,0.9710144927536232,69
Dolichandrone,0.8,5
Donatia,0,1
Donella,0,1
Dopatrium,0,1
Doryanthes,1,2
Doryopteris,0,1
Doryphora,1,2
Drabastrum,1,1
Dracaena,0,1
Dracophyllum,1,7
Drakaea,1,10
Drosera,0.9290322580645162,155
Drummondita,1,10
Dryadodaphne,1,1
Drymoanthus,1,1
Drymophila,1,2
Drynaria,0,3
Dryopoa,1,1
Dryopteris,0.3333333333333333,3
Drypetes,0.75,4
Duboisia,0.75,4
Dubouzetia,1,2
Duma,1,3
Dunbaria,0.6666666666666666,3
Duperreya,1,3
Durringtonia,1,1
Dysoxylum,0.29411764705882354,17
Dysphania,0.8823529411764706,17
Ecdeiocolea,1,2
Echinochloa,0.8888888888888888,9
Echinopogon,0.7142857142857143,7
Echinostephia,1,1
Eclipta,0.3333333333333333,3
Ectrosia,0.7857142857142857,14
Ehretia,0.4,5
Eidothea,1,2
Einadia,0.75,4
Elachanthus,1,2
Elacholoma,1,2
Elaeagnus,0,1
Elaeocarpus,0.8666666666666667,30
Elaeodendron,0.3333333333333333,3
Elaphoglossum,0.5,2
Elatine,0.5,2
Elatostema,0.75,4
Elattostachys,1,5
Eleocharis,0.5151515151515151,33
Elephantopus,0,1
Elionurus,0.5,2
Elythranthera,1,2
Elytrophorus,0,1
Embadium,1,3
Embelia,0.6,5
Emblingia,1,1
Emmenosperma,0.3333333333333333,3
Empodisma,0.5,2
Enchylaena,0.5,2
Endiandra,0.8421052631578947,38
Endospermum,0,1
Enekbatus,1,10
Enhalus,0,1
Enicostema,0,1
Enneapogon,0.9375,16
Entada,0,2
Enteropogon,0.8333333333333334,6
Entolasia,0.5,4
Enydra,1,1
Epacris,1,53
Epiblema,1,1
Epilobium,0.35714285714285715,14
Epipogium,0,1
Epipremnum,0,2
Epitriche,1,1
Eragrostiella,0,1
Eragrostis,0.8135593220338984,59
Eremaea,1,14
Eremochloa,0.3333333333333333,3
Eremophea,1,2
Eremophila,1,234
Eremosyne,1,1
Eria,1,5
Eriachne,0.8775510204081632,49
Erichsenia,1,1
Ericksonella,1,1
Ericomyrtus,1,4
Erigeron,1,1
Eriocaulon,0.7777777777777778,36
Eriochilus,1,11
Eriochiton,1,1
Eriochlamys,1,4
Eriochloa,0.2,5
Eriosema,0,1
Eriostemon,1,2
Erodiophyllum,1,2
Erodium,1,5
Erycibe,0,1
Erymophyllum,1,5
Eryngium,0.875,8
Erythrina,0.2,5
Erythrophleum,1,1
Erythrorchis,1,1
Erythroxylum,1,2
Eschenbachia,1,2
Ethuliopsis,1,1
Etlingera,1,1
Eucalyptus,0.9804741980474198,717
Euchilopsis,1,1
Euchiton,0.25,8
Eucosia,1,1
Eucryphia,1,5
Eugenia,0,1
Eulalia,0.25,4
Eulophia,0,2
Eumachia,1,1
Euodia,1,2
Euonymus,0,1
Euphorbia,0.896551724137931,58
Euphrasia,1,20
Eupomatia,0.3333333333333333,3
Euroschinus,0,1
Eurychorda,1,1
Euryomyrtus,1,7
Eustrephus,0,1
Eutaxia,1,22
Evandra,1,2
Everistia,1,1
Evolvulus,0,1
Ewartia,1,4
Exacum,0,1
Excoecaria,0.75,4
Exocarpos,0.8181818181818182,11
Exocarya,1,1
Fagraea,0.6666666666666666,3
Falcataria,1,1
Faradaya,0,1
Fatoua,0,1
Feldstonia,1,1
Festuca,0.8,5
Ficinia,0,1
Ficus,0.4090909090909091,44
Fieldia,1,1
Fimbristylis,0.6444444444444445,90
Finlaysonia,0,1
Firmiana,0,1
Fitzwillia,1,1
Flacourtia,1,1
Flagellaria,0,1
Flemingia,0.4,5
Flickingeria,1,3
Flindersia,0.8,15
Floscopa,0,1
Floydia,1,1
Flueggea,0,2
Fontainea,1,6
Forstera,1,1
Franciscodendron,1,1
Frankenia,1,44
Franklandia,1,2
Freycinetia,0.2,5
Fuirena,0.6,5
Gahnia,0.88,25
Gaimardia,0.6666666666666666,3
Galactia,0.3333333333333333,3
Galbulimima,1,1
Galium,0.85,20
Ganophyllum,0,1
Garcinia,0.7777777777777778,9
Gardenia,1,19
Garnotia,0,1
Garuga,0,1
Gastrodia,0.8571428571428571,7
Gastrolobium,1,110
Gaultheria,0.8333333333333334,6
Geijera,0.6666666666666666,3
Geitonoplesium,0,1
Geleznowia,1,1
Geniostoma,0.6666666666666666,3
Genoplesium,1,1
Gentiana,1,4
Gentianella,1,14
Geococcus,1,1
Geodorum,0,1
Geophila,0,1
Georgeantha,1,1
Geosiris,1,1
Geranium,0.45454545454545453,11
Germainia,0.3333333333333333,3
Geum,0.5,2
Gilberta,1,1
Gilesia,1,1
Gillbeea,0.5,2
Gilruthia,1,1
Gingidia,1,3
Gleichenia,0.5,6
Glinus,0.5,4
Glischrocaryon,1,5
Globba,0,1
Glochidion,0.4666666666666667,15
Glossocardia,0.6666666666666666,3
Glossocarya,0.6666666666666666,3
Glossodia,1,2
Glossostigma,0.4,5
Glyceria,1,3
Glycine,0.9230769230769231,26
Glycocystis,1,1
Glycosmis,0,2
Glycyrrhiza,1,1
Gmelina,0.5,6
Gnaphalium,1,2
Gnephosis,1,16
Gnetum,0,1
Gomphandra,0,1
Gompholobium,0.9565217391304348,46
Gomphrena,1,32
Goniophlebium,0,2
Goniothalamus,1,1
Gonocarpus,0.8888888888888888,36
Goodenia,0.9806763285024155,207
Goodia,1,6
Goodyera,0.5,2
Gossia,0.95,20
Gossypium,1,17
Gouania,0.5,2
Grammitis,1,4
Grammosolen,1,2
Granitites,1,1
Graptophyllum,0.75,4
Grastidium,1,5
Gratiola,0.4,5
Gratwickia,1,1
Grevillea,0.989100817438692,367
Grewia,0.42857142857142855,14
Grona,0.6363636363636364,11
Guettarda,0,1
Guichenotia,1,17
Guilfoylia,1,1
Guioa,0.7142857142857143,7
Gunnera,1,1
Gunnessia,1,1
Gunniopsis,1,14
Gymnanthera,0.5,2
Gymnema,0.9,10
Gymnoschoenus,1,2
Gymnosporia,0,1
Gymnostachys,1,1
Gymnostoma,1,1
Gynatrix,1,2
Gynochthodes,0.8,10
Gynura,1,1
Gyrocarpus,0,1
Gyrostemon,1,13
Habenaria,0.6,5
Hackelia,1,2
Hackelochloa,0,1
Haeckeria,1,2
Haegiela,1,1
Haemodorum,0.9333333333333333,30
Hakea,1,151
Halfordia,0,1
Halgania,0.9333333333333333,15
Halodule,0.3333333333333333,3
Halophila,0.2857142857142857,7
Haloragis,1,23
Haloragodendron,1,6
Hanguana,0,1
Hannafordia,1,3
Hanslia,0,1
Haplopteris,0,2
Haptotrichion,1,2
Hardenbergia,0.6666666666666666,3
Harmogia,1,1
Harmsiodoxa,1,3
Harnieria,1,2
Harpullia,0.75,8
Harrisonia,0,1
Hedraianthera,1,1
Hedycarya,1,2
Hedyotis,0.5,4
Hedyscepe,1,1
Helichrysum,1,4
Helicia,0.8888888888888888,9
Helicteres,0.7333333333333333,15
Heliotropium,0.8977272727272727,88
Helipterum,1,1
Helmholtzia,1,2
Helminthostachys,0,1
Hemarthria,1,1
Hemiandra,1,9
Hemichroa,1,1
Hemigenia,1,53
Hemigraphis,0,1
Hemiphora,1,5
Hemisteptia,0,1
Hemmantia,1,1
Hensmania,1,3
Herissantia,0,1
Heritiera,0,1
Hernandia,0.5,4
Herpolirion,0,1
Hetaeria,0,1
Heterachne,1,3
Heteropogon,0,2
Heterostemma,0.5,2
Heterozostera,1,3
Hexaspora,1,1
Hibbertia,0.9927797833935018,277
Hibiscus,0.8970588235294118,68
Hicksbeachia,1,2
Hierochloe,0.75,4
Hildegardia,1,1
Hippocratea,1,1
Histiopteris,0,1
Hiya,0,1
Hodgkinsonia,1,1
Hodgsoniola,1,1
Holcolemma,1,1
Hollandaea,1,4
Homalanthus,0.6666666666666666,3
Homalium,1,3
Homalocalyx,1,11
Homalosciadium,1,1
Homalospermum,1,1
Homopholis,1,1
Homoranthus,1,31
Hookerochloa,1,2
Hopkinsia,1,2
Hoppea,0,1
Hornstedtia,0,1
Horsfieldia,1,1
Hovea,1,38
Howea,1,2
Howittia,1,1
Hoya,0.2857142857142857,7
Huberantha,0,1
Hugonia,0,1
Hullsia,1,1
Humata,0.5,2
Huperzia,0,2
Huxleya,1,1
Hyalochlamys,1,1
Hyalosperma,1,9
Hybanthus,1,8
Hydnophytum,0.5,2
Hydriastele,0.3333333333333333,3
Hydrilla,0,1
Hydrocharis,0,1
Hydrocotyle,0.9,50
Hydrolea,0,1
Hygrochloa,1,2
Hygrophila,1,1
Hylandia,1,1
Hymenachne,1,1
Hymenasplenium,0.3333333333333333,3
Hymenophyllum,0.5,24
Hymenosporum,0,1
Hyparrhenia,0,1
Hypericum,0,3
Hypertelis,0,1
Hypocalymma,1,26
Hypoestes,0.5,2
Hypolaena,1,8
Hypolepis,0.2857142857142857,7
Hypolytrum,0,2
Hypoxis,0.8571428571428571,7
Hypserpa,0.5,4
Hypsophila,1,2
Hysterobaeckea,1,11
Ichnanthus,0,1
Ichnocarpus,0.5,2
Idiospermum,1,1
Ileostylus,0,1
Ilex,0,1
Illigera,1,1
Imperata,0,1
Indagator,1,1
Indigastrum,0,1
Indigofera,0.8833333333333333,60
Inocarpus,0,1
Intsia,0,1
Iotasperma,1,2
Iphigenia,0,1
Ipomoea,0.6585365853658537,41
Irenepharsus,1,3
Irvingbaileya,1,1
Isachne,0.2,5
Ischaemum,0.18181818181818182,11
Iseilema,1,12
Isoetes,0.9333333333333333,15
Isoetopsis,1,1
Isoglossa,1,1
Isolepis,0.7083333333333334,24
Isophysis,1,1
Isopogon,1,38
Isotoma,0.9,10
Isotropis,1,14
Ixiochlamys,1,4
Ixiolaena,1,1
Ixodia,1,2
Ixora,0.8333333333333334,6
Jacksonia,1,74
Jacquemontia,0.6666666666666666,3
Jagera,0.3333333333333333,3
Jasminum,0.6363636363636364,11
Jedda,1,1
Johnsonia,1,5
Josephinia,0.6666666666666666,3
Juncus,0.6458333333333334,48
Kalanchoe,1,1
Kardomia,1,6
Karrabina,1,2
Kelita,1,1
Kelleria,0.5,2
Kennedia,1,13
Kingia,1,1
Kippistia,1,1
Kleinhovia,0,1
Knoxia,0.5,2
Koeleria,1,1
Kohautia,1,1
Kopsia,0,1
Korthalsella,0.6666666666666666,9
Kuntheria,1,1
Kunzea,0.9811320754716981,53
Labichea,1,14
Laccospadix,1,1
Lachnagrostis,0.9047619047619048,21
Lachnostachys,1,6
Lagarostrobos,1,1
Lagenophora,0.7142857142857143,7
Lagerstroemia,0,1
Lagunaria,1,2
Lamarchea,1,2
Lambertia,1,10
Lamprolobium,1,2
Landoltia,1,1
Laportea,0,2
Larsenaikia,1,3
Lasianthus,0.3333333333333333,3
Lasiopetalum,1,49
Lasjia,1,3
Lastreopsis,0.7368421052631579,19
Latrobea,1,8
Launaea,0,1
Lawrencella,1,2
Lawrencia,1,12
Laxmannia,1,13
Lecanopteris,0,1
Lechenaultia,0.9666666666666667,30
Leea,0.3333333333333333,3
Leersia,0,1
Legnephora,1,1
Leichhardtia,0.9583333333333334,24
Leiocarpa,1,10
Leionema,1,25
Lemna,0,4
Lemooria,1,1
Lenbrassia,1,1
Lenwebbia,1,2
Lepidagathis,0,1
Lepiderema,1,6
Lepidium,0.9743589743589743,39
Lepidobolus,1,9
Lepidopetalum,0,1
Lepidorrhachis,1,1
Lepidosperma,0.9866666666666667,75
Lepidozamia,1,2
Lepironia,0,1
Lepisanthes,0,2
Lepistemon,1,1
Leporella,1,1
Leptaspis,0,1
Leptecophylla,0.8,5
Leptinella,0.8,5
Leptocarpus,1,15
Leptoceras,1,1
Leptochilus,0,1
Leptochloa,1,1
Leptomeria,1,17
Leptopteris,1,2
Leptorhynchos,1,10
Leptosema,1,13
Leptospermum,0.9764705882352941,85
Leptostigma,1,2
Lepturus,0.8,5
Lepyrodia,1,22
Lespedeza,0,1
Lethedon,1,1
Leucas,0,1
Leucochrysum,1,6
Leucophyta,1,1
Leucopogon,0.9723756906077348,181
Levenhookia,1,11
Levieria,0,1
Libertia,0.5,2
Licuala,0,1
Ligustrum,0.5,2
Lilaeopsis,1,2
Limnophila,0.2,5
Limonium,1,2
Limosella,0.6666666666666666,3
Lindera,0,1
Lindernia,1,42
Lindsaea,0.26666666666666666,15
Lindsayomyrtus,0,1
Linospadix,1,5
Linum,1,2
Liparis,0.9090909090909091,11
Liparophyllum,0.875,8
Lissanthe,1,9
Lithomyrtus,0.9090909090909091,11
Litsea,0.7272727272727273,11
Livistona,0.8823529411764706,17
Lobelia,0.9411764705882353,34
Logania,1,22
Lomandra,0.9636363636363636,55
Lomariopsis,0,1
Lomatia,1,9
Lophatherum,0,1
Lophopetalum,1,1
Lophostemon,0.5,4
Lordhowea,1,1
Lotus,0.5,2
Loxocarya,1,5
Ludwigia,0,5
Luffa,0.6666666666666666,3
Luisia,1,2
Lumnitzera,0,2
Lunasia,0,1
Luvunga,0,1
Luzula,0.8461538461538461,13
Lycianthes,0,2
Lycium,1,1
Lycopodiella,0.2,5
Lycopodium,0,3
Lycopus,1,1
Lyginia,1,3
Lygodium,0,3
Lyperanthus,1,2
Lysiana,1,8
Lysicarpus,1,1
Lysimachia,0.25,4
Lysinema,1,6
Lysiosepalum,1,5
Lythrum,0.5,4
Macadamia,0.5,4
Macaranga,0.5,6
Macarthuria,1,9
Macgregoria,1,1
Machaerina,0.6428571428571429,14
Mackinlaya,0.5,2
Maclura,0,1
Macropidia,1,1
Macropteranthes,1,5
Macrothelypteris,0,2
Macrozamia,1,41
Maesa,0,2
Maireana,0.9827586206896551,58
Malaccotristicha,1,1
Malacocera,1,4
Malaisia,0,1
Malleostemon,1,14
Mallotus,0.35714285714285715,14
Malva,1,2
Malvastrum,1,1
Mammea,0.5,2
Manilkara,0,1
Maniltoa,0,1
Mapania,0,1
Maranthes,0,1
Margaritaria,0.5,2
Marianthus,1,15
Marsilea,0.7777777777777778,9
Maundia,1,1
Mazus,0,1
Medicosma,0.9,10
Medinilla,1,1
Megahertzia,1,1
Meiogyne,0.8571428571428571,7
Meionectes,1,2
Melaleuca,0.9471544715447154,246
Melanostachya,1,1
Melastoma,0.3333333333333333,3
Melhania,0.3333333333333333,3
Melia,0,1
Melichrus,1,4
Melicope,0.6666666666666666,15
Melicytus,0.6,5
Melochia,0,2
Melodinus,0.2,5
Memecylon,0.6666666666666666,3
Menkea,1,6
Mentha,1,6
Merremia,0.25,4
Meryta,1,2
Mesomelaena,1,5
Mesua,1,1
Metrosideros,1,2
Mezoneuron,0.4,5
Micraira,1,15
Micrantheum,1,4
Microcachrys,1,1
Microcarpaea,0.5,2
Microchloa,0,1
Microcorys,1,20
Microcybe,1,4
Microlaena,0.5,2
Microlepia,0,1
Microlepidium,1,2
Micromelum,0,1
Micromyrtus,1,50
Micropera,0,1
Microseris,0.6666666666666666,3
Microsorum,0.16666666666666666,6
Microstachys,0,1
Microstegium,0,1
Microtis,0.9090909090909091,22
Miliusa,0.6666666666666666,3
Millettia,0,1
Milligania,1,5
Millotia,1,16
Mimulus,0.6666666666666666,3
Mimusops,0,1
Minuria,1,12
Mirbelia,1,29
Mischarytera,0.6666666666666666,3
Mischocarpus,0.8181818181818182,11
Mitrantia,1,1
Mitrasacme,0.94,50
Mitrella,1,1
Mitreola,0,1
Mitrephora,0,1
Mnesithea,0.5,4
Mobilabium,1,1
Molineria,0,1
Momordica,0,2
Monachather,1,1
Monococcus,0,1
Monogramma,0,1
Monoon,1,3
Monotaxis,1,8
Monotoca,1,11
Montia,0.5,2
Montitega,0,1
Morinda,0,2
Motherwellia,1,1
Mucuna,0.5,4
Muehlenbeckia,0.5833333333333334,12
Muelleranthus,1,4
Muellerargia,0,1
Muellerina,0.8,5
Muellerolimon,1,1
Muiriantha,1,1
Mullerochloa,1,1
Muniria,1,4
Murdannia,0,4
Murraya,0,2
Musa,0.5,2
Musgravea,1,2
Myoporum,0.8947368421052632,19
Myosotis,0.5,2
Myosurus,1,1
Myriocephalus,1,15
Myriophyllum,0.8974358974358975,39
Myristica,0,3
Myrmecodia,0.3333333333333333,3
Myrsine,0.9583333333333334,24
Nablonium,1,1
Najas,0.25,8
Nauclea,0,1
Needhamiella,1,1
Negria,1,1
Neisosperma,1,3
Nelsonia,1,1
Nelumbo,0,1
Nematolepis,1,7
Neoalsomitra,0.5,2
Neoastelia,1,1
Neobassia,1,2
Neobyrnesia,1,1
Neofabricia,1,3
Neolamarckia,0,1
Neolitsea,0.3333333333333333,3
Neololeba,0,1
Neonauclea,0,1
Neorites,1,1
Neoroepera,1,2
Neosciadium,1,1
Neosepicaea,0,2
Neostrearia,1,1
Nepenthes,0.75,4
Nephrolepis,0.1111111111111111,9
Neptunia,0.8,5
Nertera,0,1
Nervilia,0.3333333333333333,6
Nestegis,0,1
Neurachne,1,7
Newcastelia,1,9
Nicotiana,0.96,25
Niemeyera,1,3
Nitraria,1,1
Noahdendron,1,1
Nomismia,1,1
Normanbya,1,1
Notelaea,1,12
Nothoalsomitra,1,1
Nothocnide,0,1
Nothofagus,1,3
Nothorites,1,1
Notisia,1,1
Notochloe,1,1
Notogrammitis,0.14285714285714285,7
Notoleptopus,0,1
Notothixos,0.25,4
Nuytsia,1,1
Nymphaea,0.6111111111111112,18
Nymphoides,0.8095238095238095,21
Nypa,0,1
Nyssanthes,1,4
Oberonia,0.6,5
Ochrosia,0.25,4
Ochrosperma,1,5
Ocimum,0.5,2
Octarrhena,0,1
Odixia,1,2
Oeceoclades,1,1
Oenanthe,0,1
Olax,0.9166666666666666,12
Oldenlandia,0.7272727272727273,22
Olea,0,1
Oleandra,0,1
Olearia,1,113
Oligarrhena,1,1
Omegandra,1,1
Omphacomeria,1,1
Omphalea,0.6666666666666666,3
Omphalolappula,1,1
Opercularia,1,19
Operculina,0.25,4
Ophioglossum,0,7
Ophiorrhiza,1,1
Ophiuros,0,1
Opilia,0,1
Opisthiolepis,1,1
Oplismenus,0.2,5
Oraniopsis,1,1
Oreobolus,0.8571428571428571,7
Oreogrammitis,0.6,5
Oreomyrrhis,1,7
Orianthera,1,13
Orites,1,6
Ormosia,1,1
Ornduffia,1,7
Orobanche,0,1
Orthoceras,0,1
Orthosiphon,0,1
Orthrosanthus,1,4
Oryza,0.2,5
Osbeckia,0,2
Osbornia,0,1
Oschatzia,1,2
Osteocarpum,1,4
Ostrearia,1,1
Ottelia,0,2
Ottochloa,0.5,2
Ourisia,1,1
Owenia,1,5
Oxalis,0.2857142857142857,7
Oxychloris,1,1
Oxylobium,1,5
Oxymyrrhine,1,4
Oxystelma,0,1
Oxytes,0,1
Ozothamnus,1,51
Pachycladon,1,1
Pachygone,0,1
Pachymitus,1,1
Pachystoma,0,1
Paenula,1,1
Palaquium,1,1
Palmeria,0.8,5
Pandanus,0.8666666666666667,15
Pandorea,0.7142857142857143,7
Panicum,0.5714285714285714,21
Paphia,1,1
Papillilabium,1,1
Papistylus,1,2
Pappochroma,1,9
Paraceterach,1,1
Paractaenum,1,2
Paragonis,1,1
Paragoodia,1,1
Paramapania,0,1
Paraneurachne,1,1
Parantennaria,1,1
Parapachygone,1,1
Pararchidendron,0,1
Paraserianthes,0,1
Parietaria,0.75,4
Parinari,0,1
Parsonsia,0.9166666666666666,36
Paspalidium,0.8636363636363636,22
Paspalum,0.2,5
Passiflora,0.6,5
Patersonia,1,18
Pauridia,1,5
Pavetta,1,10
Pavonia,0,1
Pecteilis,1,15
Pedleya,1,1
Pelargonium,0.8571428571428571,7
Pellaea,0.5,6
Peltophorum,0,1
Pembertonia,1,1
Pemphis,0,1
Pennantia,1,2
Pentaceras,1,1
Pentachondra,0.75,4
Pentalepis,1,6
Pentapeltis,1,2
Pentapetes,0,1
Pentapogon,1,1
Pentaptilon,1,1
Peperomia,0.5,8
Peplidium,0.75,4
Pericalymma,1,4
Peripentadenia,1,2
Peristeranthus,1,1
Peristrophe,1,1
Peristylus,0.75,4
Perotis,0.5,2
Perrottetia,1,1
Persicaria,0.08333333333333333,12
Persoonia,1,101
Petalostigma,0.8,5
Petalostylis,1,2
Petermannia,1,1
Petraeomyrtus,1,1
Petraeovitex,0,1
Petrophile,1,66
Phacellothrix,0,1
Phaius,0.75,4
Phalaenopsis,1,1
Phaleria,0.6,5
Phebalium,1,30
Pheidochloa,0,1
Pheladenia,1,1
Pherosphaera,1,2
Philotheca,1,53
Philydrella,1,2
Philydrum,0,1
Phlebocarya,1,3
Phlegmariurus,0.4,10
Phlegmatospermum,1,4
Pholidota,0,1
Phoringopsis,1,3
Phormium,0,1
Phragmites,0,2
Phyla,0,1
Phylacium,0,1
Phyllachne,0,1
Phyllangium,1,5
Phyllanthera,1,1
Phyllanthus,0.74,50
Phyllocladus,1,1
Phyllodium,0.5,2
Phylloglossum,0,1
Phyllota,1,11
Phymatocarpus,1,3
Physalis,0,1
Physopsis,1,5
Picris,0.8,10
Pilbara,1,1
Pilea,0,1
Pileanthus,1,8
Pilidiostigma,0.8333333333333334,6
Pilostyles,1,3
Pilularia,0,1
Pimelea,0.954954954954955,111
Pimelodendron,0,1
Piper,0.375,8
Pipturus,0,1
Pisonia,0,4
Pitaviaster,1,1
Pithocarpa,1,4
Pittosporum,0.7619047619047619,21
Pityrodia,1,20
Placospermum,1,1
Plagiobothrys,1,4
Plagiocarpus,1,7
Planchonella,0.625,16
Planchonia,0.5,2
Planocarpa,1,3
Plantago,0.9583333333333334,24
Platostoma,0,1
Platycerium,0.5,4
Platychorda,1,2
Platylobium,1,9
Platysace,1,23
Platytheca,1,3
Platyzoma,1,1
Plectorrhiza,1,3
Plectranthus,0.9166666666666666,48
Pleiogynium,0,1
Pleioluma,1,7
Pleogyne,1,1
Plesioneuron,0,1
Pleuranthodium,0,1
Pleurocarpaea,1,2
Pleurolobus,0,1
Pleurophyllum,0,1
Pleurostylia,0,1
Plexaure,1,3
Plinthanthesis,1,3
Pluchea,0.8666666666666667,15
Plumbago,0,1
Pneumatopteris,0,4
Poa,0.8636363636363636,44
Podocarpus,0.8571428571428571,7
Podolepis,0.9629629629629629,27
Podolobium,1,6
Podotheca,1,6
Pogonatherum,0,1
Pogonolepis,1,2
Pogostemon,0,1
Poikilogyne,0,1
Polhillides,0,1
Polianthion,1,4
Pollia,0.5,2
Polyalthia,1,5
Polycalymma,1,1
Polycarpaea,0.9285714285714286,14
Polygala,0.8222222222222222,45
Polygonum,0,1
Polymeria,0.9090909090909091,11
Polyosma,1,6
Polyphlebium,0.5,2
Polypogon,1,1
Polyscias,0.42857142857142855,14
Polystichum,0.8571428571428571,7
Pomaderris,0.9558823529411765,68
Pomatocalpa,0,2
Pomax,1,2
Pontederia,1,4
Poranthera,0.9333333333333333,15
Portulaca,0.8461538461538461,13
Posidonia,1,8
Potamogeton,0.45454545454545453,11
Potamophila,1,1
Potentilla,1,1
Pothos,0.6666666666666666,3
Pouzolzia,0.5,4
Praecoxanthus,1,1
Prasophyllum,1,124
Premna,0.125,8
Pringlea,0,1
Prionotes,1,1
Procris,0,1
Proiphys,0.6,5
Pronephrium,0,2
Prosaptia,0.6666666666666666,3
Prostanthera,1,101
Prumnopitys,1,2
Prunus,0,2
Psammagrostis,1,1
Psammomoya,1,4
Pseudanthus,1,9
Pseuderanthemum,0.5,2
Pseudochaetochloa,1,1
Pseudognaphalium,0,1
Pseudopanax,1,1
Pseudopogonatherum,0,2
Pseudoraphis,0.5,4
Pseudovanilla,0,1
Pseudoweinmannia,1,2
Pseuduvaria,1,4
Psilotum,0,2
Psychotria,0.6923076923076923,13
Psychrophila,1,2
Psydrax,0.9090909090909091,22
Pteridium,0,1
Pteridrys,0,1
Pteris,0.36363636363636365,11
Pternandra,0,1
Pterocaulon,0.6153846153846154,13
Pterochaeta,1,1
Pterostylis,0.9711934156378601,243
Pterygopappus,1,1
Ptilothrix,1,1
Ptilotus,0.9914529914529915,117
Ptisana,0.3333333333333333,3
Ptychosema,1,1
Ptychosperma,0.5,2
Puccinellia,0.8571428571428571,7
Pueraria,0,1
Pullea,1,1
Pullenia,0,1
Pultenaea,0.9761904761904762,126
Pupalia,0,2
Pycnarrhena,0,2
Pycnosorus,1,6
Pycnospora,0,1
Pyrorchis,1,2
Pyrrosia,0.25,4
Quinetia,1,1
Quinqueremulus,1,1
Quintinia,1,4
Quisqualis,1,1
Quoya,1,7
Radyera,1,1
Randia,1,3
Ranunculus,0.8837209302325582,43
Reedia,1,1
Regelia,1,5
Remusatia,0,1
Rhadinothamnus,1,3
Rhagodia,1,11
Rhamnella,0,1
Rhamnus,0,1
Rhamphicarpa,0,1
Rhaphidophora,0.3333333333333333,3
Rhaphidospora,1,3
Rhaponticum,1,1
Rhetinocarpha,1,1
Rhinerrhiza,1,1
Rhinerrhizopsis,1,1
Rhipidorchis,1,1
Rhizanthella,1,4
Rhizophora,0,3
Rhodamnia,0.7894736842105263,19
Rhodanthe,1,45
Rhododendron,1,1
Rhodomyrtus,0.7142857142857143,7
Rhodosphaera,1,1
Rhopalostylis,0,1
Rhus,0,1
Rhynchosia,0.6666666666666666,6
Rhynchospora,0.4666666666666667,15
Rhysotoechia,0.8,5
Rhytidosporum,1,5
Richea,1,11
Ricinocarpos,1,28
Rimacola,1,1
Rinorea,0,1
Rinzia,1,18
Ripogonum,0.8333333333333334,6
Ristantia,1,3
Robiquetia,0.5,2
Rockinghamia,1,2
Roebuckiella,1,9
Roepera,1,31
Romnalda,1,2
Rorippa,0.8333333333333334,6
Rostellularia,0.5,2
Rotala,0.6,5
Rothia,0,1
Rottboellia,0,1
Rourea,1,1
Roycea,1,3
Rubus,0.625,8
Rumex,0.8571428571428571,7
Rumicastrum,1,1
Rumohra,0,1
Ruppia,0.25,4
Rutidosis,1,9
Ryparosa,1,1
Ryticaryum,1,1
Rytidosperma,0.8717948717948718,39
Saccharum,0,1
Sacciolepis,0,2
Saccolabiopsis,0.5,2
Sageretia,0,1
Sagina,1,2
Salacia,0.3333333333333333,3
Salicornia,0.6666666666666666,3
Salomonia,0,1
Salsola,0,1
Salvia,0,1
Samadera,1,2
Sambucus,1,2
Samolus,0.6,5
Sankowskya,1,1
Sannantha,1,12
Santalum,0.6666666666666666,6
Sarcanthopsis,0,1
Sarcochilus,0.9444444444444444,18
Sarcolobus,0.3333333333333333,3
Sarcomelicope,0,1
Sarcopetalum,0,1
Sarcopteryx,1,5
Sarcotoechia,1,6
Sarcozona,1,2
Saurauia,1,1
Sauropus,0.95,20
Saxipoa,1,1
Scaevola,0.9733333333333334,75
Scambopus,1,1
Schefflera,0,3
Schelhammera,0.5,2
Schenkia,1,2
Schistocarpaea,1,1
Schistotylus,1,1
Schizachyrium,0.75,8
Schizacme,1,2
Schizaea,0.2,5
Schizomeria,1,2
Schoenia,1,5
Schoenolaena,1,1
Schoenoplectiella,0.42857142857142855,7
Schoenoplectus,0,3
Schoenorchis,0,2
Schoenus,0.8636363636363636,88
Scholtzia,1,13
Schoutenia,0,1
Sciaphila,0,2
Scindapsus,0,1
Scirpodendron,0,1
Scirpus,0,1
Scleranthus,0.7142857142857143,7
Scleria,0.2,25
Scleroblitum,1,1
Scleroglossum,1,1
Sclerolaena,0.9850746268656716,67
Scolopia,1,1
Scrotochloa,0,2
Scutellaria,1,2
Scyphiphora,0,1
Sebaea,0.5,2
Secamone,0.5,4
Sedopsis,1,2
Sehima,0,1
Selaginella,0.8,10
Selliera,1,1
Selliguea,1,1
Semecarpus,0,1
Senecio,0.8888888888888888,90
Senegalia,0.6666666666666666,3
Senna,0.9230769230769231,39
Seorsus,1,2
Serichonus,1,1
Seringia,1,18
Serjania,1,1
Sersalisia,1,3
Sesbania,0.9,10
Sesuvium,0,1
Setaria,0.5,8
Shonia,1,4
Sicyos,0.5,2
Sida,0.9047619047619048,42
Siegfriedia,1,1
Sigesbeckia,0.5,2
Siloxerus,1,4
Siphonodon,1,3
Sloanea,1,4
Smilax,0.3333333333333333,6
Smithia,0,2
Solanum,0.9318181818181818,176
Solenogyne,1,3
Solori,1,2
Sonchus,0,1
Sondottia,1,2
Sonneratia,0,3
Sophora,0.75,4
Sorghum,0.7222222222222222,18
Sowerbaea,1,5
Sparganium,0,1
Spartochloa,1,1
Spathia,1,1
Spathoglottis,0,2
Spergularia,0.6,5
Spermacoce,0.9365079365079365,63
Sphaeranthus,0,2
Sphaerantia,1,2
Sphaerolobium,1,22
Sphaeromorphaea,0.5,6
Sphaerostephanos,0,2
Sphalmium,1,1
Sphenoclea,0,1
Sphenostemon,0,1
Sphenotoma,1,6
Spiculaea,1,1
Spinifex,0.25,4
Spiraeanthemum,1,1
Spiranthes,0.3333333333333333,3
Spirodela,0,1
Spirogardnera,1,1
Spondias,0,1
Sporadanthus,1,6
Sporobolus,0.65,20
Sprengelia,0.8571428571428571,7
Spyridium,1,44
Stachystemon,1,9
Stackhousia,0.85,20
Staurogyne,0,1
Stawellia,1,2
Steganthera,0.6,5
Stellaria,0.75,8
Stemodia,0.9230769230769231,13
Stemona,0.5,4
Stenanthemum,1,29
Stenanthera,1,3
Stenocarpus,0.7777777777777778,9
Stenochlaena,0,1
Stenopetalum,1,12
Stenostegia,1,1
Stenotaphrum,0,1
Stephania,0.75,4
Sterculia,0.3333333333333333,3
Sticherus,0.2,5
Stictocardia,0.5,2
Stigmaphyllon,0,3
Stigmatodactylus,1,2
Stirlingia,1,7
Stockwellia,1,1
Stonesiella,1,1
Storckiella,1,1
Strangea,1,3
Streblus,0.3333333333333333,3
Streptoglossa,1,8
Streptothamnus,1,1
Striga,0.3333333333333333,3
Strongylodon,0,1
Strychnos,0.5,4
Stuartina,1,2
Stuckenia,0,1
Stylidium,0.9856115107913669,278
Stylobasium,1,2
Stypandra,1,2
Styphelia,1,20
Suaeda,1,2
Suregada,0,1
Suriana,0,1
Surreya,1,2
Swainsona,1,85
Sylvipoa,1,1
Symonanthus,1,2
Symphionema,1,2
Symplocos,0.7894736842105263,19
Synaphea,1,56
Synaptantha,1,2
Syncarpia,0.6666666666666666,3
Synima,0.6666666666666666,3
Synostemon,0.9285714285714286,14
Synoum,0,1
Syringodium,0,1
Syzygium,0.7297297297297297,74
Tabernaemontana,0.5,2
Tacca,0.5,2
Tadehagi,0,1
Taeniophyllum,0.6666666666666666,12
Taenitis,0,2
Tainia,0,1
Tapeinochilos,0,1
Tapeinosperma,1,3
Tapheocarpa,1,1
Taplinia,1,1
Taraxacum,1,2
Taraxis,1,1
Tarenna,0.3333333333333333,3
Tarennoidea,0,1
Tasmannia,0.875,8
Taxandria,1,11
Tecomanthe,1,2
Tectaria,0.2,5
Tecticornia,0.9555555555555556,45
Telmatoblechnum,0,1
Telopea,1,5
Templetonia,1,13
Tephrosia,0.8805970149253731,67
Teratophyllum,1,1
Terminalia,0.8709677419354839,31
Ternstroemia,0,1
Tersonia,1,1
Tetracarpaea,1,1
Tetracera,0.5,2
Tetragonia,0.7142857142857143,7
Tetrameles,0,1
Tetramolopium,1,1
Tetrapora,1,4
Tetrardisia,1,1
Tetraria,0.75,4
Tetrarrhena,1,6
Tetrastigma,1,5
Tetratheca,1,53
Teucrium,0.9583333333333334,24
Thalassia,0,1
Thalassodendron,0.5,2
Thaleropia,1,1
Thaumastochloa,0.5714285714285714,7
Thedachloa,1,1
Thelasis,0,2
Thelepogon,1,1
Thelionema,1,3
Thelymitra,0.9158878504672897,107
Thelypteris,0,1
Themeda,0.3333333333333333,3
Thesium,1,1
Thespesia,0,2
Thespidium,1,1
Thinicola,1,1
Thiseltonia,1,1
Thismia,0.875,8
Thomasia,1,29
Thoracostachyum,1,1
Threlkeldia,1,2
Thrixspermum,0,3
Thryptomene,1,47
Thuarea,0,1
Thunbergia,1,1
Thynninorchis,1,2
Thyridia,0,1
Thyridolepis,1,3
Thysanotus,0.9433962264150944,53
Tietkensia,1,1
Tiliacora,1,1
Timonius,0.5,2
Tinospora,1,3
Tmesipteris,0.6666666666666666,6
Todea,0,1
Toechima,0.8333333333333334,6
Toona,0,1
Torenia,0.3333333333333333,3
Townsonia,1,1
Trachoma,1,3
Trachymene,0.975609756097561,41
Trachystylis,1,1
Tragia,1,3
Tragus,0,1
Trema,0,2
Tremandra,1,2
Tremulina,1,2
Trianthema,1,12
Tribonanthes,1,6
Tribulopis,1,6
Tribulus,0.8571428571428571,14
Trichanthodium,1,4
Trichocline,1,1
Trichodesma,0,1
Trichoglottis,1,1
Trichosanthes,0.6666666666666666,6
Trichospermum,0,1
Tricoryne,0.8888888888888888,9
Tricostularia,0.8333333333333334,6
Triflorensia,0.3333333333333333,3
Trigastrotheca,1,1
Triglochin,0.9285714285714286,14
Trigonella,1,1
Trigonostemon,1,1
Trihaloragis,1,1
Trimenia,1,1
Triodia,1,79
Trioncinia,1,2
Tripladenia,1,1
Triplarina,1,7
Tripogonella,0,1
Tripterococcus,1,1
Triptilodiscus,1,1
Triraphis,0,1
Trisetum,0,1
Tristania,1,1
Tristaniopsis,1,3
Tristellateia,0,1
Tristiropsis,0.5,2
Trithuria,1,10
Triumfetta,0.9491525423728814,59
Triunia,1,4
Trochocarpa,0.875,8
Tropidia,0.5,2
Trymalium,1,13
Turraea,0,1
Typha,0,2
Typhonium,0.8823529411764706,17
Tyrbastes,1,1
Uncaria,0,3
Ungeria,1,1
Uranthoecium,1,1
Uraria,0,2
Urena,0.6666666666666666,3
Urochloa,0.6666666666666666,15
Urodon,1,2
Uromyrtus,1,4
Urtica,0.5,2
Utania,0,1
Utricularia,0.7894736842105263,76
Uvaria,0.6666666666666666,12
Uvedalia,1,2
Vachellia,1,9
Vallisneria,0.875,8
Van-royena,1,1
Vanda,0,1
Vandasina,0,1
Vandenboschia,0,1
Vavaea,0,1
Velleia,0.9523809523809523,21
Ventilago,1,3
Verbena,0.75,4
Veronica,0.8076923076923077,26
Verreauxia,1,3
Verticordia,1,101
Vesselowskya,1,2
Vigna,0.25,8
Viminaria,1,1
Vincetoxicum,0.8125,16
Viola,0.75,12
Viscum,0.5,4
Vitex,0.8888888888888888,9
Vitis,1,1
Vittadinia,1,28
Voacanga,0,1
Vrydagzynea,0.5,2
Wahlenbergia,0.9285714285714286,28
Waitzia,1,5
Walteranthus,1,1
Waltheria,0.5,2
Walwhalleya,1,4
Websteria,1,1
Welchiodendron,0,1
Wendlandia,1,5
Westringia,1,31
Wetria,0,1
Whiteochloa,0.8333333333333334,6
Whyanbeelia,1,1
Wikstroemia,0.5,2
Wilkiea,0.9166666666666666,12
Wilsonia,0.6666666666666666,3
Winifredia,1,1
Wittsteinia,1,1
Wodyetia,0,1
Wolffia,0,3
Wollastonia,0.5,2
Wollemia,1,1
Woollsia,1,1
Wrightia,0.5,4
Wurmbea,1,28
Xanthophyllum,0.5,2
Xanthorrhoea,1,28
Xanthosia,1,20
Xanthostemon,0.8571428571428571,14
Xenostegia,0,1
Xerochloa,1,3
Xerochrysum,0.8461538461538461,13
Xerolirion,1,1
Xerothamnella,1,2
Ximenia,0,1
Xylocarpus,0,3
Xylomelum,1,6
Xylopia,1,2
Xylosma,1,4
Xyris,0.84,25
Yakirra,1,6
Yamazakia,0,1
Youngia,0,1
Zaleya,1,1
Zannichellia,0,1
Zanthoxylum,0.16666666666666666,6
Zealandia,1,1
Zehneria,0.5,4
Zeuxine,1,3
Zieria,1,59
Ziziphus,0.6666666666666666,3
Zornia,0.8235294117647058,17
Zostera,0,1
Zoysia,0.5,2
Zygochloa,1,1
