genus,prop_endemic,species_number,nz,nc,ng,wcvp,indo2,prop_aus,n,ala,rowsums,current_knowledge
Abildgaardia,1,2,FALSE,FALSE,TRUE,TRUE,TRUE,0.90633608815427,726,TRUE,4,non-endemic
Abroma,1,1,FALSE,FALSE,FALSE,TRUE,TRUE,0.6473988439306358,173,TRUE,3,non-endemic
Abrophyllum,1,1,FALSE,FALSE,FALSE,FALSE,FALSE,1,827,FALSE,0,endemic
Acanthocarpus,1,7,FALSE,FALSE,FALSE,FALSE,FALSE,1,932,FALSE,0,endemic
Acanthocladium,1,1,FALSE,FALSE,FALSE,FALSE,FALSE,0.9876543209876543,81,TRUE,1,unclear
Aceratium,1,5,FALSE,FALSE,FALSE,TRUE,TRUE,0.7350157728706624,634,TRUE,3,non-endemic
Achnophora,1,1,FALSE,FALSE,FALSE,FALSE,FALSE,1,57,FALSE,0,endemic
Acianthus,1,11,TRUE,TRUE,FALSE,TRUE,FALSE,0.9730627637604382,11137,TRUE,4,non-endemic
Acidonia,1,1,FALSE,FALSE,FALSE,FALSE,FALSE,1,112,FALSE,0,endemic
Aciphylla,1,2,TRUE,FALSE,FALSE,TRUE,FALSE,0.284500693481276,5768,TRUE,3,non-endemic
Ackama,1,2,TRUE,FALSE,FALSE,TRUE,FALSE,0.9332611832611832,2772,TRUE,3,non-endemic
Acomis,1,4,FALSE,FALSE,FALSE,FALSE,FALSE,1,235,FALSE,0,endemic
Acradenia,1,2,FALSE,FALSE,FALSE,FALSE,FALSE,0.9985250737463127,678,FALSE,0,endemic
Acriopsis,1,1,FALSE,FALSE,FALSE,TRUE,TRUE,0.46835443037974683,79,TRUE,3,non-endemic
Acrophyllum,1,1,FALSE,FALSE,FALSE,FALSE,FALSE,0.9940119760479041,167,FALSE,0,endemic
Acrothamnus,1,4,TRUE,FALSE,FALSE,TRUE,TRUE,0.9390100176782558,6788,TRUE,4,non-endemic
Acrotriche,1,18,FALSE,FALSE,FALSE,FALSE,FALSE,1,30315,FALSE,0,endemic
Actinobole,1,4,FALSE,FALSE,FALSE,FALSE,FALSE,1,5177,FALSE,0,endemic
Actinodium,1,1,FALSE,FALSE,FALSE,FALSE,FALSE,1,303,FALSE,0,endemic
Actinoschoenus,1,5,FALSE,TRUE,FALSE,TRUE,TRUE,0.9835390946502057,729,TRUE,4,non-endemic
Actinotus,1,19,TRUE,FALSE,FALSE,TRUE,FALSE,0.9923409109427198,12273,FALSE,2,non-endemic
Actites,1,1,FALSE,FALSE,FALSE,FALSE,FALSE,1,1413,FALSE,0,endemic
Acunniana,1,1,FALSE,FALSE,FALSE,FALSE,FALSE,1,41,FALSE,0,endemic
Adansonia,1,1,FALSE,FALSE,TRUE,TRUE,TRUE,0.9385045422781272,1431,TRUE,4,non-endemic
Adelphacme,1,1,FALSE,FALSE,FALSE,FALSE,FALSE,1,26,FALSE,0,endemic
Adenanthos,1,31,FALSE,FALSE,FALSE,FALSE,FALSE,1,6644,FALSE,0,endemic
Adenochilus,1,1,TRUE,FALSE,FALSE,TRUE,FALSE,0.6653543307086615,254,TRUE,3,non-endemic
Adriana,1,2,FALSE,FALSE,FALSE,FALSE,FALSE,1,2982,FALSE,0,endemic
Aeginetia,1,1,FALSE,FALSE,FALSE,TRUE,TRUE,0.4,5,TRUE,3,non-endemic
Aenictophyton,1,2,FALSE,FALSE,FALSE,FALSE,FALSE,1,121,FALSE,0,endemic
Agastachys,1,1,FALSE,FALSE,FALSE,FALSE,FALSE,1,643,FALSE,0,endemic
Agiortia,1,3,FALSE,FALSE,FALSE,FALSE,FALSE,1,461,FALSE,0,endemic
Agonis,1,4,TRUE,FALSE,TRUE,FALSE,FALSE,0.9724832214765101,1490,TRUE,3,non-endemic
Agrostocrinum,1,2,FALSE,FALSE,FALSE,FALSE,FALSE,1,723,FALSE,0,endemic
Ajuga,1,2,FALSE,FALSE,TRUE,TRUE,TRUE,0.9824530308401276,11284,TRUE,4,non-endemic
Akania,1,1,FALSE,FALSE,FALSE,FALSE,FALSE,1,659,FALSE,0,endemic
Alania,1,1,FALSE,FALSE,FALSE,FALSE,FALSE,1,187,FALSE,0,endemic
Aldrovanda,1,1,FALSE,FALSE,FALSE,TRUE,FALSE,0.7964601769911505,113,TRUE,2,non-endemic
Alexfloydia,1,1,FALSE,FALSE,FALSE,FALSE,FALSE,1,107,FALSE,0,endemic
Alexgeorgea,1,3,FALSE,FALSE,FALSE,FALSE,FALSE,1,486,FALSE,0,endemic
Allittia,1,2,FALSE,FALSE,FALSE,FALSE,FALSE,1,1237,FALSE,0,endemic
Allocasuarina,1,61,TRUE,FALSE,FALSE,TRUE,FALSE,0.9991384980222509,107951,FALSE,2,non-endemic
Allopterigeron,1,1,FALSE,FALSE,FALSE,FALSE,FALSE,1,138,FALSE,0,endemic
Allosyncarpia,1,1,FALSE,FALSE,FALSE,FALSE,FALSE,1,403,FALSE,0,endemic
Almaleea,1,5,FALSE,FALSE,FALSE,FALSE,FALSE,1,2507,FALSE,0,endemic
Althaea,1,1,FALSE,FALSE,TRUE,TRUE,FALSE,0.05454545454545454,55,TRUE,3,non-endemic
Aluta,1,5,FALSE,FALSE,FALSE,FALSE,FALSE,1,1298,FALSE,0,endemic
Alyogyne,1,4,FALSE,FALSE,FALSE,FALSE,FALSE,0.9883070665988816,1967,TRUE,1,unclear
Ammobium,1,2,FALSE,FALSE,FALSE,TRUE,FALSE,0.997195737521032,1783,FALSE,1,unclear
Amorphospermum,1,1,FALSE,FALSE,FALSE,TRUE,FALSE,1,263,FALSE,1,unclear
Amperea,1,8,FALSE,FALSE,FALSE,FALSE,FALSE,1,13546,FALSE,0,endemic
Amphibolis,1,2,FALSE,FALSE,FALSE,FALSE,FALSE,1,2817,FALSE,0,endemic
Amphipogon,1,9,FALSE,FALSE,FALSE,FALSE,FALSE,1,5566,FALSE,0,endemic
Anacampseros,1,1,FALSE,FALSE,TRUE,TRUE,FALSE,0.9814814814814815,216,TRUE,3,non-endemic
Anarthria,1,6,FALSE,FALSE,FALSE,FALSE,FALSE,1,2021,FALSE,0,endemic
Ancistrachne,1,2,FALSE,TRUE,FALSE,TRUE,TRUE,0.9918864097363083,986,FALSE,3,non-endemic
Andersonia,1,29,FALSE,FALSE,FALSE,FALSE,FALSE,1,3559,FALSE,0,endemic
Androcalva,1,33,FALSE,FALSE,FALSE,FALSE,FALSE,1,3903,FALSE,0,endemic
Androstoma,1,1,TRUE,FALSE,FALSE,TRUE,FALSE,0.29256594724220625,417,TRUE,3,non-endemic
Anemocarpa,1,3,FALSE,FALSE,FALSE,FALSE,FALSE,1,862,FALSE,0,endemic
Anemone,1,1,TRUE,FALSE,TRUE,TRUE,TRUE,0.21421800947867298,1055,TRUE,5,non-endemic
Angianthus,1,21,FALSE,FALSE,FALSE,FALSE,FALSE,1,3623,FALSE,0,endemic
Angophora,1,10,FALSE,FALSE,FALSE,FALSE,FALSE,0.9909866698643004,50037,FALSE,0,endemic
Anigozanthos,1,11,FALSE,FALSE,TRUE,TRUE,FALSE,0.9952689243027888,4016,FALSE,2,non-endemic
Anisopogon,1,1,FALSE,FALSE,FALSE,TRUE,FALSE,1,4641,FALSE,1,unclear
Anisotome,1,1,TRUE,FALSE,FALSE,TRUE,FALSE,0.0935700575815739,2084,TRUE,3,non-endemic
Anodopetalum,1,1,FALSE,FALSE,FALSE,FALSE,FALSE,1,1901,FALSE,0,endemic
Anoectochilus,1,1,FALSE,TRUE,FALSE,TRUE,TRUE,0.7272727272727273,44,TRUE,4,non-endemic
Anopterus,1,2,FALSE,FALSE,FALSE,FALSE,FALSE,0.9979313198179561,2417,FALSE,0,endemic
Anthobolus,1,3,FALSE,FALSE,FALSE,TRUE,TRUE,0.9965075669383003,859,FALSE,2,non-endemic
Anthocercis,1,10,FALSE,FALSE,FALSE,FALSE,FALSE,1,1725,FALSE,0,endemic
Anthotium,1,4,FALSE,FALSE,FALSE,FALSE,FALSE,1,249,FALSE,0,endemic
Anthotroche,1,3,FALSE,FALSE,FALSE,FALSE,FALSE,1,316,FALSE,0,endemic
Anticoryne,1,3,FALSE,FALSE,FALSE,FALSE,FALSE,1,97,FALSE,0,endemic
Aotus,1,17,FALSE,FALSE,FALSE,FALSE,FALSE,1,11558,FALSE,0,endemic
Apalochlamys,1,1,FALSE,FALSE,FALSE,FALSE,TRUE,1,480,FALSE,1,unclear
Apatophyllum,1,5,FALSE,FALSE,FALSE,FALSE,FALSE,1,205,FALSE,0,endemic
Aphanes,1,2,TRUE,FALSE,FALSE,TRUE,FALSE,0.9548355424644085,2037,TRUE,3,non-endemic
Aphanopetalum,1,2,FALSE,FALSE,FALSE,FALSE,FALSE,0.9923250564334086,2215,FALSE,0,endemic
Aphelia,1,6,FALSE,FALSE,FALSE,FALSE,FALSE,1,2271,FALSE,0,endemic
Aphyllorchis,1,2,FALSE,FALSE,FALSE,TRUE,TRUE,0.8833333333333333,60,TRUE,3,non-endemic
Apodasmia,1,2,TRUE,FALSE,FALSE,TRUE,FALSE,0.8144116122343183,1929,TRUE,3,non-endemic
Apodytes,1,1,FALSE,TRUE,TRUE,TRUE,TRUE,0.9626168224299065,214,TRUE,5,non-endemic
Aponogeton,1,11,FALSE,FALSE,TRUE,TRUE,TRUE,0.9155778894472362,995,TRUE,4,non-endemic
Apowollastonia,1,7,FALSE,FALSE,FALSE,TRUE,FALSE,0.9887250650477016,1153,TRUE,2,non-endemic
Appendicula,1,1,FALSE,TRUE,FALSE,TRUE,TRUE,0.4262295081967213,122,TRUE,4,non-endemic
Arabidella,1,7,FALSE,FALSE,FALSE,FALSE,FALSE,1,2183,FALSE,0,endemic
Archeria,1,5,TRUE,FALSE,FALSE,TRUE,FALSE,0.7202486678507993,1126,TRUE,3,non-endemic
Archidendropsis,1,3,FALSE,TRUE,FALSE,TRUE,TRUE,0.8936781609195402,348,TRUE,4,non-endemic
Archirhodomyrtus,1,1,FALSE,TRUE,FALSE,TRUE,TRUE,0.9925965097831835,1891,FALSE,3,non-endemic
Archontophoenix,1,6,FALSE,FALSE,FALSE,TRUE,FALSE,0.9914089347079038,5820,FALSE,1,unclear
Areocleome,1,1,FALSE,FALSE,FALSE,FALSE,FALSE,1,116,FALSE,0,endemic
Argentipallium,1,5,FALSE,FALSE,FALSE,FALSE,FALSE,1,3472,FALSE,0,endemic
Argophyllum,1,11,FALSE,TRUE,FALSE,TRUE,FALSE,0.9560723514211886,774,TRUE,3,non-endemic
Argyroglottis,1,1,FALSE,FALSE,FALSE,FALSE,FALSE,1,68,FALSE,0,endemic
Aristotelia,1,2,TRUE,FALSE,FALSE,TRUE,TRUE,0.7937293729372937,2424,TRUE,4,non-endemic
Arnhemia,1,1,FALSE,FALSE,FALSE,FALSE,FALSE,1,208,FALSE,0,endemic
Arnocrinum,1,3,FALSE,FALSE,FALSE,FALSE,FALSE,1,247,FALSE,0,endemic
Arrhenechthites,1,1,FALSE,FALSE,FALSE,TRUE,TRUE,0.9555125725338491,1034,TRUE,3,non-endemic
Artabotrys,1,1,FALSE,FALSE,TRUE,TRUE,TRUE,0.43010752688172044,93,TRUE,4,non-endemic
Arthragrostis,1,4,FALSE,FALSE,FALSE,FALSE,FALSE,1,59,FALSE,0,endemic
Arthropodium,1,7,TRUE,TRUE,FALSE,TRUE,FALSE,0.9830197463916961,36513,TRUE,4,non-endemic
Arthrostylis,1,1,FALSE,FALSE,FALSE,FALSE,FALSE,0.9955396966993756,1121,FALSE,0,endemic
Asperula,1,21,FALSE,FALSE,FALSE,TRUE,TRUE,0.998990359562272,30704,FALSE,2,non-endemic
Astartea,1,22,FALSE,FALSE,FALSE,FALSE,FALSE,0.9946702198534311,1501,FALSE,0,endemic
Asteridea,1,9,FALSE,FALSE,FALSE,FALSE,FALSE,1,1606,FALSE,0,endemic
Asterolasia,1,17,FALSE,FALSE,FALSE,FALSE,FALSE,0.9984152139461173,3786,FALSE,0,endemic
Asterotrichion,1,1,FALSE,FALSE,FALSE,FALSE,FALSE,1,354,FALSE,0,endemic
Astonia,1,1,FALSE,FALSE,FALSE,FALSE,FALSE,1,41,FALSE,0,endemic
Astrebla,1,4,FALSE,FALSE,FALSE,FALSE,FALSE,1,5757,FALSE,0,endemic
Astroloma,1,21,FALSE,FALSE,FALSE,FALSE,FALSE,1,25408,FALSE,0,endemic
Astrotricha,1,19,FALSE,FALSE,FALSE,FALSE,FALSE,1,7475,FALSE,0,endemic
Astus,1,4,FALSE,FALSE,FALSE,FALSE,FALSE,1,137,FALSE,0,endemic
Atherosperma,1,1,FALSE,FALSE,FALSE,FALSE,FALSE,0.9986425339366516,6630,FALSE,0,endemic
Athertonia,1,1,FALSE,FALSE,FALSE,FALSE,FALSE,0.9940476190476191,168,FALSE,0,endemic
Athrotaxis,1,2,FALSE,FALSE,FALSE,FALSE,FALSE,0.9963724304715841,1654,FALSE,0,endemic
Atkinsonia,1,1,FALSE,FALSE,FALSE,FALSE,FALSE,1,220,FALSE,0,endemic
Auranticarpa,1,6,FALSE,FALSE,FALSE,FALSE,FALSE,0.9988505747126437,870,FALSE,0,endemic
Australopyrum,1,3,TRUE,FALSE,FALSE,TRUE,TRUE,0.9368231046931408,1108,TRUE,4,non-endemic
Austrobaileya,1,1,FALSE,FALSE,FALSE,FALSE,FALSE,1,138,FALSE,0,endemic
Austrobryonia,1,4,FALSE,FALSE,FALSE,FALSE,FALSE,0.9946236559139785,558,FALSE,0,endemic
Austrobuxus,1,2,FALSE,TRUE,FALSE,TRUE,TRUE,0.8775731310942578,923,TRUE,4,non-endemic
Austrochloris,1,1,FALSE,FALSE,FALSE,FALSE,FALSE,1,42,FALSE,0,endemic
Austrodolichos,1,1,FALSE,FALSE,FALSE,FALSE,FALSE,0.9958333333333333,240,FALSE,0,endemic
Austromatthaea,1,1,FALSE,FALSE,FALSE,FALSE,FALSE,1,174,FALSE,0,endemic
Austromuellera,1,2,FALSE,FALSE,FALSE,FALSE,FALSE,1,248,FALSE,0,endemic
Austromyrtus,1,3,FALSE,FALSE,FALSE,TRUE,FALSE,0.993421052631579,1520,FALSE,1,unclear
Azanza,1,1,FALSE,FALSE,TRUE,TRUE,TRUE,0.9044943820224719,178,TRUE,4,non-endemic
Babingtonia,1,10,FALSE,FALSE,FALSE,FALSE,FALSE,0.9903846153846154,832,FALSE,0,endemic
Backhousia,1,13,FALSE,FALSE,FALSE,FALSE,FALSE,0.9981396680022896,6988,FALSE,0,endemic
Baileyoxylon,1,1,FALSE,FALSE,FALSE,FALSE,FALSE,1,121,FALSE,0,endemic
Balanops,1,1,FALSE,TRUE,FALSE,TRUE,TRUE,0.9793388429752066,242,TRUE,4,non-endemic
Balaustion,1,1,FALSE,FALSE,FALSE,FALSE,FALSE,1,634,FALSE,0,endemic
Balladonia,1,1,FALSE,FALSE,FALSE,FALSE,FALSE,1,27,FALSE,0,endemic
Ballantinia,1,1,FALSE,FALSE,FALSE,FALSE,FALSE,1,375,FALSE,0,endemic
Baloskion,1,8,FALSE,FALSE,FALSE,FALSE,FALSE,0.9989460124136316,8539,FALSE,0,endemic
Bambusa,1,1,TRUE,FALSE,TRUE,TRUE,TRUE,0.5168195718654435,654,TRUE,5,non-endemic
Barbarea,1,2,TRUE,FALSE,TRUE,TRUE,FALSE,0.6434210526315789,760,TRUE,4,non-endemic
Barklya,1,1,FALSE,FALSE,FALSE,FALSE,FALSE,1,159,FALSE,0,endemic
Barongia,1,1,FALSE,FALSE,FALSE,FALSE,FALSE,1,66,FALSE,0,endemic
Basedowia,1,1,FALSE,FALSE,FALSE,FALSE,FALSE,1,22,FALSE,0,endemic
Bauera,1,4,FALSE,FALSE,FALSE,FALSE,FALSE,0.9993813795236622,9699,FALSE,0,endemic
Baumea,1,1,FALSE,FALSE,FALSE,FALSE,FALSE,0.9522434473567304,22510,TRUE,1,unclear
Baxteria,1,1,FALSE,FALSE,FALSE,FALSE,FALSE,1,62,FALSE,0,endemic
Beaufortia,1,22,FALSE,FALSE,FALSE,FALSE,FALSE,0.9979896611143021,3482,FALSE,0,endemic
Bedfordia,1,3,FALSE,FALSE,FALSE,FALSE,FALSE,0.9995211186667944,10441,FALSE,0,endemic
Bellendena,1,1,FALSE,FALSE,FALSE,FALSE,FALSE,1,1263,FALSE,0,endemic
Bellida,1,1,FALSE,FALSE,FALSE,FALSE,FALSE,1,177,FALSE,0,endemic
Benthamina,1,1,FALSE,FALSE,FALSE,FALSE,FALSE,1,147,FALSE,0,endemic
Bentleya,1,2,FALSE,FALSE,FALSE,FALSE,FALSE,1,48,FALSE,0,endemic
Berberidopsis,1,1,FALSE,FALSE,FALSE,TRUE,FALSE,0.956989247311828,279,TRUE,2,non-endemic
Bertya,1,28,FALSE,FALSE,FALSE,FALSE,FALSE,1,3414,FALSE,0,endemic
Beyeria,1,24,FALSE,FALSE,FALSE,FALSE,FALSE,1,13341,FALSE,0,endemic
Billardiera,1,23,FALSE,FALSE,TRUE,TRUE,FALSE,0.999786167407161,42089,FALSE,2,non-endemic
Biophytum,1,1,FALSE,FALSE,FALSE,TRUE,TRUE,0.631578947368421,57,TRUE,3,non-endemic
Blackallia,1,1,FALSE,FALSE,FALSE,FALSE,FALSE,1,33,FALSE,0,endemic
Blancoa,1,1,FALSE,FALSE,FALSE,FALSE,FALSE,1,236,FALSE,0,endemic
Blandfordia,1,4,FALSE,FALSE,FALSE,FALSE,FALSE,0.999569151227919,2321,FALSE,0,endemic
Bleasdalea,1,1,FALSE,FALSE,FALSE,TRUE,TRUE,0.9421052631578948,190,TRUE,3,non-endemic
Blennodia,1,2,FALSE,FALSE,FALSE,FALSE,FALSE,1,791,FALSE,0,endemic
Blennospora,1,3,FALSE,FALSE,FALSE,FALSE,FALSE,1,1965,FALSE,0,endemic
Blepharocarya,1,2,FALSE,FALSE,FALSE,FALSE,FALSE,1,547,FALSE,0,endemic
Bobea,1,1,FALSE,FALSE,FALSE,TRUE,FALSE,0.92,125,TRUE,2,non-endemic
Boea,1,2,FALSE,FALSE,FALSE,TRUE,TRUE,0.8347826086956521,230,TRUE,3,non-endemic
Bonamia,1,16,FALSE,FALSE,TRUE,TRUE,TRUE,0.9996971532404604,3302,FALSE,3,non-endemic
Boronia,1,152,FALSE,TRUE,FALSE,TRUE,FALSE,0.9996675605593848,45121,FALSE,2,non-endemic
Borya,1,12,FALSE,FALSE,FALSE,FALSE,FALSE,0.9990583804143126,2124,FALSE,0,endemic
Bosistoa,1,4,FALSE,FALSE,FALSE,FALSE,FALSE,1,1061,FALSE,0,endemic
Bossiaea,1,79,FALSE,FALSE,FALSE,FALSE,FALSE,0.9999786543715847,46848,FALSE,0,endemic
Bouchardatia,1,1,FALSE,FALSE,FALSE,TRUE,FALSE,1,319,FALSE,1,unclear
Bowenia,1,2,FALSE,FALSE,FALSE,FALSE,FALSE,0.9883720930232558,516,TRUE,1,unclear
Brachyloma,1,16,FALSE,FALSE,FALSE,FALSE,FALSE,1,20082,FALSE,0,endemic
Brachypeza,1,1,FALSE,FALSE,FALSE,TRUE,TRUE,1,10,FALSE,2,non-endemic
Brachyscias,1,1,FALSE,FALSE,FALSE,FALSE,FALSE,1,14,FALSE,0,endemic
Brachysola,1,2,FALSE,FALSE,FALSE,FALSE,FALSE,1,103,FALSE,0,endemic
Brackenridgea,1,1,FALSE,FALSE,TRUE,TRUE,TRUE,0.9195402298850575,174,TRUE,4,non-endemic
Brassiantha,1,1,FALSE,FALSE,FALSE,TRUE,TRUE,0.9347826086956522,46,TRUE,3,non-endemic
Brombya,1,2,FALSE,FALSE,FALSE,FALSE,FALSE,1,244,FALSE,0,endemic
Brunonia,1,1,FALSE,FALSE,FALSE,FALSE,FALSE,1,9244,FALSE,0,endemic
Bubbia,1,4,FALSE,FALSE,FALSE,FALSE,TRUE,0.7721943048576214,597,TRUE,2,non-endemic
Buckinghamia,1,2,FALSE,FALSE,FALSE,FALSE,FALSE,0.9809782608695652,368,TRUE,1,unclear
Bulbine,1,7,TRUE,FALSE,TRUE,TRUE,FALSE,0.9980401198985474,17348,FALSE,3,non-endemic
Burchardia,1,6,FALSE,FALSE,FALSE,FALSE,FALSE,1,20174,FALSE,0,endemic
Burnettia,1,1,FALSE,FALSE,FALSE,FALSE,FALSE,1,409,FALSE,0,endemic
Bursaria,1,8,FALSE,FALSE,FALSE,FALSE,FALSE,0.9999078383484632,43402,FALSE,0,endemic
Cadellia,1,1,FALSE,FALSE,FALSE,FALSE,FALSE,0.9939271255060729,494,FALSE,0,endemic
Cadetia,1,6,FALSE,FALSE,FALSE,FALSE,TRUE,0.6136363636363636,308,TRUE,2,non-endemic
Calamphoreus,1,1,FALSE,FALSE,FALSE,FALSE,FALSE,1,49,FALSE,0,endemic
Calandrinia,1,56,TRUE,FALSE,TRUE,TRUE,TRUE,0.9951951627706095,18523,FALSE,4,non-endemic
Calectasia,1,15,FALSE,FALSE,FALSE,FALSE,FALSE,1,1501,FALSE,0,endemic
Callicoma,1,1,FALSE,FALSE,FALSE,FALSE,FALSE,0.9971234846928293,4867,FALSE,0,endemic
Callipteris,1,1,FALSE,FALSE,FALSE,TRUE,FALSE,0.40625,192,TRUE,2,non-endemic
Callistachys,1,1,TRUE,FALSE,FALSE,TRUE,FALSE,0.8797814207650273,549,TRUE,3,non-endemic
Calocephalus,1,12,FALSE,FALSE,FALSE,TRUE,FALSE,1,10789,FALSE,1,unclear
Calomeria,1,1,FALSE,FALSE,FALSE,TRUE,FALSE,0.9946949602122016,754,FALSE,1,unclear
Calorophus,1,2,FALSE,FALSE,FALSE,FALSE,FALSE,1,578,FALSE,0,endemic
Calostemma,1,3,FALSE,FALSE,FALSE,FALSE,FALSE,1,2009,FALSE,0,endemic
Calothamnus,1,41,FALSE,FALSE,TRUE,FALSE,FALSE,0.9986559139784946,5952,FALSE,1,unclear
Calotis,1,26,TRUE,FALSE,FALSE,TRUE,FALSE,0.9989521906525659,41038,FALSE,2,non-endemic
Calycopeplus,1,5,FALSE,FALSE,FALSE,FALSE,FALSE,1,588,FALSE,0,endemic
Calyptochloa,1,3,FALSE,FALSE,FALSE,FALSE,FALSE,1,120,FALSE,0,endemic
Calytrix,1,86,FALSE,FALSE,FALSE,FALSE,FALSE,0.9998496783115868,33262,FALSE,0,endemic
Camonea,1,1,FALSE,FALSE,FALSE,TRUE,FALSE,0.8421052631578947,38,TRUE,2,non-endemic
Campynema,1,1,FALSE,FALSE,FALSE,FALSE,FALSE,1,251,FALSE,0,endemic
Cardwellia,1,1,FALSE,FALSE,FALSE,FALSE,FALSE,1,265,FALSE,0,endemic
Carinavalva,1,1,FALSE,FALSE,FALSE,FALSE,FALSE,1,14,FALSE,0,endemic
Carmichaelia,1,1,TRUE,FALSE,FALSE,TRUE,FALSE,0.021908763505402162,3332,TRUE,3,non-endemic
Carnarvonia,1,1,FALSE,FALSE,FALSE,FALSE,FALSE,1,331,FALSE,0,endemic
Carpentaria,1,1,FALSE,FALSE,FALSE,FALSE,FALSE,1,756,FALSE,0,endemic
Carronia,1,3,FALSE,FALSE,FALSE,TRUE,TRUE,0.995398773006135,652,FALSE,2,non-endemic
Caryota,1,1,FALSE,FALSE,FALSE,TRUE,TRUE,0.624390243902439,205,TRUE,3,non-endemic
Cassia,1,4,FALSE,TRUE,TRUE,TRUE,TRUE,0.8412596401028277,1556,TRUE,5,non-endemic
Cassinia,1,46,FALSE,FALSE,FALSE,TRUE,FALSE,0.9998055357490114,61708,FALSE,1,unclear
Castanospora,1,1,FALSE,FALSE,FALSE,FALSE,FALSE,1,380,FALSE,0,endemic
Catacolea,1,1,FALSE,FALSE,FALSE,FALSE,FALSE,1,20,FALSE,0,endemic
Catalepidia,1,1,FALSE,FALSE,FALSE,FALSE,FALSE,1,134,FALSE,0,endemic
Caustis,1,7,FALSE,FALSE,FALSE,FALSE,FALSE,1,10837,FALSE,0,endemic
Celmisia,1,8,TRUE,FALSE,FALSE,TRUE,FALSE,0.47412833827893175,10784,TRUE,3,non-endemic
Cenarrhenes,1,1,FALSE,FALSE,FALSE,FALSE,FALSE,1,1768,FALSE,0,endemic
Centratherum,1,1,FALSE,FALSE,FALSE,TRUE,TRUE,0.9692307692307692,650,TRUE,3,non-endemic
Centropappus,1,1,FALSE,FALSE,FALSE,FALSE,FALSE,1,128,FALSE,0,endemic
Cephalaralia,1,1,FALSE,FALSE,FALSE,FALSE,FALSE,1,1410,FALSE,0,endemic
Cephalipterum,1,1,FALSE,FALSE,FALSE,FALSE,FALSE,1,1086,FALSE,0,endemic
Cephalosorus,1,1,FALSE,FALSE,FALSE,FALSE,FALSE,1,47,FALSE,0,endemic
Cephalotus,1,1,FALSE,FALSE,FALSE,FALSE,FALSE,0.990909090909091,110,FALSE,0,endemic
Ceratogyne,1,1,FALSE,FALSE,FALSE,FALSE,FALSE,1,333,FALSE,0,endemic
Chaetanthus,1,3,FALSE,FALSE,FALSE,FALSE,FALSE,1,541,FALSE,0,endemic
Chamaeraphis,1,1,FALSE,FALSE,FALSE,FALSE,FALSE,0.9904761904761905,105,FALSE,0,endemic
Chamaescilla,1,5,FALSE,FALSE,FALSE,FALSE,FALSE,1,7054,FALSE,0,endemic
Chamaexeros,1,4,FALSE,FALSE,FALSE,FALSE,FALSE,1,431,FALSE,0,endemic
Chamelaucium,1,11,FALSE,FALSE,FALSE,TRUE,FALSE,0.9948453608247423,2134,FALSE,1,unclear
Cheilocostus,1,1,FALSE,FALSE,FALSE,TRUE,TRUE,0.5543478260869565,92,TRUE,3,non-endemic
Cheiranthera,1,10,FALSE,FALSE,FALSE,FALSE,FALSE,0.9997015816174276,3351,FALSE,0,endemic
Chenopodium,1,9,TRUE,FALSE,TRUE,TRUE,TRUE,0.9375199687599843,28169,TRUE,5,non-endemic
Cheyniana,1,2,FALSE,FALSE,FALSE,FALSE,FALSE,1,131,FALSE,0,endemic
Chiloschista,1,1,FALSE,FALSE,FALSE,TRUE,TRUE,1,83,FALSE,2,non-endemic
Chingia,1,1,FALSE,FALSE,FALSE,TRUE,TRUE,0.4507042253521127,71,TRUE,3,non-endemic
Chionochloa,1,2,TRUE,FALSE,FALSE,TRUE,FALSE,0.09276729559748427,1908,TRUE,3,non-endemic
Chlaenosciadium,1,1,FALSE,FALSE,FALSE,FALSE,FALSE,1,30,FALSE,0,endemic
Chloanthes,1,4,FALSE,FALSE,FALSE,FALSE,FALSE,1,1680,FALSE,0,endemic
Chondropyxis,1,1,FALSE,FALSE,FALSE,FALSE,FALSE,1,31,FALSE,0,endemic
Chordifex,1,20,FALSE,FALSE,FALSE,FALSE,FALSE,1,3445,FALSE,0,endemic
Choretrum,1,7,FALSE,FALSE,FALSE,FALSE,FALSE,1,4021,FALSE,0,endemic
Chorilaena,1,1,FALSE,FALSE,FALSE,FALSE,FALSE,1,559,FALSE,0,endemic
Chorizema,1,25,FALSE,FALSE,FALSE,TRUE,FALSE,0.9990852961353762,4373,FALSE,1,unclear
Chrysitrix,1,1,FALSE,FALSE,TRUE,TRUE,FALSE,0.9789473684210527,95,TRUE,3,non-endemic
Chrysocephalum,1,9,FALSE,FALSE,FALSE,FALSE,FALSE,0.9999477001124447,38241,FALSE,0,endemic
Chthonocephalus,1,7,FALSE,FALSE,FALSE,FALSE,FALSE,1,1194,FALSE,0,endemic
Citronella,1,2,FALSE,TRUE,FALSE,TRUE,TRUE,0.9699312714776632,1164,TRUE,4,non-endemic
Citrus,1,6,FALSE,TRUE,FALSE,TRUE,TRUE,0.9124505059392873,2273,TRUE,4,non-endemic
Clausospicula,1,1,FALSE,FALSE,FALSE,FALSE,FALSE,1,17,FALSE,0,endemic
Clematicissus,1,2,FALSE,FALSE,FALSE,TRUE,FALSE,0.9994967287367891,1987,FALSE,1,unclear
Clitoria,1,1,FALSE,FALSE,TRUE,TRUE,TRUE,0.8435754189944135,1074,TRUE,4,non-endemic
Coatesia,1,1,FALSE,FALSE,FALSE,FALSE,FALSE,1,273,FALSE,0,endemic
Codariocalyx,1,1,FALSE,FALSE,FALSE,TRUE,TRUE,0,33,TRUE,3,non-endemic
Codonocarpus,1,3,FALSE,FALSE,FALSE,FALSE,FALSE,1,1936,FALSE,0,endemic
Coix,1,1,FALSE,FALSE,TRUE,TRUE,TRUE,0.235,200,TRUE,4,non-endemic
Coleanthera,1,2,FALSE,FALSE,FALSE,FALSE,FALSE,1,41,FALSE,0,endemic
Coleocarya,1,1,FALSE,FALSE,FALSE,FALSE,FALSE,1,297,FALSE,0,endemic
Coleocoma,1,1,FALSE,FALSE,FALSE,FALSE,FALSE,1,44,FALSE,0,endemic
Colysis,1,1,FALSE,FALSE,FALSE,FALSE,TRUE,0.9241706161137441,211,TRUE,2,non-endemic
Comesperma,1,33,FALSE,FALSE,FALSE,FALSE,FALSE,0.9993915097716372,27938,FALSE,0,endemic
Conospermum,1,52,FALSE,FALSE,FALSE,FALSE,FALSE,0.9996894168801925,12879,FALSE,0,endemic
Conostephium,1,12,FALSE,FALSE,FALSE,FALSE,FALSE,1,1642,FALSE,0,endemic
Conostylis,1,45,FALSE,FALSE,FALSE,FALSE,FALSE,0.9981865578601383,8823,FALSE,0,endemic
Conothamnus,1,3,FALSE,FALSE,FALSE,FALSE,FALSE,1,261,FALSE,0,endemic
Convolvulus,1,11,TRUE,FALSE,TRUE,TRUE,TRUE,0.986740154964454,25038,TRUE,5,non-endemic
Cooktownia,1,1,FALSE,FALSE,FALSE,FALSE,FALSE,1,9,FALSE,0,endemic
Coopernookia,1,6,FALSE,FALSE,FALSE,FALSE,FALSE,1,1487,FALSE,0,endemic
Corokia,1,2,TRUE,FALSE,FALSE,TRUE,FALSE,0.35737704918032787,915,TRUE,3,non-endemic
Coronidium,1,21,FALSE,FALSE,FALSE,FALSE,FALSE,1,26773,FALSE,0,endemic
Correa,1,11,FALSE,FALSE,FALSE,TRUE,FALSE,0.9983558385223535,28586,FALSE,1,unclear
Corsia,1,1,FALSE,FALSE,FALSE,TRUE,TRUE,0.5,66,TRUE,3,non-endemic
Corynanthera,1,1,FALSE,FALSE,FALSE,FALSE,FALSE,1,32,FALSE,0,endemic
Corynotheca,1,6,FALSE,FALSE,FALSE,FALSE,FALSE,0.9989594172736732,961,FALSE,0,endemic
Cosmelia,1,1,FALSE,FALSE,FALSE,FALSE,FALSE,1,129,FALSE,0,endemic
Cossinia,1,1,FALSE,TRUE,FALSE,TRUE,FALSE,0.95,60,TRUE,3,non-endemic
Craspedia,1,19,TRUE,FALSE,FALSE,TRUE,FALSE,0.8380281690140845,16756,TRUE,3,non-endemic
Cratystylis,1,4,FALSE,FALSE,FALSE,FALSE,FALSE,1,1453,FALSE,0,endemic
Cremnothamnus,1,1,FALSE,FALSE,FALSE,FALSE,FALSE,1,216,FALSE,0,endemic
Crenidium,1,1,FALSE,FALSE,FALSE,FALSE,FALSE,1,27,FALSE,0,endemic
Cressa,1,1,FALSE,FALSE,FALSE,TRUE,FALSE,0.9986072423398329,2154,FALSE,1,unclear
Crispiloba,1,1,FALSE,FALSE,FALSE,FALSE,FALSE,1,132,FALSE,0,endemic
Cristonia,1,2,FALSE,FALSE,FALSE,FALSE,FALSE,1,202,FALSE,0,endemic
Croninia,1,1,FALSE,FALSE,FALSE,FALSE,FALSE,1,77,FALSE,0,endemic
Crosslandia,1,1,FALSE,FALSE,FALSE,FALSE,FALSE,1,226,FALSE,0,endemic
Crowea,1,3,FALSE,FALSE,FALSE,FALSE,FALSE,0.9991673605328892,2402,FALSE,0,endemic
Cryptandra,1,56,FALSE,FALSE,FALSE,FALSE,FALSE,0.9987033788421936,13111,FALSE,0,endemic
Ctenopteris,1,1,FALSE,FALSE,TRUE,FALSE,TRUE,0.03896103896103896,385,TRUE,3,non-endemic
Cuphonotus,1,2,FALSE,FALSE,FALSE,FALSE,FALSE,1,469,FALSE,0,endemic
Curculigo,1,1,FALSE,TRUE,FALSE,TRUE,TRUE,0.9272727272727272,330,TRUE,4,non-endemic
Cuttsia,1,1,FALSE,FALSE,FALSE,FALSE,FALSE,1,671,FALSE,0,endemic
Cyanicula,1,10,FALSE,FALSE,FALSE,FALSE,FALSE,1,3651,FALSE,0,endemic
Cyanostegia,1,5,FALSE,FALSE,FALSE,FALSE,FALSE,1,662,FALSE,0,endemic
Cyathochaeta,1,6,FALSE,FALSE,FALSE,FALSE,FALSE,1,5499,FALSE,0,endemic
Cyathodes,1,3,FALSE,FALSE,FALSE,TRUE,FALSE,0.9916286149162862,2628,FALSE,1,unclear
Cyathostemon,1,6,FALSE,FALSE,FALSE,FALSE,FALSE,0.9975308641975309,405,FALSE,0,endemic
Cymbidium,1,3,FALSE,FALSE,TRUE,TRUE,TRUE,0.9988774135608441,4454,FALSE,3,non-endemic
Cymbonotus,1,3,FALSE,FALSE,FALSE,FALSE,FALSE,1,10600,FALSE,0,endemic
Cynodon,1,4,TRUE,TRUE,TRUE,TRUE,TRUE,0.9894202808884489,32326,TRUE,6,non-endemic
Cyphanthera,1,9,FALSE,FALSE,FALSE,FALSE,FALSE,0.9993834771886559,1622,FALSE,0,endemic
Cypselocarpus,1,1,FALSE,FALSE,FALSE,FALSE,FALSE,1,39,FALSE,0,endemic
Cyrtandra,1,1,FALSE,TRUE,FALSE,TRUE,TRUE,0.16901408450704225,497,TRUE,4,non-endemic
Cyrtostylis,1,4,TRUE,FALSE,FALSE,TRUE,FALSE,0.9700941480524276,5417,TRUE,3,non-endemic
Cytogonidium,1,1,FALSE,FALSE,FALSE,FALSE,FALSE,1,120,FALSE,0,endemic
Dactyliophora,1,1,FALSE,FALSE,FALSE,TRUE,TRUE,0.32,50,TRUE,3,non-endemic
Dactyloctenium,1,2,FALSE,FALSE,TRUE,TRUE,TRUE,0.9799675148890092,5541,TRUE,4,non-endemic
Dallwatsonia,1,1,FALSE,FALSE,FALSE,FALSE,FALSE,1,6,FALSE,0,endemic
Damasonium,1,1,FALSE,FALSE,FALSE,TRUE,FALSE,0.9964788732394366,1704,FALSE,1,unclear
Dampiera,1,68,FALSE,FALSE,FALSE,FALSE,FALSE,1,30492,FALSE,0,endemic
Dansiea,1,2,FALSE,FALSE,FALSE,FALSE,FALSE,1,61,FALSE,0,endemic
Daphnandra,1,6,FALSE,FALSE,FALSE,FALSE,FALSE,1,2820,FALSE,0,endemic
Darlingia,1,2,FALSE,FALSE,FALSE,FALSE,FALSE,1,319,FALSE,0,endemic
Darwinia,1,51,FALSE,FALSE,FALSE,FALSE,FALSE,0.9996167113836719,10436,FALSE,0,endemic
Dasymalla,1,5,FALSE,FALSE,FALSE,FALSE,FALSE,1,639,FALSE,0,endemic
Dasypogon,1,3,FALSE,FALSE,FALSE,FALSE,FALSE,1,1358,FALSE,0,endemic
Davidsonia,1,3,FALSE,FALSE,FALSE,FALSE,FALSE,0.995417048579285,1091,FALSE,0,endemic
Daviesia,1,131,FALSE,FALSE,FALSE,FALSE,FALSE,0.9999666599986664,59988,FALSE,0,endemic
Debregeasia,1,1,TRUE,FALSE,FALSE,TRUE,TRUE,0.39263803680981596,163,TRUE,4,non-endemic
Decaschistia,1,3,FALSE,FALSE,FALSE,TRUE,TRUE,0.9935897435897436,156,FALSE,2,non-endemic
Decazesia,1,1,FALSE,FALSE,FALSE,FALSE,FALSE,1,39,FALSE,0,endemic
Delarbrea,1,1,FALSE,TRUE,FALSE,TRUE,TRUE,0.896551724137931,261,TRUE,4,non-endemic
Demorchis,1,2,FALSE,FALSE,FALSE,FALSE,FALSE,1,14,FALSE,0,endemic
Dendroconche,1,1,FALSE,FALSE,FALSE,FALSE,FALSE,1,217,FALSE,0,endemic
Denhamia,1,13,FALSE,TRUE,FALSE,TRUE,TRUE,0.9996752719597337,12318,FALSE,3,non-endemic
Dennstaedtia,1,1,TRUE,FALSE,FALSE,TRUE,TRUE,0.7688130333591932,1289,TRUE,4,non-endemic
Desmocladus,1,23,FALSE,FALSE,FALSE,FALSE,FALSE,1,3816,FALSE,0,endemic
Desmodiopsis,1,1,FALSE,FALSE,FALSE,FALSE,FALSE,1,41,FALSE,0,endemic
Desmos,1,3,FALSE,FALSE,FALSE,TRUE,TRUE,0.8514851485148515,404,TRUE,3,non-endemic
Diaspasis,1,1,FALSE,FALSE,FALSE,FALSE,FALSE,1,89,FALSE,0,endemic
Dicarpidium,1,1,FALSE,FALSE,FALSE,FALSE,FALSE,1,123,FALSE,0,endemic
Dichopogon,1,3,FALSE,FALSE,FALSE,FALSE,TRUE,1,652,FALSE,1,unclear
Dichosciadium,1,1,FALSE,FALSE,FALSE,FALSE,FALSE,1,253,FALSE,0,endemic
Dichromochlamys,1,1,FALSE,FALSE,FALSE,FALSE,FALSE,1,257,FALSE,0,endemic
Dicksonia,1,3,TRUE,TRUE,TRUE,TRUE,TRUE,0.8974818066304725,17314,TRUE,6,non-endemic
Dicladanthera,1,2,FALSE,FALSE,FALSE,FALSE,FALSE,1,113,FALSE,0,endemic
Dicrastylis,1,31,FALSE,FALSE,FALSE,FALSE,FALSE,1,3438,FALSE,0,endemic
Didymanthus,1,1,FALSE,FALSE,FALSE,FALSE,FALSE,1,238,FALSE,0,endemic
Dielitzia,1,1,FALSE,FALSE,FALSE,FALSE,FALSE,1,101,FALSE,0,endemic
Dielsia,1,1,FALSE,FALSE,FALSE,FALSE,FALSE,1,95,FALSE,0,endemic
Dielsiodoxa,1,5,FALSE,FALSE,FALSE,FALSE,FALSE,1,252,FALSE,0,endemic
Dienia,1,6,FALSE,FALSE,FALSE,TRUE,TRUE,0.9918032786885246,244,FALSE,2,non-endemic
Dietes,1,1,TRUE,FALSE,TRUE,TRUE,FALSE,0.952,500,TRUE,4,non-endemic
Dillwynia,1,29,FALSE,FALSE,FALSE,FALSE,FALSE,0.9999624680978833,53288,FALSE,0,endemic
Dimocarpus,1,1,FALSE,FALSE,FALSE,TRUE,TRUE,0.897196261682243,107,TRUE,3,non-endemic
Dimorphocoma,1,1,FALSE,FALSE,FALSE,FALSE,FALSE,1,63,FALSE,0,endemic
Dinghoua,1,1,FALSE,FALSE,FALSE,FALSE,FALSE,1,84,FALSE,0,endemic
Dinosperma,1,4,FALSE,FALSE,FALSE,FALSE,FALSE,1,596,FALSE,0,endemic
Diocirea,1,4,FALSE,FALSE,FALSE,FALSE,FALSE,1,53,FALSE,0,endemic
Diodontium,1,1,FALSE,FALSE,FALSE,FALSE,FALSE,1,7,FALSE,0,endemic
Diplarrena,1,2,FALSE,FALSE,FALSE,FALSE,FALSE,1,3242,FALSE,0,endemic
Diplaspis,1,3,FALSE,FALSE,FALSE,FALSE,FALSE,1,629,FALSE,0,endemic
Diplatia,1,3,FALSE,FALSE,FALSE,FALSE,FALSE,1,494,FALSE,0,endemic
Diplocaulobium,1,1,FALSE,FALSE,FALSE,FALSE,TRUE,0.33430232558139533,344,TRUE,2,non-endemic
Diplolaena,1,15,FALSE,FALSE,FALSE,FALSE,FALSE,1,1139,FALSE,0,endemic
Diplopeltis,1,5,FALSE,FALSE,FALSE,FALSE,FALSE,1,887,FALSE,0,endemic
Dipteracanthus,1,3,FALSE,FALSE,TRUE,TRUE,FALSE,0.943030303030303,825,TRUE,3,non-endemic
Discaria,1,2,TRUE,FALSE,FALSE,TRUE,FALSE,0.9172970247100353,1983,TRUE,3,non-endemic
Diselma,1,1,FALSE,FALSE,FALSE,FALSE,FALSE,0.9953051643192489,426,FALSE,0,endemic
Disphyma,1,1,TRUE,FALSE,TRUE,TRUE,FALSE,0.9525542133605006,6871,TRUE,4,non-endemic
Dissiliaria,1,5,FALSE,FALSE,FALSE,FALSE,FALSE,1,409,FALSE,0,endemic
Dissocarpus,1,4,FALSE,FALSE,FALSE,FALSE,FALSE,1,8058,FALSE,0,endemic
Distichlis,1,1,FALSE,FALSE,FALSE,TRUE,FALSE,0.9957924263674615,4278,FALSE,1,unclear
Dithyrostegia,1,2,FALSE,FALSE,FALSE,FALSE,FALSE,1,41,FALSE,0,endemic
Diuris,1,99,FALSE,FALSE,FALSE,TRUE,TRUE,1,49186,FALSE,2,non-endemic
Dockrillia,1,20,FALSE,FALSE,FALSE,FALSE,FALSE,0.9893521025085724,5541,TRUE,1,unclear
Doryanthes,1,2,FALSE,FALSE,FALSE,FALSE,FALSE,0.9978891820580474,3790,FALSE,0,endemic
Doryphora,1,2,FALSE,FALSE,FALSE,FALSE,FALSE,0.9997541185148758,4067,FALSE,0,endemic
Drabastrum,1,1,FALSE,FALSE,FALSE,FALSE,FALSE,1,125,FALSE,0,endemic
Dracophyllum,1,7,TRUE,TRUE,FALSE,TRUE,FALSE,0.2603099225193702,8002,TRUE,4,non-endemic
Drakaea,1,10,FALSE,FALSE,FALSE,FALSE,FALSE,1,1203,FALSE,0,endemic
Drummondita,1,10,FALSE,FALSE,FALSE,FALSE,FALSE,1,514,FALSE,0,endemic
Dryadodaphne,1,1,FALSE,FALSE,FALSE,TRUE,TRUE,0.6470588235294118,136,TRUE,3,non-endemic
Drymoanthus,1,1,TRUE,TRUE,FALSE,TRUE,FALSE,0.07692307692307693,234,TRUE,4,non-endemic
Drymophila,1,2,FALSE,FALSE,FALSE,FALSE,FALSE,1,3890,FALSE,0,endemic
Dryopoa,1,1,FALSE,FALSE,FALSE,FALSE,FALSE,1,823,FALSE,0,endemic
Dubouzetia,1,2,FALSE,TRUE,FALSE,TRUE,TRUE,0.5333333333333333,150,TRUE,4,non-endemic
Duma,1,3,FALSE,FALSE,FALSE,TRUE,FALSE,1,13022,FALSE,1,unclear
Duperreya,1,3,FALSE,FALSE,FALSE,FALSE,FALSE,1,351,FALSE,0,endemic
Durringtonia,1,1,FALSE,FALSE,FALSE,FALSE,FALSE,1,81,FALSE,0,endemic
Ecdeiocolea,1,2,FALSE,FALSE,FALSE,FALSE,FALSE,1,419,FALSE,0,endemic
Echinostephia,1,1,FALSE,FALSE,FALSE,FALSE,FALSE,1,583,FALSE,0,endemic
Eidothea,1,2,FALSE,FALSE,FALSE,FALSE,FALSE,1,345,FALSE,0,endemic
Elachanthus,1,2,FALSE,FALSE,FALSE,FALSE,FALSE,1,399,FALSE,0,endemic
Elacholoma,1,2,FALSE,FALSE,FALSE,FALSE,FALSE,1,501,FALSE,0,endemic
Elattostachys,1,5,FALSE,TRUE,FALSE,TRUE,TRUE,0.9857142857142858,2310,TRUE,4,non-endemic
Elythranthera,1,2,FALSE,FALSE,FALSE,FALSE,FALSE,1,1948,FALSE,0,endemic
Embadium,1,3,FALSE,FALSE,FALSE,FALSE,FALSE,1,62,FALSE,0,endemic
Emblingia,1,1,FALSE,FALSE,FALSE,FALSE,FALSE,1,36,FALSE,0,endemic
Enekbatus,1,10,FALSE,FALSE,FALSE,FALSE,FALSE,1,346,FALSE,0,endemic
Enydra,1,1,FALSE,FALSE,TRUE,TRUE,TRUE,0.9887640449438202,356,TRUE,4,non-endemic
Epacris,1,53,TRUE,FALSE,FALSE,TRUE,FALSE,0.9924736873052272,68028,FALSE,2,non-endemic
Epiblema,1,1,FALSE,FALSE,FALSE,FALSE,FALSE,1,150,FALSE,0,endemic
Epitriche,1,1,FALSE,FALSE,FALSE,FALSE,FALSE,1,24,FALSE,0,endemic
Eremaea,1,14,FALSE,FALSE,FALSE,FALSE,FALSE,1,2230,FALSE,0,endemic
Eremophea,1,2,FALSE,FALSE,FALSE,FALSE,FALSE,1,321,FALSE,0,endemic
Eremophila,1,234,TRUE,FALSE,FALSE,TRUE,FALSE,0.999839039187767,80765,FALSE,2,non-endemic
Eremosyne,1,1,FALSE,FALSE,FALSE,FALSE,FALSE,1,54,FALSE,0,endemic
Eria,1,5,FALSE,TRUE,FALSE,TRUE,TRUE,0.6224489795918368,294,TRUE,4,non-endemic
Erichsenia,1,1,FALSE,FALSE,FALSE,FALSE,FALSE,1,53,FALSE,0,endemic
Ericksonella,1,1,FALSE,FALSE,FALSE,FALSE,FALSE,1,466,FALSE,0,endemic
Ericomyrtus,1,4,FALSE,FALSE,FALSE,FALSE,FALSE,1,870,FALSE,0,endemic
Erigeron,1,1,TRUE,FALSE,TRUE,TRUE,TRUE,0.9699333558551642,32561,TRUE,5,non-endemic
Eriochilus,1,11,FALSE,FALSE,FALSE,FALSE,FALSE,1,6730,FALSE,0,endemic
Eriochiton,1,1,FALSE,FALSE,FALSE,FALSE,FALSE,1,4081,FALSE,0,endemic
Eriochlamys,1,4,FALSE,FALSE,FALSE,FALSE,FALSE,0.9989395546129375,943,FALSE,0,endemic
Eriostemon,1,2,FALSE,FALSE,FALSE,FALSE,FALSE,0.9978463747307968,2786,FALSE,0,endemic
Erodiophyllum,1,2,FALSE,FALSE,FALSE,FALSE,FALSE,1,216,FALSE,0,endemic
Erodium,1,5,FALSE,FALSE,TRUE,TRUE,FALSE,0.9786723220359329,24991,TRUE,3,non-endemic
Erymophyllum,1,5,FALSE,FALSE,FALSE,FALSE,FALSE,1,664,FALSE,0,endemic
Erythrophleum,1,1,FALSE,FALSE,TRUE,TRUE,TRUE,0.9991477756945628,11734,FALSE,3,non-endemic
Erythrorchis,1,1,FALSE,FALSE,FALSE,TRUE,TRUE,1,393,FALSE,2,non-endemic
Erythroxylum,1,2,FALSE,TRUE,TRUE,TRUE,TRUE,0.9199380165289256,1936,TRUE,5,non-endemic
Eschenbachia,1,2,FALSE,FALSE,TRUE,TRUE,FALSE,0.8449612403100775,129,TRUE,3,non-endemic
Ethuliopsis,1,1,FALSE,FALSE,FALSE,FALSE,FALSE,1,352,FALSE,0,endemic
Etlingera,1,1,FALSE,FALSE,FALSE,TRUE,TRUE,0.8235294117647058,102,TRUE,3,non-endemic
Euchilopsis,1,1,FALSE,FALSE,FALSE,FALSE,FALSE,1,267,FALSE,0,endemic
Eucosia,1,1,FALSE,FALSE,FALSE,FALSE,FALSE,0.6216216216216216,37,TRUE,1,unclear
Eucryphia,1,5,FALSE,FALSE,FALSE,TRUE,FALSE,0.9923747276688453,3672,FALSE,1,unclear
Eumachia,1,1,FALSE,TRUE,FALSE,TRUE,FALSE,0.4876847290640394,203,TRUE,3,non-endemic
Euodia,1,2,FALSE,TRUE,FALSE,TRUE,TRUE,0.6133333333333333,225,TRUE,4,non-endemic
Euphrasia,1,20,TRUE,FALSE,FALSE,TRUE,TRUE,0.7948031074203054,11199,TRUE,4,non-endemic
Eurychorda,1,1,FALSE,FALSE,FALSE,FALSE,FALSE,1,3455,FALSE,0,endemic
Euryomyrtus,1,7,FALSE,FALSE,FALSE,FALSE,FALSE,1,4157,FALSE,0,endemic
Eutaxia,1,22,FALSE,FALSE,FALSE,FALSE,FALSE,0.9991565248825159,8299,FALSE,0,endemic
Evandra,1,2,FALSE,FALSE,FALSE,FALSE,FALSE,1,258,FALSE,0,endemic
Everistia,1,1,FALSE,FALSE,FALSE,FALSE,FALSE,0.998158379373849,543,FALSE,0,endemic
Ewartia,1,4,FALSE,FALSE,FALSE,FALSE,FALSE,0.9990366088631984,1038,FALSE,0,endemic
Exocarya,1,1,FALSE,FALSE,FALSE,TRUE,TRUE,0.9968051118210862,313,FALSE,2,non-endemic
Falcataria,1,1,FALSE,FALSE,FALSE,TRUE,TRUE,0.5623268698060941,361,TRUE,3,non-endemic
Feldstonia,1,1,FALSE,FALSE,FALSE,FALSE,FALSE,1,39,FALSE,0,endemic
Fieldia,1,1,FALSE,FALSE,FALSE,FALSE,FALSE,1,2109,FALSE,0,endemic
Fitzwillia,1,1,FALSE,FALSE,FALSE,FALSE,FALSE,1,22,FALSE,0,endemic
Flacourtia,1,1,FALSE,FALSE,TRUE,TRUE,TRUE,0.7334754797441365,469,TRUE,4,non-endemic
Flickingeria,1,3,FALSE,FALSE,FALSE,FALSE,FALSE,0.5769230769230769,78,TRUE,1,unclear
Floydia,1,1,FALSE,FALSE,FALSE,FALSE,FALSE,1,191,FALSE,0,endemic
Fontainea,1,6,FALSE,TRUE,FALSE,TRUE,TRUE,0.9838274932614556,371,TRUE,4,non-endemic
Forstera,1,1,TRUE,FALSE,FALSE,TRUE,FALSE,0.1829121540312876,831,TRUE,3,non-endemic
Franciscodendron,1,1,FALSE,FALSE,FALSE,FALSE,FALSE,1,136,FALSE,0,endemic
Frankenia,1,44,FALSE,FALSE,TRUE,TRUE,FALSE,0.9860952815135628,8774,TRUE,3,non-endemic
Franklandia,1,2,FALSE,FALSE,FALSE,FALSE,FALSE,1,268,FALSE,0,endemic
Galbulimima,1,1,FALSE,FALSE,FALSE,TRUE,TRUE,0.7244094488188977,254,TRUE,3,non-endemic
Gardenia,1,19,FALSE,TRUE,TRUE,TRUE,TRUE,0.9420952982013253,6338,TRUE,5,non-endemic
Gastrolobium,1,110,FALSE,FALSE,FALSE,TRUE,FALSE,0.999000299910027,10003,FALSE,1,unclear
Geleznowia,1,1,FALSE,FALSE,FALSE,FALSE,FALSE,1,491,FALSE,0,endemic
Genoplesium,1,1,FALSE,TRUE,FALSE,TRUE,TRUE,0.9819177011044864,10231,TRUE,4,non-endemic
Gentiana,1,4,FALSE,FALSE,FALSE,TRUE,TRUE,0.16236162361623616,813,TRUE,3,non-endemic
Gentianella,1,14,TRUE,FALSE,FALSE,TRUE,FALSE,0.32955593622348134,7589,TRUE,3,non-endemic
Geococcus,1,1,FALSE,FALSE,FALSE,FALSE,FALSE,1,546,FALSE,0,endemic
Georgeantha,1,1,FALSE,FALSE,FALSE,FALSE,FALSE,0.8518518518518519,81,TRUE,1,unclear
Geosiris,1,1,FALSE,FALSE,FALSE,TRUE,FALSE,1,8,FALSE,1,unclear
Gilberta,1,1,FALSE,FALSE,FALSE,FALSE,FALSE,1,359,FALSE,0,endemic
Gilesia,1,1,FALSE,FALSE,FALSE,FALSE,FALSE,1,127,FALSE,0,endemic
Gilruthia,1,1,FALSE,FALSE,FALSE,FALSE,FALSE,1,161,FALSE,0,endemic
Gingidia,1,3,TRUE,FALSE,FALSE,TRUE,FALSE,0.27716849451645065,1003,TRUE,3,non-endemic
Glischrocaryon,1,5,FALSE,FALSE,FALSE,FALSE,FALSE,0.9997546614327772,4076,FALSE,0,endemic
Glossodia,1,2,FALSE,FALSE,FALSE,FALSE,FALSE,1,11600,FALSE,0,endemic
Glyceria,1,3,TRUE,FALSE,TRUE,TRUE,FALSE,0.7602188606372707,3107,TRUE,4,non-endemic
Glycocystis,1,1,FALSE,FALSE,FALSE,FALSE,FALSE,1,67,FALSE,0,endemic
Glycyrrhiza,1,1,FALSE,FALSE,TRUE,TRUE,TRUE,0.976692066337965,2231,TRUE,4,non-endemic
Gnaphalium,1,2,FALSE,FALSE,TRUE,TRUE,TRUE,0.8880965441579813,1823,TRUE,4,non-endemic
Gnephosis,1,16,FALSE,FALSE,FALSE,FALSE,FALSE,1,5034,FALSE,0,endemic
Gomphrena,1,32,FALSE,FALSE,TRUE,TRUE,TRUE,0.9863110358453289,7086,TRUE,4,non-endemic
Goniothalamus,1,1,FALSE,TRUE,FALSE,TRUE,TRUE,0.4891304347826087,276,TRUE,4,non-endemic
Goodia,1,6,FALSE,FALSE,FALSE,TRUE,FALSE,0.9956529956529957,5291,FALSE,1,unclear
Gossypium,1,17,FALSE,TRUE,TRUE,TRUE,TRUE,0.9681970884658455,4465,TRUE,5,non-endemic
Grammitis,1,4,FALSE,TRUE,TRUE,TRUE,TRUE,0.6024915062287656,883,TRUE,5,non-endemic
Grammosolen,1,2,FALSE,FALSE,FALSE,FALSE,FALSE,1,420,FALSE,0,endemic
Granitites,1,1,FALSE,FALSE,FALSE,FALSE,FALSE,1,42,FALSE,0,endemic
Grastidium,1,5,FALSE,FALSE,FALSE,FALSE,TRUE,0.39789473684210525,475,TRUE,2,non-endemic
Gratwickia,1,1,FALSE,FALSE,FALSE,FALSE,FALSE,1,82,FALSE,0,endemic
Guichenotia,1,17,FALSE,FALSE,FALSE,FALSE,FALSE,1,1315,FALSE,0,endemic
Guilfoylia,1,1,FALSE,FALSE,FALSE,FALSE,FALSE,1,597,FALSE,0,endemic
Gunnera,1,1,TRUE,FALSE,TRUE,TRUE,TRUE,0.1968586387434555,955,TRUE,5,non-endemic
Gunnessia,1,1,FALSE,FALSE,FALSE,FALSE,FALSE,1,49,FALSE,0,endemic
Gunniopsis,1,14,FALSE,FALSE,FALSE,FALSE,FALSE,1,1967,FALSE,0,endemic
Gymnoschoenus,1,2,FALSE,FALSE,FALSE,FALSE,FALSE,1,3701,FALSE,0,endemic
Gymnostachys,1,1,FALSE,FALSE,FALSE,FALSE,FALSE,0.9998126639190709,5338,FALSE,0,endemic
Gymnostoma,1,1,FALSE,TRUE,FALSE,TRUE,TRUE,0.21287128712871287,606,TRUE,4,non-endemic
Gynatrix,1,2,FALSE,FALSE,FALSE,FALSE,FALSE,1,1671,FALSE,0,endemic
Gynura,1,1,FALSE,FALSE,FALSE,TRUE,TRUE,0.8863636363636364,264,TRUE,3,non-endemic
Gyrostemon,1,13,FALSE,FALSE,FALSE,FALSE,FALSE,1,2973,FALSE,0,endemic
Hackelia,1,2,FALSE,FALSE,FALSE,TRUE,TRUE,0.9907514450867052,6055,FALSE,2,non-endemic
Haeckeria,1,2,FALSE,FALSE,FALSE,FALSE,FALSE,1,141,FALSE,0,endemic
Haegiela,1,1,FALSE,FALSE,FALSE,FALSE,FALSE,1,153,FALSE,0,endemic
Hakea,1,151,TRUE,FALSE,TRUE,TRUE,FALSE,0.996427393646257,90970,FALSE,3,non-endemic
Haloragis,1,23,TRUE,TRUE,FALSE,TRUE,FALSE,0.9729659978063101,15499,TRUE,4,non-endemic
Haloragodendron,1,6,FALSE,FALSE,FALSE,FALSE,FALSE,1,602,FALSE,0,endemic
Hannafordia,1,3,FALSE,FALSE,FALSE,FALSE,FALSE,1,543,FALSE,0,endemic
Haptotrichion,1,2,FALSE,FALSE,FALSE,FALSE,FALSE,1,34,FALSE,0,endemic
Harmogia,1,1,FALSE,FALSE,FALSE,FALSE,FALSE,1,966,FALSE,0,endemic
Harmsiodoxa,1,3,FALSE,FALSE,FALSE,FALSE,FALSE,1,2081,FALSE,0,endemic
Harnieria,1,2,FALSE,FALSE,FALSE,FALSE,FALSE,0.9893048128342246,561,TRUE,1,unclear
Hedraianthera,1,1,FALSE,FALSE,FALSE,FALSE,FALSE,1,589,FALSE,0,endemic
Hedycarya,1,2,TRUE,TRUE,FALSE,TRUE,FALSE,0.9275766016713092,5744,TRUE,4,non-endemic
Hedyscepe,1,1,FALSE,FALSE,FALSE,FALSE,FALSE,0.9736842105263158,76,TRUE,1,unclear
Helichrysum,1,4,TRUE,TRUE,TRUE,TRUE,TRUE,0.8180581323438466,8085,TRUE,6,non-endemic
Helipterum,1,1,FALSE,FALSE,FALSE,FALSE,FALSE,0.9884057971014493,345,TRUE,1,unclear
Helmholtzia,1,2,FALSE,FALSE,FALSE,TRUE,TRUE,0.9968847352024922,642,FALSE,2,non-endemic
Hemarthria,1,1,FALSE,FALSE,TRUE,TRUE,TRUE,0.9948914431673053,4698,FALSE,3,non-endemic
Hemiandra,1,9,FALSE,FALSE,FALSE,FALSE,FALSE,1,1693,FALSE,0,endemic
Hemichroa,1,1,FALSE,FALSE,FALSE,FALSE,FALSE,0.94,750,TRUE,1,unclear
Hemigenia,1,53,FALSE,FALSE,FALSE,FALSE,FALSE,1,3704,FALSE,0,endemic
Hemiphora,1,5,FALSE,FALSE,FALSE,FALSE,FALSE,1,461,FALSE,0,endemic
Hemmantia,1,1,FALSE,FALSE,FALSE,FALSE,FALSE,0.5714285714285714,21,TRUE,1,unclear
Hensmania,1,3,FALSE,FALSE,FALSE,FALSE,FALSE,1,170,FALSE,0,endemic
Heterachne,1,3,FALSE,FALSE,FALSE,FALSE,FALSE,1,471,FALSE,0,endemic
Heterozostera,1,3,FALSE,FALSE,FALSE,FALSE,FALSE,0.955585464333782,743,TRUE,1,unclear
Hexaspora,1,1,FALSE,FALSE,FALSE,FALSE,FALSE,1,26,FALSE,0,endemic
Hicksbeachia,1,2,FALSE,FALSE,FALSE,FALSE,FALSE,1,1146,FALSE,0,endemic
Hildegardia,1,1,FALSE,FALSE,FALSE,TRUE,TRUE,0.9666666666666667,30,TRUE,3,non-endemic
Hippocratea,1,1,FALSE,FALSE,TRUE,TRUE,TRUE,0.9693877551020408,490,TRUE,4,non-endemic
Hodgkinsonia,1,1,FALSE,FALSE,FALSE,FALSE,FALSE,0.9985119047619048,672,FALSE,0,endemic
Hodgsoniola,1,1,FALSE,FALSE,FALSE,FALSE,FALSE,0.9393939393939394,66,TRUE,1,unclear
Holcolemma,1,1,FALSE,FALSE,FALSE,TRUE,FALSE,1,25,FALSE,1,unclear
Hollandaea,1,4,FALSE,FALSE,FALSE,FALSE,TRUE,1,202,FALSE,1,unclear
Homalium,1,3,FALSE,TRUE,TRUE,TRUE,TRUE,0.6879562043795621,548,TRUE,5,non-endemic
Homalocalyx,1,11,FALSE,FALSE,FALSE,FALSE,FALSE,1,977,FALSE,0,endemic
Homalosciadium,1,1,FALSE,FALSE,FALSE,FALSE,FALSE,1,586,FALSE,0,endemic
Homalospermum,1,1,FALSE,FALSE,FALSE,FALSE,FALSE,1,278,FALSE,0,endemic
Homopholis,1,1,FALSE,FALSE,FALSE,FALSE,FALSE,1,611,FALSE,0,endemic
Homoranthus,1,31,FALSE,FALSE,FALSE,FALSE,FALSE,1,3352,FALSE,0,endemic
Hookerochloa,1,2,FALSE,FALSE,FALSE,FALSE,FALSE,1,1007,FALSE,0,endemic
Hopkinsia,1,2,FALSE,FALSE,FALSE,FALSE,FALSE,1,92,FALSE,0,endemic
Horsfieldia,1,1,FALSE,FALSE,FALSE,TRUE,TRUE,0.6521739130434783,920,TRUE,3,non-endemic
Hovea,1,38,FALSE,FALSE,FALSE,FALSE,FALSE,0.9999271030762502,27436,FALSE,0,endemic
Howea,1,2,FALSE,FALSE,FALSE,TRUE,FALSE,0.990467111534795,1049,FALSE,1,unclear
Howittia,1,1,FALSE,FALSE,FALSE,FALSE,FALSE,1,900,FALSE,0,endemic
Hullsia,1,1,FALSE,FALSE,FALSE,FALSE,FALSE,1,28,FALSE,0,endemic
Huxleya,1,1,FALSE,FALSE,FALSE,FALSE,FALSE,1,86,FALSE,0,endemic
Hyalochlamys,1,1,FALSE,FALSE,FALSE,FALSE,FALSE,1,245,FALSE,0,endemic
Hyalosperma,1,9,FALSE,FALSE,FALSE,FALSE,FALSE,1,6501,FALSE,0,endemic
Hybanthus,1,8,FALSE,TRUE,TRUE,TRUE,TRUE,0.9936005389019872,11876,FALSE,4,non-endemic
Hygrochloa,1,2,FALSE,FALSE,FALSE,FALSE,FALSE,1,132,FALSE,0,endemic
Hygrophila,1,1,TRUE,FALSE,TRUE,TRUE,TRUE,0.9664855072463768,1104,TRUE,5,non-endemic
Hylandia,1,1,FALSE,FALSE,FALSE,FALSE,FALSE,1,167,FALSE,0,endemic
Hymenachne,1,1,FALSE,FALSE,FALSE,TRUE,TRUE,0.9788608338226659,1703,TRUE,3,non-endemic
Hypocalymma,1,26,FALSE,FALSE,FALSE,FALSE,FALSE,0.99696802646086,3628,FALSE,0,endemic
Hypolaena,1,8,FALSE,FALSE,FALSE,FALSE,FALSE,1,10519,FALSE,0,endemic
Hypsophila,1,2,FALSE,FALSE,FALSE,FALSE,FALSE,1,287,FALSE,0,endemic
Hysterobaeckea,1,11,FALSE,FALSE,FALSE,FALSE,FALSE,0.9997284084736556,3682,FALSE,0,endemic
Idiospermum,1,1,FALSE,FALSE,FALSE,FALSE,FALSE,1,284,FALSE,0,endemic
Illigera,1,1,FALSE,FALSE,FALSE,TRUE,TRUE,0.5,14,TRUE,3,non-endemic
Indagator,1,1,FALSE,FALSE,FALSE,FALSE,FALSE,1,28,FALSE,0,endemic
Iotasperma,1,2,FALSE,FALSE,FALSE,FALSE,FALSE,1,130,FALSE,0,endemic
Irenepharsus,1,3,FALSE,FALSE,FALSE,FALSE,FALSE,1,310,FALSE,0,endemic
Irvingbaileya,1,1,FALSE,FALSE,FALSE,FALSE,FALSE,1,115,FALSE,0,endemic
Iseilema,1,12,FALSE,FALSE,FALSE,TRUE,TRUE,0.9966858152894388,4526,FALSE,2,non-endemic
Isoetopsis,1,1,FALSE,FALSE,FALSE,FALSE,FALSE,0.9997170345217884,3534,FALSE,0,endemic
Isoglossa,1,1,FALSE,FALSE,TRUE,TRUE,FALSE,0.9903846153846154,104,FALSE,2,non-endemic
Isophysis,1,1,FALSE,FALSE,FALSE,FALSE,FALSE,1,310,FALSE,0,endemic
Isopogon,1,38,FALSE,FALSE,FALSE,FALSE,FALSE,0.9996764801035264,18546,FALSE,0,endemic
Isotropis,1,14,FALSE,FALSE,FALSE,FALSE,FALSE,1,2261,FALSE,0,endemic
Ixiochlamys,1,4,FALSE,FALSE,FALSE,FALSE,FALSE,1,936,FALSE,0,endemic
Ixiolaena,1,1,FALSE,FALSE,FALSE,FALSE,FALSE,1,140,FALSE,0,endemic
Ixodia,1,2,FALSE,FALSE,FALSE,FALSE,FALSE,1,3152,FALSE,0,endemic
Jacksonia,1,74,FALSE,FALSE,FALSE,FALSE,FALSE,1,15651,FALSE,0,endemic
Jedda,1,1,FALSE,FALSE,FALSE,FALSE,FALSE,1,24,FALSE,0,endemic
Johnsonia,1,5,FALSE,FALSE,FALSE,FALSE,FALSE,1,943,FALSE,0,endemic
Kalanchoe,1,1,TRUE,FALSE,TRUE,TRUE,FALSE,0.6568627450980392,102,TRUE,4,non-endemic
Kardomia,1,6,FALSE,FALSE,FALSE,FALSE,FALSE,1,502,FALSE,0,endemic
Karrabina,1,2,FALSE,FALSE,FALSE,FALSE,FALSE,1,861,FALSE,0,endemic
Kelita,1,1,FALSE,FALSE,FALSE,FALSE,FALSE,1,2,FALSE,0,endemic
Kennedia,1,13,FALSE,FALSE,FALSE,TRUE,FALSE,0.998563484708063,21580,FALSE,1,unclear
Kingia,1,1,FALSE,FALSE,FALSE,FALSE,FALSE,1,533,FALSE,0,endemic
Kippistia,1,1,FALSE,FALSE,FALSE,FALSE,FALSE,1,344,FALSE,0,endemic
Koeleria,1,1,TRUE,FALSE,TRUE,TRUE,TRUE,0.1488833746898263,403,TRUE,5,non-endemic
Kohautia,1,1,FALSE,FALSE,TRUE,TRUE,TRUE,0.9555555555555556,45,TRUE,4,non-endemic
Kuntheria,1,1,FALSE,FALSE,FALSE,FALSE,FALSE,1,117,FALSE,0,endemic
Labichea,1,14,FALSE,FALSE,FALSE,FALSE,FALSE,1,1524,FALSE,0,endemic
Laccospadix,1,1,FALSE,FALSE,FALSE,FALSE,FALSE,0.9882352941176471,255,TRUE,1,unclear
Lachnostachys,1,6,FALSE,FALSE,FALSE,FALSE,FALSE,0.9986789960369881,757,FALSE,0,endemic
Lagarostrobos,1,1,FALSE,FALSE,FALSE,FALSE,FALSE,0.9876543209876543,648,TRUE,1,unclear
Lagunaria,1,2,TRUE,FALSE,TRUE,TRUE,FALSE,0.9384615384615385,910,TRUE,4,non-endemic
Lamarchea,1,2,FALSE,FALSE,FALSE,FALSE,FALSE,1,159,FALSE,0,endemic
Lambertia,1,10,FALSE,FALSE,FALSE,FALSE,FALSE,0.9997919916796671,9615,FALSE,0,endemic
Lamprolobium,1,2,FALSE,FALSE,FALSE,TRUE,FALSE,1,322,FALSE,1,unclear
Landoltia,1,1,TRUE,FALSE,FALSE,FALSE,FALSE,0.9840670859538784,2385,TRUE,2,non-endemic
Larsenaikia,1,3,FALSE,FALSE,FALSE,FALSE,FALSE,1,1617,FALSE,0,endemic
Lasiopetalum,1,49,FALSE,FALSE,FALSE,FALSE,FALSE,0.9998055609566401,15429,FALSE,0,endemic
Lasjia,1,3,FALSE,FALSE,FALSE,TRUE,TRUE,0.9707792207792207,308,TRUE,3,non-endemic
Latrobea,1,8,FALSE,FALSE,FALSE,FALSE,FALSE,1,438,FALSE,0,endemic
Lawrencella,1,2,FALSE,FALSE,FALSE,FALSE,FALSE,1,1522,FALSE,0,endemic
Lawrencia,1,12,FALSE,FALSE,FALSE,TRUE,FALSE,1,4341,FALSE,1,unclear
Laxmannia,1,13,FALSE,FALSE,FALSE,FALSE,FALSE,1,10587,FALSE,0,endemic
Legnephora,1,1,FALSE,FALSE,FALSE,TRUE,TRUE,0.9937304075235109,1276,FALSE,2,non-endemic
Leiocarpa,1,10,FALSE,FALSE,FALSE,FALSE,FALSE,1,8371,FALSE,0,endemic
Leionema,1,25,TRUE,FALSE,FALSE,TRUE,FALSE,0.967741935483871,6138,TRUE,3,non-endemic
Lemooria,1,1,FALSE,FALSE,FALSE,FALSE,FALSE,1,549,FALSE,0,endemic
Lenbrassia,1,1,FALSE,FALSE,FALSE,FALSE,FALSE,1,212,FALSE,0,endemic
Lenwebbia,1,2,FALSE,FALSE,FALSE,FALSE,FALSE,1,255,FALSE,0,endemic
Lepiderema,1,6,FALSE,FALSE,FALSE,TRUE,TRUE,0.9990875912408759,1096,FALSE,2,non-endemic
Lepidobolus,1,9,FALSE,FALSE,FALSE,FALSE,FALSE,1,2842,FALSE,0,endemic
Lepidorrhachis,1,1,FALSE,FALSE,FALSE,FALSE,FALSE,1,68,FALSE,0,endemic
Lepidozamia,1,2,FALSE,FALSE,FALSE,FALSE,FALSE,0.9960835509138382,766,FALSE,0,endemic
Lepistemon,1,1,FALSE,FALSE,FALSE,TRUE,TRUE,0.8636363636363636,66,TRUE,3,non-endemic
Leporella,1,1,FALSE,FALSE,FALSE,FALSE,FALSE,1,1930,FALSE,0,endemic
Leptocarpus,1,15,FALSE,FALSE,FALSE,FALSE,FALSE,0.9997154779969651,10544,FALSE,0,endemic
Leptoceras,1,1,FALSE,FALSE,FALSE,FALSE,FALSE,1,2395,FALSE,0,endemic
Leptochloa,1,1,FALSE,TRUE,TRUE,TRUE,TRUE,0.8584169453734671,897,TRUE,5,non-endemic
Leptomeria,1,17,FALSE,FALSE,FALSE,FALSE,FALSE,1,6795,FALSE,0,endemic
Leptopteris,1,2,TRUE,TRUE,FALSE,TRUE,TRUE,0.18657817109144542,1356,TRUE,5,non-endemic
Leptorhynchos,1,10,FALSE,FALSE,FALSE,FALSE,FALSE,1,15619,FALSE,0,endemic
Leptosema,1,13,FALSE,FALSE,FALSE,FALSE,FALSE,1,1855,FALSE,0,endemic
Leptostigma,1,2,TRUE,FALSE,FALSE,TRUE,FALSE,0.8715251690458302,1331,TRUE,3,non-endemic
Lepyrodia,1,22,FALSE,FALSE,FALSE,FALSE,FALSE,1,10926,FALSE,0,endemic
Lethedon,1,1,FALSE,TRUE,FALSE,TRUE,FALSE,0.8527131782945736,129,TRUE,3,non-endemic
Leucochrysum,1,6,FALSE,FALSE,FALSE,FALSE,FALSE,1,6848,FALSE,0,endemic
Leucophyta,1,1,FALSE,FALSE,FALSE,FALSE,FALSE,0.9990601503759399,2128,FALSE,0,endemic
Levenhookia,1,11,FALSE,FALSE,FALSE,FALSE,FALSE,1,4295,FALSE,0,endemic
Lilaeopsis,1,2,TRUE,FALSE,FALSE,TRUE,TRUE,0.8545929473225947,2297,TRUE,4,non-endemic
Limonium,1,2,FALSE,TRUE,TRUE,TRUE,TRUE,0.8767371601208459,3310,TRUE,5,non-endemic
Lindernia,1,42,FALSE,TRUE,TRUE,TRUE,TRUE,0.9782276546982429,2618,TRUE,5,non-endemic
Linospadix,1,5,FALSE,FALSE,FALSE,TRUE,TRUE,0.987888198757764,3220,TRUE,3,non-endemic
Linum,1,2,TRUE,FALSE,TRUE,TRUE,FALSE,0.928754735427105,8183,TRUE,4,non-endemic
Lissanthe,1,9,FALSE,FALSE,FALSE,FALSE,FALSE,1,13298,FALSE,0,endemic
Logania,1,22,TRUE,FALSE,FALSE,TRUE,FALSE,0.9995121157911856,6149,FALSE,2,non-endemic
Lomatia,1,9,FALSE,FALSE,FALSE,TRUE,FALSE,0.9990174059517125,28496,FALSE,1,unclear
Lophopetalum,1,1,FALSE,FALSE,FALSE,TRUE,TRUE,0.868421052631579,190,TRUE,3,non-endemic
Lordhowea,1,1,FALSE,FALSE,FALSE,FALSE,FALSE,1,268,FALSE,0,endemic
Loxocarya,1,5,FALSE,FALSE,FALSE,FALSE,FALSE,1,603,FALSE,0,endemic
Luisia,1,2,FALSE,TRUE,FALSE,TRUE,TRUE,0.8387096774193549,62,TRUE,4,non-endemic
Lycium,1,1,TRUE,FALSE,TRUE,TRUE,TRUE,0.9981744336976092,119415,FALSE,4,non-endemic
Lycopus,1,1,FALSE,FALSE,FALSE,TRUE,FALSE,0.9928876244665719,1406,FALSE,1,unclear
Lyginia,1,3,FALSE,FALSE,FALSE,TRUE,FALSE,1,1496,FALSE,1,unclear
Lyperanthus,1,2,FALSE,FALSE,FALSE,FALSE,FALSE,0.9988459319099827,1733,FALSE,0,endemic
Lysiana,1,8,FALSE,FALSE,FALSE,FALSE,FALSE,1,8388,FALSE,0,endemic
Lysicarpus,1,1,FALSE,FALSE,FALSE,FALSE,FALSE,1,631,FALSE,0,endemic
Lysinema,1,6,FALSE,FALSE,FALSE,FALSE,FALSE,0.9995535714285714,2240,FALSE,0,endemic
Lysiosepalum,1,5,FALSE,FALSE,FALSE,FALSE,FALSE,1,283,FALSE,0,endemic
Macarthuria,1,9,FALSE,FALSE,FALSE,FALSE,FALSE,1,966,FALSE,0,endemic
Macgregoria,1,1,FALSE,FALSE,FALSE,FALSE,FALSE,1,247,FALSE,0,endemic
Macropidia,1,1,FALSE,FALSE,FALSE,FALSE,FALSE,1,149,FALSE,0,endemic
Macropteranthes,1,5,FALSE,FALSE,FALSE,FALSE,FALSE,1,925,FALSE,0,endemic
Macrozamia,1,41,FALSE,FALSE,FALSE,FALSE,FALSE,0.9994625100779361,11163,FALSE,0,endemic
Malaccotristicha,1,1,FALSE,FALSE,FALSE,FALSE,FALSE,0.9777777777777777,45,TRUE,1,unclear
Malacocera,1,4,FALSE,FALSE,FALSE,FALSE,FALSE,0.9992625368731564,1356,FALSE,0,endemic
Malleostemon,1,14,FALSE,FALSE,FALSE,FALSE,FALSE,1,905,FALSE,0,endemic
Malva,1,2,TRUE,FALSE,TRUE,TRUE,TRUE,0.9348708093102712,14049,TRUE,5,non-endemic
Malvastrum,1,1,FALSE,FALSE,TRUE,TRUE,TRUE,0.983787090853472,6538,TRUE,4,non-endemic
Marianthus,1,15,FALSE,FALSE,FALSE,FALSE,FALSE,1,2282,FALSE,0,endemic
Maundia,1,1,FALSE,FALSE,FALSE,FALSE,FALSE,1,11197,FALSE,0,endemic
Medinilla,1,1,FALSE,FALSE,FALSE,TRUE,TRUE,0.16923076923076924,520,TRUE,3,non-endemic
Megahertzia,1,1,FALSE,FALSE,FALSE,FALSE,FALSE,1,67,FALSE,0,endemic
Meionectes,1,2,FALSE,FALSE,FALSE,FALSE,FALSE,1,434,FALSE,0,endemic
Melanostachya,1,1,FALSE,FALSE,FALSE,FALSE,FALSE,1,84,FALSE,0,endemic
Melichrus,1,4,FALSE,FALSE,FALSE,FALSE,FALSE,1,15646,FALSE,0,endemic
Menkea,1,6,FALSE,FALSE,FALSE,FALSE,FALSE,1,978,FALSE,0,endemic
Mentha,1,6,TRUE,FALSE,TRUE,TRUE,TRUE,0.9397400185701021,10770,TRUE,5,non-endemic
Meryta,1,2,TRUE,TRUE,FALSE,TRUE,TRUE,0.20748299319727892,294,TRUE,5,non-endemic
Mesomelaena,1,5,FALSE,FALSE,FALSE,FALSE,FALSE,1,2268,FALSE,0,endemic
Mesua,1,1,FALSE,FALSE,FALSE,TRUE,TRUE,0.5495495495495496,111,TRUE,3,non-endemic
Metrosideros,1,2,TRUE,TRUE,TRUE,TRUE,TRUE,0.1389384478144514,4484,TRUE,6,non-endemic
Micraira,1,15,FALSE,FALSE,FALSE,FALSE,FALSE,1,604,FALSE,0,endemic
Micrantheum,1,4,FALSE,FALSE,FALSE,FALSE,FALSE,1,4212,FALSE,0,endemic
Microcachrys,1,1,FALSE,FALSE,FALSE,FALSE,FALSE,1,474,FALSE,0,endemic
Microcorys,1,20,FALSE,FALSE,FALSE,FALSE,FALSE,1,1193,FALSE,0,endemic
Microcybe,1,4,FALSE,FALSE,FALSE,FALSE,FALSE,1,1231,FALSE,0,endemic
Microlepidium,1,2,FALSE,FALSE,FALSE,FALSE,FALSE,1,167,FALSE,0,endemic
Micromyrtus,1,50,FALSE,FALSE,FALSE,FALSE,FALSE,0.9989257419094938,7447,FALSE,0,endemic
Milligania,1,5,FALSE,FALSE,FALSE,FALSE,FALSE,1,562,FALSE,0,endemic
Millotia,1,16,FALSE,FALSE,FALSE,TRUE,FALSE,1,7518,FALSE,1,unclear
Minuria,1,12,FALSE,FALSE,FALSE,FALSE,FALSE,0.9998838289962825,8608,FALSE,0,endemic
Mirbelia,1,29,FALSE,FALSE,FALSE,FALSE,FALSE,1,10455,FALSE,0,endemic
Mitrantia,1,1,FALSE,FALSE,FALSE,FALSE,FALSE,1,46,FALSE,0,endemic
Mitrella,1,1,FALSE,FALSE,FALSE,TRUE,TRUE,0.8859315589353612,263,TRUE,3,non-endemic
Mobilabium,1,1,FALSE,FALSE,FALSE,FALSE,FALSE,1,35,FALSE,0,endemic
Monachather,1,1,FALSE,FALSE,FALSE,FALSE,FALSE,1,2212,FALSE,0,endemic
Monoon,1,3,FALSE,FALSE,FALSE,TRUE,TRUE,0.9676409185803758,958,TRUE,3,non-endemic
Monotaxis,1,8,FALSE,FALSE,FALSE,FALSE,FALSE,1,1936,FALSE,0,endemic
Monotoca,1,11,FALSE,FALSE,FALSE,FALSE,FALSE,1,25201,FALSE,0,endemic
Motherwellia,1,1,FALSE,FALSE,FALSE,FALSE,FALSE,1,77,FALSE,0,endemic
Muelleranthus,1,4,FALSE,FALSE,FALSE,FALSE,FALSE,1,446,FALSE,0,endemic
Muellerolimon,1,1,FALSE,FALSE,FALSE,FALSE,FALSE,1,130,FALSE,0,endemic
Muiriantha,1,1,FALSE,FALSE,FALSE,FALSE,FALSE,1,54,FALSE,0,endemic
Mullerochloa,1,1,FALSE,FALSE,FALSE,FALSE,FALSE,1,56,FALSE,0,endemic
Muniria,1,4,FALSE,FALSE,FALSE,FALSE,FALSE,1,242,FALSE,0,endemic
Musgravea,1,2,FALSE,FALSE,FALSE,FALSE,FALSE,1,234,FALSE,0,endemic
Myosurus,1,1,TRUE,FALSE,TRUE,TRUE,FALSE,0.8135818908122503,751,TRUE,4,non-endemic
Myriocephalus,1,15,FALSE,FALSE,FALSE,TRUE,FALSE,1,2587,FALSE,1,unclear
Nablonium,1,1,FALSE,FALSE,FALSE,FALSE,FALSE,1,213,FALSE,0,endemic
Needhamiella,1,1,FALSE,FALSE,FALSE,FALSE,FALSE,1,143,FALSE,0,endemic
Negria,1,1,FALSE,FALSE,FALSE,FALSE,FALSE,1,76,FALSE,0,endemic
Neisosperma,1,3,FALSE,FALSE,FALSE,FALSE,FALSE,0.850415512465374,361,TRUE,1,unclear
Nelsonia,1,1,FALSE,FALSE,FALSE,TRUE,TRUE,0.9988839285714286,896,FALSE,2,non-endemic
Nematolepis,1,7,FALSE,FALSE,FALSE,FALSE,FALSE,0.9991258741258742,4576,FALSE,0,endemic
Neoastelia,1,1,FALSE,FALSE,FALSE,FALSE,FALSE,1,57,FALSE,0,endemic
Neobassia,1,2,FALSE,FALSE,FALSE,FALSE,FALSE,1,1220,FALSE,0,endemic
Neobyrnesia,1,1,FALSE,FALSE,FALSE,FALSE,FALSE,1,44,FALSE,0,endemic
Neofabricia,1,3,FALSE,FALSE,FALSE,FALSE,FALSE,1,398,FALSE,0,endemic
Neorites,1,1,FALSE,FALSE,FALSE,FALSE,FALSE,1,79,FALSE,0,endemic
Neoroepera,1,2,FALSE,FALSE,FALSE,FALSE,FALSE,1,240,FALSE,0,endemic
Neosciadium,1,1,FALSE,FALSE,FALSE,FALSE,FALSE,1,58,FALSE,0,endemic
Neostrearia,1,1,FALSE,FALSE,FALSE,FALSE,FALSE,1,67,FALSE,0,endemic
Neurachne,1,7,FALSE,FALSE,FALSE,FALSE,FALSE,1,5230,FALSE,0,endemic
Newcastelia,1,9,FALSE,FALSE,FALSE,FALSE,FALSE,1,1197,FALSE,0,endemic
Niemeyera,1,3,FALSE,FALSE,FALSE,FALSE,TRUE,0.9996868639423829,6387,FALSE,1,unclear
Nitraria,1,1,FALSE,FALSE,FALSE,TRUE,TRUE,0.9989574024426572,6714,FALSE,2,non-endemic
Noahdendron,1,1,FALSE,FALSE,FALSE,FALSE,FALSE,1,51,FALSE,0,endemic
Nomismia,1,1,FALSE,FALSE,FALSE,FALSE,FALSE,1,90,FALSE,0,endemic
Normanbya,1,1,FALSE,FALSE,FALSE,FALSE,FALSE,1,106,FALSE,0,endemic
Notelaea,1,12,FALSE,FALSE,FALSE,FALSE,FALSE,0.999903972344035,31241,FALSE,0,endemic
Nothoalsomitra,1,1,FALSE,FALSE,FALSE,FALSE,FALSE,1,98,FALSE,0,endemic
Nothofagus,1,3,TRUE,TRUE,FALSE,TRUE,TRUE,0.6448357461024499,14368,TRUE,5,non-endemic
Nothorites,1,1,FALSE,FALSE,FALSE,FALSE,FALSE,1,65,FALSE,0,endemic
Notisia,1,1,FALSE,FALSE,FALSE,FALSE,FALSE,1,31,FALSE,0,endemic
Notochloe,1,1,FALSE,FALSE,FALSE,FALSE,FALSE,1,105,FALSE,0,endemic
Nuytsia,1,1,FALSE,FALSE,FALSE,FALSE,FALSE,1,2141,FALSE,0,endemic
Nyssanthes,1,4,FALSE,FALSE,FALSE,FALSE,FALSE,1,1249,FALSE,0,endemic
Ochrosperma,1,5,FALSE,FALSE,FALSE,FALSE,FALSE,1,804,FALSE,0,endemic
Odixia,1,2,FALSE,FALSE,FALSE,FALSE,FALSE,1,292,FALSE,0,endemic
Oeceoclades,1,1,FALSE,FALSE,TRUE,FALSE,FALSE,0.8666666666666667,15,TRUE,2,non-endemic
Olearia,1,113,TRUE,FALSE,FALSE,TRUE,TRUE,0.928440418222276,107407,TRUE,4,non-endemic
Oligarrhena,1,1,FALSE,FALSE,FALSE,FALSE,FALSE,1,226,FALSE,0,endemic
Omegandra,1,1,FALSE,FALSE,FALSE,FALSE,FALSE,1,41,FALSE,0,endemic
Omphacomeria,1,1,FALSE,FALSE,FALSE,FALSE,FALSE,1,916,FALSE,0,endemic
Omphalolappula,1,1,FALSE,FALSE,FALSE,FALSE,FALSE,1,1908,FALSE,0,endemic
Opercularia,1,19,FALSE,FALSE,FALSE,FALSE,FALSE,1,31380,FALSE,0,endemic
Ophiorrhiza,1,1,FALSE,FALSE,FALSE,TRUE,TRUE,0.5703703703703704,270,TRUE,3,non-endemic
Opisthiolepis,1,1,FALSE,FALSE,FALSE,FALSE,FALSE,1,166,FALSE,0,endemic
Oraniopsis,1,1,FALSE,FALSE,FALSE,FALSE,FALSE,0.9777777777777777,135,TRUE,1,unclear
Oreomyrrhis,1,7,FALSE,FALSE,FALSE,FALSE,TRUE,0.9260415253087257,7369,TRUE,2,non-endemic
Orianthera,1,13,FALSE,FALSE,FALSE,FALSE,FALSE,1,2461,FALSE,0,endemic
Orites,1,6,FALSE,FALSE,FALSE,TRUE,FALSE,0.9996382709350696,5529,FALSE,1,unclear
Ormosia,1,1,FALSE,FALSE,FALSE,TRUE,TRUE,0.71698113207547165,159,TRUE,3,non-endemic
Ornduffia,1,7,FALSE,FALSE,FALSE,FALSE,FALSE,1,3503,FALSE,0,endemic
Orthrosanthus,1,4,FALSE,FALSE,FALSE,TRUE,FALSE,0.9991334488734835,1154,FALSE,1,unclear
Oschatzia,1,2,FALSE,FALSE,FALSE,FALSE,FALSE,1,373,FALSE,0,endemic
Osteocarpum,1,4,FALSE,FALSE,FALSE,FALSE,FALSE,0.9996752192270217,3079,FALSE,0,endemic
Ostrearia,1,1,FALSE,FALSE,FALSE,FALSE,FALSE,1,122,FALSE,0,endemic
Ourisia,1,1,TRUE,FALSE,FALSE,TRUE,FALSE,0.13689700130378096,1534,TRUE,3,non-endemic
Owenia,1,5,FALSE,FALSE,FALSE,FALSE,FALSE,1,4338,FALSE,0,endemic
Oxychloris,1,1,FALSE,FALSE,FALSE,FALSE,FALSE,1,376,FALSE,0,endemic
Oxylobium,1,5,FALSE,FALSE,FALSE,FALSE,FALSE,1,5209,FALSE,0,endemic
Oxymyrrhine,1,4,FALSE,FALSE,FALSE,FALSE,FALSE,1,76,FALSE,0,endemic
Ozothamnus,1,51,TRUE,TRUE,FALSE,TRUE,FALSE,0.9578219489168431,39191,TRUE,4,non-endemic
Pachycladon,1,1,TRUE,FALSE,FALSE,TRUE,FALSE,0.13126843657817108,678,TRUE,3,non-endemic
Pachymitus,1,1,FALSE,FALSE,FALSE,FALSE,FALSE,1,284,FALSE,0,endemic
Paenula,1,1,FALSE,FALSE,FALSE,FALSE,FALSE,1,1,FALSE,0,endemic
Palaquium,1,1,FALSE,FALSE,FALSE,TRUE,TRUE,0.33161953727506427,389,TRUE,3,non-endemic
Paphia,1,1,FALSE,TRUE,FALSE,TRUE,TRUE,1,131,FALSE,3,non-endemic
Papillilabium,1,1,FALSE,FALSE,FALSE,FALSE,FALSE,1,94,FALSE,0,endemic
Papistylus,1,2,FALSE,FALSE,FALSE,FALSE,FALSE,1,27,FALSE,0,endemic
Pappochroma,1,9,FALSE,FALSE,FALSE,FALSE,FALSE,0.9958643507030603,2418,FALSE,0,endemic
Paraceterach,1,1,FALSE,FALSE,FALSE,FALSE,TRUE,0.9967948717948718,312,FALSE,1,unclear
Paractaenum,1,2,FALSE,FALSE,FALSE,FALSE,FALSE,1,1133,FALSE,0,endemic
Paragonis,1,1,FALSE,FALSE,FALSE,FALSE,FALSE,1,61,FALSE,0,endemic
Paragoodia,1,1,FALSE,FALSE,FALSE,FALSE,FALSE,1,10,FALSE,0,endemic
Paraneurachne,1,1,FALSE,FALSE,FALSE,FALSE,FALSE,1,1107,FALSE,0,endemic
Parantennaria,1,1,FALSE,FALSE,FALSE,FALSE,FALSE,1,131,FALSE,0,endemic
Parapachygone,1,1,FALSE,FALSE,FALSE,FALSE,FALSE,1,76,FALSE,0,endemic
Patersonia,1,18,FALSE,TRUE,FALSE,TRUE,TRUE,0.9995162610701793,26874,FALSE,3,non-endemic
Pauridia,1,5,TRUE,FALSE,TRUE,TRUE,FALSE,0.9953846153846154,2600,FALSE,3,non-endemic
Pavetta,1,10,FALSE,TRUE,TRUE,TRUE,TRUE,0.957169459962756,1611,TRUE,5,non-endemic
Pecteilis,1,15,FALSE,FALSE,FALSE,TRUE,TRUE,1,148,FALSE,2,non-endemic
Pedleya,1,1,FALSE,FALSE,FALSE,FALSE,FALSE,1,47,FALSE,0,endemic
Pembertonia,1,1,FALSE,FALSE,FALSE,FALSE,FALSE,1,193,FALSE,0,endemic
Pennantia,1,2,TRUE,FALSE,FALSE,TRUE,FALSE,0.684272997032641,1685,TRUE,3,non-endemic
Pentaceras,1,1,FALSE,FALSE,FALSE,FALSE,FALSE,0.9980988593155894,526,FALSE,0,endemic
Pentalepis,1,6,FALSE,FALSE,FALSE,FALSE,FALSE,1,249,FALSE,0,endemic
Pentapeltis,1,2,FALSE,FALSE,FALSE,FALSE,FALSE,1,286,FALSE,0,endemic
Pentapogon,1,1,TRUE,FALSE,FALSE,TRUE,FALSE,0.9996234939759037,2656,FALSE,2,non-endemic
Pentaptilon,1,1,FALSE,FALSE,FALSE,FALSE,FALSE,1,10,FALSE,0,endemic
Pericalymma,1,4,FALSE,FALSE,FALSE,FALSE,FALSE,1,908,FALSE,0,endemic
Peripentadenia,1,2,FALSE,FALSE,FALSE,TRUE,FALSE,0.9941520467836257,171,FALSE,1,unclear
Peristeranthus,1,1,FALSE,FALSE,FALSE,FALSE,FALSE,1,178,FALSE,0,endemic
Peristrophe,1,1,FALSE,FALSE,TRUE,TRUE,TRUE,0.9701492537313433,67,TRUE,4,non-endemic
Perrottetia,1,1,FALSE,FALSE,FALSE,TRUE,TRUE,0.7053140096618358,207,TRUE,3,non-endemic
Persoonia,1,101,FALSE,FALSE,FALSE,FALSE,FALSE,0.9998094597623851,89220,FALSE,0,endemic
Petalostylis,1,2,FALSE,FALSE,FALSE,FALSE,FALSE,1,2030,FALSE,0,endemic
Petermannia,1,1,FALSE,FALSE,FALSE,FALSE,FALSE,1,560,FALSE,0,endemic
Petraeomyrtus,1,1,FALSE,FALSE,FALSE,FALSE,FALSE,1,94,FALSE,0,endemic
Petrophile,1,66,FALSE,FALSE,FALSE,FALSE,FALSE,0.9998827941865917,17064,FALSE,0,endemic
Phalaenopsis,1,1,FALSE,FALSE,FALSE,TRUE,TRUE,0.7428571428571429,35,TRUE,3,non-endemic
Phebalium,1,30,FALSE,FALSE,FALSE,FALSE,FALSE,0.9996866677111076,12766,FALSE,0,endemic
Pheladenia,1,1,FALSE,FALSE,FALSE,FALSE,FALSE,1,2568,FALSE,0,endemic
Pherosphaera,1,2,FALSE,FALSE,FALSE,FALSE,FALSE,0.9978165938864629,458,FALSE,0,endemic
Philotheca,1,53,FALSE,FALSE,FALSE,FALSE,FALSE,0.9995629609396339,18305,FALSE,0,endemic
Philydrella,1,2,FALSE,FALSE,FALSE,FALSE,FALSE,1,428,FALSE,0,endemic
Phlebocarya,1,3,FALSE,FALSE,FALSE,FALSE,FALSE,1,938,FALSE,0,endemic
Phlegmatospermum,1,4,FALSE,FALSE,FALSE,FALSE,FALSE,1,544,FALSE,0,endemic
Phoringopsis,1,3,FALSE,FALSE,FALSE,FALSE,FALSE,0.9764705882352941,85,TRUE,1,unclear
Phyllangium,1,5,FALSE,FALSE,FALSE,FALSE,FALSE,1,2508,FALSE,0,endemic
Phyllanthera,1,1,FALSE,FALSE,FALSE,TRUE,TRUE,0.8,60,TRUE,3,non-endemic
Phyllocladus,1,1,TRUE,FALSE,FALSE,TRUE,TRUE,0.635985006247397,4802,TRUE,4,non-endemic
Phyllota,1,11,FALSE,FALSE,FALSE,FALSE,FALSE,1,6898,FALSE,0,endemic
Phymatocarpus,1,3,FALSE,FALSE,FALSE,FALSE,FALSE,1,280,FALSE,0,endemic
Physopsis,1,5,FALSE,FALSE,FALSE,FALSE,FALSE,1,170,FALSE,0,endemic
Pilbara,1,1,FALSE,FALSE,FALSE,FALSE,FALSE,1,14,FALSE,0,endemic
Pileanthus,1,8,FALSE,FALSE,FALSE,FALSE,FALSE,1,538,FALSE,0,endemic
Pilostyles,1,3,FALSE,FALSE,FALSE,TRUE,FALSE,0.8983050847457628,118,TRUE,2,non-endemic
Pitaviaster,1,1,FALSE,FALSE,FALSE,FALSE,FALSE,1,265,FALSE,0,endemic
Pithocarpa,1,4,FALSE,FALSE,FALSE,FALSE,FALSE,1,651,FALSE,0,endemic
Pityrodia,1,20,FALSE,FALSE,FALSE,FALSE,FALSE,1,1334,FALSE,0,endemic
Placospermum,1,1,FALSE,FALSE,FALSE,FALSE,FALSE,1,141,FALSE,0,endemic
Plagiobothrys,1,4,FALSE,FALSE,FALSE,TRUE,FALSE,0.939799331103679,1196,TRUE,2,non-endemic
Plagiocarpus,1,7,FALSE,FALSE,FALSE,FALSE,FALSE,1,323,FALSE,0,endemic
Planocarpa,1,3,FALSE,FALSE,FALSE,FALSE,FALSE,1,546,FALSE,0,endemic
Platychorda,1,2,FALSE,FALSE,FALSE,FALSE,FALSE,1,97,FALSE,0,endemic
Platylobium,1,9,FALSE,FALSE,FALSE,FALSE,FALSE,0.9999091858511556,22023,FALSE,0,endemic
Platysace,1,23,FALSE,FALSE,FALSE,FALSE,FALSE,1,25973,FALSE,0,endemic
Platytheca,1,3,FALSE,FALSE,FALSE,FALSE,FALSE,1,449,FALSE,0,endemic
Platyzoma,1,1,FALSE,FALSE,FALSE,FALSE,FALSE,1,405,FALSE,0,endemic
Plectorrhiza,1,3,FALSE,FALSE,FALSE,FALSE,FALSE,1,1234,FALSE,0,endemic
Pleioluma,1,7,FALSE,TRUE,FALSE,TRUE,FALSE,0.8108365019011406,1052,TRUE,3,non-endemic
Pleogyne,1,1,FALSE,FALSE,FALSE,FALSE,FALSE,0.99812382739212,533,FALSE,0,endemic
Pleurocarpaea,1,2,FALSE,FALSE,FALSE,FALSE,FALSE,1,244,FALSE,0,endemic
Plexaure,1,3,FALSE,FALSE,FALSE,FALSE,FALSE,0.9047619047619048,84,TRUE,1,unclear
Plinthanthesis,1,3,FALSE,FALSE,FALSE,FALSE,FALSE,1,840,FALSE,0,endemic
Podolobium,1,6,FALSE,FALSE,FALSE,FALSE,FALSE,1,10829,FALSE,0,endemic
Podotheca,1,6,FALSE,FALSE,FALSE,FALSE,FALSE,1,4081,FALSE,0,endemic
Pogonolepis,1,2,FALSE,FALSE,FALSE,FALSE,FALSE,1,2556,FALSE,0,endemic
Polianthion,1,4,FALSE,FALSE,FALSE,FALSE,FALSE,1,160,FALSE,0,endemic
Polyalthia,1,5,FALSE,FALSE,FALSE,TRUE,TRUE,0.6825396825396826,756,TRUE,3,non-endemic
Polycalymma,1,1,FALSE,FALSE,FALSE,FALSE,FALSE,1,3221,FALSE,0,endemic
Polyosma,1,6,FALSE,TRUE,FALSE,TRUE,TRUE,0.8956043956043956,2548,TRUE,4,non-endemic
Polypogon,1,1,TRUE,FALSE,TRUE,TRUE,TRUE,0.938872970391595,5235,TRUE,5,non-endemic
Pomax,1,2,FALSE,FALSE,FALSE,FALSE,FALSE,1,16160,FALSE,0,endemic
Pontederia,1,4,FALSE,FALSE,TRUE,TRUE,FALSE,0.6089743589743589,156,TRUE,3,non-endemic
Posidonia,1,8,FALSE,FALSE,FALSE,TRUE,FALSE,0.9336966394187103,2202,TRUE,2,non-endemic
Potamophila,1,1,FALSE,FALSE,FALSE,FALSE,FALSE,1,65,FALSE,0,endemic
Potentilla,1,1,TRUE,FALSE,TRUE,TRUE,TRUE,0.49162011173184356,2327,TRUE,5,non-endemic
Praecoxanthus,1,1,FALSE,FALSE,FALSE,FALSE,FALSE,1,213,FALSE,0,endemic
Prasophyllum,1,124,TRUE,FALSE,FALSE,TRUE,FALSE,0.9797595566826336,21294,TRUE,3,non-endemic
Prionotes,1,1,FALSE,FALSE,FALSE,FALSE,FALSE,1,546,FALSE,0,endemic
Prostanthera,1,101,FALSE,FALSE,FALSE,FALSE,FALSE,0.9993833859510655,40544,FALSE,0,endemic
Prumnopitys,1,2,TRUE,TRUE,FALSE,TRUE,FALSE,0.1615326821938392,1331,TRUE,4,non-endemic
Psammagrostis,1,1,FALSE,FALSE,FALSE,FALSE,FALSE,1,8,FALSE,0,endemic
Psammomoya,1,4,FALSE,FALSE,FALSE,FALSE,FALSE,1,347,FALSE,0,endemic
Pseudanthus,1,9,FALSE,FALSE,FALSE,FALSE,FALSE,1,1850,FALSE,0,endemic
Pseudochaetochloa,1,1,FALSE,FALSE,FALSE,FALSE,FALSE,1,178,FALSE,0,endemic
Pseudopanax,1,1,TRUE,FALSE,FALSE,TRUE,FALSE,0.061813186813186816,2912,TRUE,3,non-endemic
Pseudoweinmannia,1,2,FALSE,FALSE,FALSE,FALSE,FALSE,1,477,FALSE,0,endemic
Pseuduvaria,1,4,FALSE,FALSE,FALSE,TRUE,TRUE,0.7514792899408284,507,TRUE,3,non-endemic
Psychrophila,1,2,FALSE,FALSE,FALSE,FALSE,FALSE,0.8734525447042641,727,TRUE,1,unclear
Pterochaeta,1,1,FALSE,FALSE,FALSE,FALSE,FALSE,1,465,FALSE,0,endemic
Pterygopappus,1,1,FALSE,FALSE,FALSE,FALSE,FALSE,1,271,FALSE,0,endemic
Ptilothrix,1,1,FALSE,FALSE,FALSE,FALSE,FALSE,1,5785,FALSE,0,endemic
Ptychosema,1,1,FALSE,FALSE,FALSE,FALSE,FALSE,1,15,FALSE,0,endemic
Pullea,1,1,FALSE,FALSE,FALSE,TRUE,TRUE,0.8508064516129032,248,TRUE,3,non-endemic
Pycnosorus,1,6,FALSE,FALSE,FALSE,FALSE,FALSE,0.9994780793319415,3832,FALSE,0,endemic
Pyrorchis,1,2,FALSE,FALSE,FALSE,TRUE,FALSE,1,4557,FALSE,1,unclear
Quinetia,1,1,FALSE,FALSE,FALSE,FALSE,FALSE,1,730,FALSE,0,endemic
Quinqueremulus,1,1,FALSE,FALSE,FALSE,FALSE,FALSE,1,31,FALSE,0,endemic
Quintinia,1,4,TRUE,TRUE,FALSE,TRUE,TRUE,0.8375286041189931,2622,TRUE,5,non-endemic
Quisqualis,1,1,FALSE,FALSE,TRUE,FALSE,TRUE,0.9259259259259259,81,TRUE,3,non-endemic
Quoya,1,7,FALSE,FALSE,FALSE,FALSE,FALSE,1,979,FALSE,0,endemic
Radyera,1,1,FALSE,FALSE,TRUE,TRUE,FALSE,0.9897172236503856,389,TRUE,3,non-endemic
Randia,1,3,FALSE,TRUE,TRUE,TRUE,TRUE,0.7245564892623716,1071,TRUE,5,non-endemic
Reedia,1,1,FALSE,FALSE,FALSE,FALSE,FALSE,1,60,FALSE,0,endemic
Regelia,1,5,FALSE,FALSE,FALSE,FALSE,FALSE,1,635,FALSE,0,endemic
Rhadinothamnus,1,3,FALSE,FALSE,FALSE,FALSE,FALSE,1,229,FALSE,0,endemic
Rhagodia,1,11,FALSE,FALSE,FALSE,FALSE,FALSE,0.9998610918183081,35995,FALSE,0,endemic
Rhaphidospora,1,3,FALSE,FALSE,TRUE,TRUE,FALSE,0.9727272727272728,110,TRUE,3,non-endemic
Rhaponticum,1,1,FALSE,FALSE,TRUE,TRUE,FALSE,0.9954462659380692,1098,FALSE,2,non-endemic
Rhetinocarpha,1,1,FALSE,FALSE,FALSE,FALSE,FALSE,1,30,FALSE,0,endemic
Rhinerrhiza,1,1,FALSE,FALSE,FALSE,FALSE,FALSE,0.9744897959183674,196,TRUE,1,unclear
Rhinerrhizopsis,1,1,FALSE,FALSE,FALSE,FALSE,TRUE,0.8,15,TRUE,2,non-endemic
Rhipidorchis,1,1,FALSE,FALSE,FALSE,FALSE,FALSE,0.6521739130434783,46,TRUE,1,unclear
Rhizanthella,1,4,FALSE,FALSE,FALSE,FALSE,FALSE,1,83,FALSE,0,endemic
Rhodanthe,1,45,FALSE,FALSE,FALSE,TRUE,FALSE,0.9998262078554049,28770,FALSE,1,unclear
Rhododendron,1,1,TRUE,FALSE,FALSE,TRUE,TRUE,0.15706806282722513,2865,TRUE,4,non-endemic
Rhodosphaera,1,1,FALSE,FALSE,FALSE,FALSE,FALSE,0.9983633387888707,611,FALSE,0,endemic
Rhytidosporum,1,5,FALSE,FALSE,FALSE,FALSE,FALSE,1,5742,FALSE,0,endemic
Richea,1,11,FALSE,FALSE,FALSE,FALSE,FALSE,0.999838865613922,6206,FALSE,0,endemic
Ricinocarpos,1,28,FALSE,FALSE,FALSE,FALSE,FALSE,1,7496,FALSE,0,endemic
Rimacola,1,1,FALSE,FALSE,FALSE,FALSE,FALSE,1,140,FALSE,0,endemic
Rinzia,1,18,FALSE,FALSE,FALSE,FALSE,FALSE,1,2364,FALSE,0,endemic
Ristantia,1,3,FALSE,FALSE,FALSE,FALSE,FALSE,1,176,FALSE,0,endemic
Rockinghamia,1,2,FALSE,FALSE,FALSE,FALSE,FALSE,1,268,FALSE,0,endemic
Roebuckiella,1,9,FALSE,FALSE,FALSE,FALSE,FALSE,1,866,FALSE,0,endemic
Roepera,1,31,FALSE,FALSE,TRUE,TRUE,FALSE,0.9998131050723283,26753,FALSE,2,non-endemic
Romnalda,1,2,FALSE,FALSE,FALSE,TRUE,TRUE,0.9565217391304348,138,TRUE,3,non-endemic
Rourea,1,1,FALSE,TRUE,FALSE,TRUE,TRUE,0.7757009345794392,107,TRUE,4,non-endemic
Roycea,1,3,FALSE,FALSE,FALSE,FALSE,FALSE,1,142,FALSE,0,endemic
Rumicastrum,1,1,FALSE,FALSE,FALSE,TRUE,FALSE,1,11,FALSE,1,unclear
Rutidosis,1,9,FALSE,FALSE,FALSE,FALSE,FALSE,1,4842,FALSE,0,endemic
Ryparosa,1,1,FALSE,FALSE,FALSE,TRUE,TRUE,0.5242290748898678,227,TRUE,3,non-endemic
Ryticaryum,1,1,FALSE,FALSE,FALSE,TRUE,FALSE,0.5220588235294118,136,TRUE,2,non-endemic
Sagina,1,2,FALSE,FALSE,TRUE,TRUE,TRUE,0.772635814889336,2982,TRUE,4,non-endemic
Samadera,1,2,FALSE,FALSE,FALSE,TRUE,TRUE,0.956,500,TRUE,3,non-endemic
Sambucus,1,2,TRUE,FALSE,TRUE,TRUE,TRUE,0.9719101123595506,5696,TRUE,5,non-endemic
Sankowskya,1,1,FALSE,FALSE,FALSE,FALSE,FALSE,1,60,FALSE,0,endemic
Sannantha,1,12,FALSE,TRUE,FALSE,TRUE,FALSE,0.9863760217983651,2936,TRUE,3,non-endemic
Sarcopteryx,1,5,FALSE,FALSE,FALSE,TRUE,TRUE,0.9811587376354216,2123,TRUE,3,non-endemic
Sarcotoechia,1,6,FALSE,FALSE,FALSE,TRUE,TRUE,0.9747191011235955,356,TRUE,3,non-endemic
Sarcozona,1,2,FALSE,FALSE,FALSE,FALSE,FALSE,1,846,FALSE,0,endemic
Saurauia,1,1,FALSE,FALSE,FALSE,TRUE,TRUE,0.12200208550573514,959,TRUE,3,non-endemic
Saxipoa,1,1,FALSE,FALSE,FALSE,FALSE,FALSE,1,351,FALSE,0,endemic
Scambopus,1,1,FALSE,FALSE,FALSE,FALSE,FALSE,1,28,FALSE,0,endemic
Schenkia,1,2,FALSE,TRUE,FALSE,TRUE,FALSE,0.9928032899246059,2918,FALSE,2,non-endemic
Schistocarpaea,1,1,FALSE,FALSE,FALSE,FALSE,FALSE,1,103,FALSE,0,endemic
Schistotylus,1,1,FALSE,FALSE,FALSE,FALSE,FALSE,1,50,FALSE,0,endemic
Schizacme,1,2,TRUE,FALSE,FALSE,TRUE,FALSE,0.9230769230769231,754,TRUE,3,non-endemic
Schizomeria,1,2,FALSE,FALSE,FALSE,TRUE,TRUE,0.8797961630695443,3336,TRUE,3,non-endemic
Schoenia,1,5,FALSE,FALSE,FALSE,FALSE,FALSE,0.9995921696574225,2452,FALSE,0,endemic
Schoenolaena,1,1,FALSE,FALSE,FALSE,FALSE,FALSE,1,211,FALSE,0,endemic
Scholtzia,1,13,FALSE,FALSE,FALSE,FALSE,FALSE,1,2029,FALSE,0,endemic
Scleroblitum,1,1,FALSE,FALSE,FALSE,FALSE,FALSE,1,1553,FALSE,0,endemic
Scleroglossum,1,1,FALSE,TRUE,FALSE,TRUE,TRUE,0.6078431372549019,102,TRUE,4,non-endemic
Scolopia,1,1,FALSE,FALSE,TRUE,TRUE,TRUE,0.9632931305715784,1907,TRUE,4,non-endemic
Scutellaria,1,2,TRUE,FALSE,TRUE,TRUE,TRUE,0.9679673849737915,3434,TRUE,5,non-endemic
Sedopsis,1,2,FALSE,FALSE,FALSE,FALSE,FALSE,0.99,100,FALSE,0,endemic
Selliera,1,1,FALSE,FALSE,FALSE,FALSE,FALSE,0.9287262872628727,3690,TRUE,1,unclear
Selliguea,1,1,FALSE,TRUE,FALSE,TRUE,TRUE,0,501,TRUE,4,non-endemic
Seorsus,1,2,FALSE,FALSE,FALSE,TRUE,FALSE,1,51,FALSE,1,unclear
Serichonus,1,1,FALSE,FALSE,FALSE,FALSE,FALSE,1,15,FALSE,0,endemic
Seringia,1,18,FALSE,FALSE,FALSE,TRUE,FALSE,0.998215082552432,4482,FALSE,1,unclear
Serjania,1,1,FALSE,FALSE,FALSE,TRUE,FALSE,0.4,5,TRUE,2,non-endemic
Sersalisia,1,3,FALSE,FALSE,FALSE,TRUE,FALSE,0.9901558654634947,2438,FALSE,1,unclear
Shonia,1,4,FALSE,FALSE,FALSE,FALSE,FALSE,1,204,FALSE,0,endemic
Siegfriedia,1,1,FALSE,FALSE,FALSE,FALSE,FALSE,1,82,FALSE,0,endemic
Siloxerus,1,4,FALSE,FALSE,FALSE,FALSE,FALSE,1,2992,FALSE,0,endemic
Siphonodon,1,3,FALSE,FALSE,FALSE,TRUE,TRUE,0.9724220623501199,834,TRUE,3,non-endemic
Sloanea,1,4,FALSE,TRUE,FALSE,TRUE,TRUE,0.9346576058546785,3826,TRUE,4,non-endemic
Solenogyne,1,3,TRUE,FALSE,FALSE,TRUE,FALSE,0.9958760706355081,9457,FALSE,2,non-endemic
Solori,1,2,FALSE,FALSE,FALSE,FALSE,FALSE,0.970494417862839,1254,TRUE,1,unclear
Sondottia,1,2,FALSE,FALSE,FALSE,FALSE,FALSE,1,59,FALSE,0,endemic
Sowerbaea,1,5,FALSE,FALSE,FALSE,FALSE,FALSE,0.9997176736307171,3542,FALSE,0,endemic
Spartochloa,1,1,FALSE,FALSE,FALSE,FALSE,FALSE,1,193,FALSE,0,endemic
Spathia,1,1,FALSE,FALSE,FALSE,FALSE,FALSE,1,54,FALSE,0,endemic
Sphaerantia,1,2,FALSE,FALSE,FALSE,FALSE,FALSE,1,94,FALSE,0,endemic
Sphaerolobium,1,22,FALSE,FALSE,FALSE,FALSE,FALSE,0.9994610132950054,5566,FALSE,0,endemic
Sphalmium,1,1,FALSE,FALSE,FALSE,FALSE,FALSE,1,137,FALSE,0,endemic
Sphenotoma,1,6,FALSE,FALSE,FALSE,FALSE,FALSE,0.99712368168744,1043,FALSE,0,endemic
Spiculaea,1,1,FALSE,FALSE,FALSE,FALSE,FALSE,1,234,FALSE,0,endemic
Spiraeanthemum,1,1,FALSE,TRUE,FALSE,TRUE,TRUE,0.5666666666666667,180,TRUE,4,non-endemic
Spirogardnera,1,1,FALSE,FALSE,FALSE,FALSE,FALSE,1,55,FALSE,0,endemic
Sporadanthus,1,6,TRUE,FALSE,FALSE,TRUE,FALSE,0.9152249134948097,2312,TRUE,3,non-endemic
Spyridium,1,44,FALSE,FALSE,FALSE,FALSE,FALSE,1,20027,FALSE,0,endemic
Stachystemon,1,9,FALSE,FALSE,FALSE,FALSE,FALSE,1,563,FALSE,0,endemic
Stawellia,1,2,FALSE,FALSE,FALSE,FALSE,TRUE,1,54,FALSE,1,unclear
Stenanthemum,1,29,FALSE,FALSE,FALSE,FALSE,FALSE,1,3226,FALSE,0,endemic
Stenanthera,1,3,FALSE,FALSE,FALSE,FALSE,FALSE,1,9798,FALSE,0,endemic
Stenopetalum,1,12,FALSE,FALSE,FALSE,FALSE,FALSE,1,6505,FALSE,0,endemic
Stenostegia,1,1,FALSE,FALSE,FALSE,FALSE,FALSE,1,50,FALSE,0,endemic
Stigmatodactylus,1,2,FALSE,FALSE,FALSE,TRUE,TRUE,0.9782608695652174,184,TRUE,3,non-endemic
Stirlingia,1,7,FALSE,FALSE,FALSE,FALSE,FALSE,1,1630,FALSE,0,endemic
Stockwellia,1,1,FALSE,FALSE,FALSE,FALSE,FALSE,1,133,FALSE,0,endemic
Stonesiella,1,1,FALSE,FALSE,FALSE,FALSE,FALSE,1,71,FALSE,0,endemic
Storckiella,1,1,FALSE,TRUE,FALSE,TRUE,FALSE,0.7286821705426356,129,TRUE,3,non-endemic
Strangea,1,3,FALSE,FALSE,FALSE,FALSE,FALSE,0.998109640831758,529,FALSE,0,endemic
Streptoglossa,1,8,FALSE,FALSE,FALSE,FALSE,FALSE,1,3375,FALSE,0,endemic
Streptothamnus,1,1,FALSE,FALSE,FALSE,FALSE,FALSE,1,182,FALSE,0,endemic
Stuartina,1,2,FALSE,FALSE,FALSE,TRUE,FALSE,0.9938192119495236,3883,FALSE,1,unclear
Stylobasium,1,2,FALSE,FALSE,FALSE,FALSE,FALSE,1,842,FALSE,0,endemic
Stypandra,1,2,FALSE,FALSE,FALSE,FALSE,FALSE,0.9998911268372346,9185,FALSE,0,endemic
Styphelia,1,20,FALSE,TRUE,FALSE,TRUE,TRUE,0.9922124878320122,14382,FALSE,3,non-endemic
Suaeda,1,2,TRUE,TRUE,TRUE,TRUE,TRUE,0.9295662554715479,5026,TRUE,6,non-endemic
Surreya,1,2,FALSE,FALSE,FALSE,FALSE,FALSE,1,521,FALSE,0,endemic
Swainsona,1,85,FALSE,FALSE,FALSE,TRUE,FALSE,0.9997470275739945,27671,FALSE,1,unclear
Sylvipoa,1,1,FALSE,FALSE,FALSE,FALSE,FALSE,1,284,FALSE,0,endemic
Symonanthus,1,2,FALSE,FALSE,FALSE,FALSE,FALSE,1,66,FALSE,0,endemic
Symphionema,1,2,FALSE,FALSE,FALSE,FALSE,FALSE,1,918,FALSE,0,endemic
Synaphea,1,56,FALSE,FALSE,FALSE,FALSE,FALSE,1,4189,FALSE,0,endemic
Synaptantha,1,2,FALSE,FALSE,FALSE,FALSE,FALSE,1,1039,FALSE,0,endemic
Tapeinosperma,1,3,FALSE,TRUE,FALSE,TRUE,TRUE,0.8518518518518519,270,TRUE,4,non-endemic
Tapheocarpa,1,1,FALSE,FALSE,FALSE,FALSE,FALSE,1,13,FALSE,0,endemic
Taplinia,1,1,FALSE,FALSE,FALSE,FALSE,FALSE,1,38,FALSE,0,endemic
Taraxacum,1,2,TRUE,FALSE,TRUE,TRUE,TRUE,0.9717345090937721,12701,TRUE,5,non-endemic
Taraxis,1,1,FALSE,FALSE,FALSE,FALSE,FALSE,1,134,FALSE,0,endemic
Taxandria,1,11,TRUE,FALSE,FALSE,FALSE,FALSE,0.9840201850294366,2378,TRUE,2,non-endemic
Tecomanthe,1,2,TRUE,FALSE,FALSE,TRUE,FALSE,0.4381443298969072,194,TRUE,3,non-endemic
Telopea,1,5,FALSE,FALSE,TRUE,FALSE,FALSE,0.9965689332501559,6412,FALSE,1,unclear
Templetonia,1,13,FALSE,FALSE,FALSE,FALSE,FALSE,0.9995262908574135,6333,FALSE,0,endemic
Teratophyllum,1,1,FALSE,TRUE,FALSE,TRUE,TRUE,0.7165354330708661,127,TRUE,4,non-endemic
Tersonia,1,1,FALSE,FALSE,FALSE,FALSE,FALSE,1,234,FALSE,0,endemic
Tetracarpaea,1,1,FALSE,FALSE,FALSE,FALSE,FALSE,1,380,FALSE,0,endemic
Tetramolopium,1,1,FALSE,FALSE,FALSE,TRUE,TRUE,0.0625,192,TRUE,3,non-endemic
Tetrapora,1,4,FALSE,FALSE,FALSE,FALSE,FALSE,1,247,FALSE,0,endemic
Tetrardisia,1,1,FALSE,FALSE,FALSE,FALSE,TRUE,1,55,FALSE,1,unclear
Tetrarrhena,1,6,FALSE,FALSE,FALSE,FALSE,FALSE,0.9999588562024275,24305,FALSE,0,endemic
Tetrastigma,1,5,FALSE,FALSE,FALSE,TRUE,TRUE,0.9694599627560522,2685,TRUE,3,non-endemic
Tetratheca,1,53,FALSE,FALSE,FALSE,FALSE,FALSE,0.9999365737119178,47299,FALSE,0,endemic
Thaleropia,1,1,FALSE,FALSE,FALSE,TRUE,TRUE,0.8,75,TRUE,3,non-endemic
Thedachloa,1,1,FALSE,FALSE,FALSE,FALSE,FALSE,1,18,FALSE,0,endemic
Thelepogon,1,1,FALSE,FALSE,FALSE,TRUE,TRUE,0.4166666666666667,12,TRUE,3,non-endemic
Thelionema,1,3,FALSE,FALSE,FALSE,FALSE,FALSE,1,2692,FALSE,0,endemic
Thesium,1,1,FALSE,FALSE,TRUE,TRUE,TRUE,0.9915110356536503,1178,FALSE,3,non-endemic
Thespidium,1,1,FALSE,FALSE,FALSE,FALSE,FALSE,1,94,FALSE,0,endemic
Thinicola,1,1,FALSE,FALSE,FALSE,FALSE,FALSE,1,62,FALSE,0,endemic
Thiseltonia,1,1,FALSE,FALSE,FALSE,FALSE,FALSE,1,27,FALSE,0,endemic
Thomasia,1,29,FALSE,FALSE,FALSE,FALSE,FALSE,0.9988758992805755,4448,FALSE,0,endemic
Thoracostachyum,1,1,FALSE,FALSE,FALSE,TRUE,FALSE,0.7536231884057971,69,TRUE,2,non-endemic
Threlkeldia,1,2,FALSE,FALSE,FALSE,FALSE,FALSE,1,3622,FALSE,0,endemic
Thryptomene,1,47,FALSE,FALSE,FALSE,FALSE,FALSE,0.9950621799561082,5468,FALSE,0,endemic
Thunbergia,1,1,TRUE,FALSE,TRUE,TRUE,TRUE,0.9158774373259053,1795,TRUE,5,non-endemic
Thynninorchis,1,2,FALSE,FALSE,FALSE,FALSE,FALSE,1,504,FALSE,0,endemic
Thyridolepis,1,3,FALSE,FALSE,FALSE,FALSE,FALSE,1,3079,FALSE,0,endemic
Tietkensia,1,1,FALSE,FALSE,FALSE,FALSE,FALSE,1,49,FALSE,0,endemic
Tiliacora,1,1,FALSE,FALSE,TRUE,TRUE,FALSE,0.873015873015873,63,TRUE,3,non-endemic
Tinospora,1,3,FALSE,TRUE,TRUE,TRUE,TRUE,0.990002940311673,3401,FALSE,4,non-endemic
Townsonia,1,1,TRUE,FALSE,FALSE,TRUE,FALSE,0.863013698630137,365,TRUE,3,non-endemic
Trachoma,1,3,FALSE,TRUE,FALSE,TRUE,FALSE,0.6911764705882353,68,TRUE,3,non-endemic
Trachystylis,1,1,FALSE,FALSE,FALSE,FALSE,FALSE,1,169,FALSE,0,endemic
Tragia,1,3,FALSE,FALSE,TRUE,TRUE,FALSE,0.9917695473251029,486,FALSE,2,non-endemic
Tremandra,1,2,FALSE,FALSE,FALSE,FALSE,FALSE,1,495,FALSE,0,endemic
Tremulina,1,2,FALSE,FALSE,FALSE,FALSE,FALSE,1,297,FALSE,0,endemic
Trianthema,1,12,FALSE,FALSE,TRUE,TRUE,TRUE,0.9946086261980831,5008,FALSE,3,non-endemic
Tribonanthes,1,6,FALSE,FALSE,FALSE,FALSE,FALSE,1,1139,FALSE,0,endemic
Tribulopis,1,6,FALSE,FALSE,FALSE,FALSE,FALSE,1,1283,FALSE,0,endemic
Trichanthodium,1,4,FALSE,FALSE,FALSE,FALSE,FALSE,1,1215,FALSE,0,endemic
Trichocline,1,1,FALSE,FALSE,FALSE,TRUE,FALSE,1,384,FALSE,1,unclear
Trichoglottis,1,1,FALSE,FALSE,FALSE,TRUE,TRUE,0.5135135135135135,37,TRUE,3,non-endemic
Trigastrotheca,1,1,FALSE,TRUE,FALSE,TRUE,FALSE,0.910873440285205,561,TRUE,3,non-endemic
Trigonella,1,1,FALSE,FALSE,TRUE,TRUE,FALSE,0.854726368159204,1005,TRUE,3,non-endemic
Trigonostemon,1,1,FALSE,TRUE,FALSE,TRUE,TRUE,0.5185185185185185,27,TRUE,4,non-endemic
Trihaloragis,1,1,FALSE,FALSE,FALSE,FALSE,FALSE,1,68,FALSE,0,endemic
Trimenia,1,1,FALSE,TRUE,FALSE,TRUE,TRUE,0.8886679920477137,503,TRUE,4,non-endemic
Triodia,1,79,FALSE,FALSE,FALSE,TRUE,FALSE,0.999860743629021,28724,FALSE,1,unclear
Trioncinia,1,2,FALSE,FALSE,FALSE,FALSE,FALSE,1,15,FALSE,0,endemic
Tripladenia,1,1,FALSE,FALSE,FALSE,FALSE,FALSE,1,1368,FALSE,0,endemic
Triplarina,1,7,FALSE,FALSE,FALSE,FALSE,FALSE,1,812,FALSE,0,endemic
Tripterococcus,1,1,FALSE,FALSE,FALSE,FALSE,FALSE,1,767,FALSE,0,endemic
Triptilodiscus,1,1,FALSE,FALSE,FALSE,FALSE,FALSE,1,6418,FALSE,0,endemic
Tristania,1,1,FALSE,FALSE,FALSE,FALSE,FALSE,0.974025974025974,385,TRUE,1,unclear
Tristaniopsis,1,3,FALSE,TRUE,FALSE,TRUE,TRUE,0.9638227897078738,5169,TRUE,4,non-endemic
Trithuria,1,10,TRUE,FALSE,FALSE,TRUE,FALSE,0.8865497076023392,855,TRUE,3,non-endemic
Triunia,1,4,FALSE,FALSE,FALSE,FALSE,FALSE,1,1047,FALSE,0,endemic
Trymalium,1,13,FALSE,FALSE,FALSE,FALSE,FALSE,0.9995398067188219,2173,FALSE,0,endemic
Tyrbastes,1,1,FALSE,FALSE,FALSE,FALSE,FALSE,1,117,FALSE,0,endemic
Ungeria,1,1,FALSE,FALSE,FALSE,FALSE,FALSE,1,14,FALSE,0,endemic
Uranthoecium,1,1,FALSE,FALSE,FALSE,FALSE,FALSE,1,145,FALSE,0,endemic
Urodon,1,2,FALSE,FALSE,FALSE,FALSE,FALSE,1,260,FALSE,0,endemic
Uromyrtus,1,4,FALSE,TRUE,FALSE,TRUE,TRUE,0.9076704545454546,704,TRUE,4,non-endemic
Uvedalia,1,2,FALSE,FALSE,FALSE,FALSE,FALSE,1,360,FALSE,0,endemic
Vachellia,1,9,FALSE,FALSE,TRUE,TRUE,TRUE,0.9842870237004059,22911,TRUE,4,non-endemic
Van-royena,1,1,FALSE,FALSE,FALSE,FALSE,FALSE,1,90,FALSE,0,endemic
Ventilago,1,3,FALSE,TRUE,FALSE,TRUE,TRUE,0.9572219426270759,1987,TRUE,4,non-endemic
Verreauxia,1,3,FALSE,FALSE,FALSE,FALSE,FALSE,1,119,FALSE,0,endemic
Verticordia,1,101,FALSE,FALSE,FALSE,FALSE,FALSE,0.9994345890168916,14149,FALSE,0,endemic
Vesselowskya,1,2,FALSE,FALSE,FALSE,FALSE,FALSE,1,241,FALSE,0,endemic
Viminaria,1,1,FALSE,FALSE,FALSE,FALSE,FALSE,0.9989851150202977,2956,FALSE,0,endemic
Vitis,1,1,FALSE,FALSE,TRUE,TRUE,TRUE,0.7,260,TRUE,4,non-endemic
Vittadinia,1,28,TRUE,TRUE,FALSE,TRUE,TRUE,0.9956332790104885,47862,FALSE,4,non-endemic
Waitzia,1,5,FALSE,FALSE,TRUE,TRUE,FALSE,1,3960,FALSE,2,non-endemic
Walteranthus,1,1,FALSE,FALSE,FALSE,FALSE,FALSE,1,4,FALSE,0,endemic
Walwhalleya,1,4,FALSE,FALSE,FALSE,FALSE,FALSE,1,5861,FALSE,0,endemic
Websteria,1,1,FALSE,FALSE,FALSE,FALSE,FALSE,0.8181818181818182,11,TRUE,1,unclear
Wendlandia,1,5,FALSE,FALSE,FALSE,TRUE,TRUE,0.8442622950819673,244,TRUE,3,non-endemic
Westringia,1,31,TRUE,FALSE,FALSE,FALSE,FALSE,0.9980632166098543,12908,FALSE,1,unclear
Whyanbeelia,1,1,FALSE,FALSE,FALSE,FALSE,FALSE,1,64,FALSE,0,endemic
Winifredia,1,1,FALSE,FALSE,FALSE,FALSE,FALSE,1,75,FALSE,0,endemic
Wittsteinia,1,1,FALSE,FALSE,FALSE,TRUE,FALSE,0.9960159362549801,502,FALSE,1,unclear
Wollemia,1,1,FALSE,FALSE,FALSE,FALSE,FALSE,1,22,FALSE,0,endemic
Woollsia,1,1,FALSE,FALSE,FALSE,FALSE,FALSE,1,3163,FALSE,0,endemic
Wurmbea,1,28,TRUE,FALSE,TRUE,TRUE,FALSE,0.9960182025028441,14064,FALSE,3,non-endemic
Xanthorrhoea,1,28,FALSE,FALSE,FALSE,FALSE,FALSE,0.999939997599904,49998,FALSE,0,endemic
Xanthosia,1,20,FALSE,FALSE,FALSE,FALSE,FALSE,0.9999518999518999,20790,FALSE,0,endemic
Xerochloa,1,3,FALSE,FALSE,FALSE,TRUE,TRUE,1,749,FALSE,2,non-endemic
Xerolirion,1,1,FALSE,FALSE,FALSE,FALSE,FALSE,1,44,FALSE,0,endemic
Xerothamnella,1,2,FALSE,FALSE,FALSE,FALSE,FALSE,1,194,FALSE,0,endemic
Xylomelum,1,6,FALSE,FALSE,FALSE,FALSE,FALSE,1,3374,FALSE,0,endemic
Xylopia,1,2,FALSE,TRUE,TRUE,TRUE,TRUE,0.7514450867052023,346,TRUE,5,non-endemic
Xylosma,1,4,FALSE,TRUE,FALSE,TRUE,TRUE,0.833605220228385,613,TRUE,4,non-endemic
Yakirra,1,6,FALSE,FALSE,FALSE,FALSE,TRUE,0.9991752577319588,2425,FALSE,1,unclear
Zaleya,1,1,FALSE,FALSE,TRUE,TRUE,TRUE,0.9936651583710407,1105,FALSE,3,non-endemic
Zealandia,1,1,FALSE,TRUE,FALSE,FALSE,FALSE,0.9259259259259259,27,TRUE,2,non-endemic
Zeuxine,1,3,FALSE,TRUE,TRUE,TRUE,TRUE,0.875886524822695,282,TRUE,5,non-endemic
Zieria,1,59,FALSE,TRUE,FALSE,TRUE,FALSE,0.9994528792230885,21933,FALSE,2,non-endemic
Zygochloa,1,1,FALSE,FALSE,FALSE,FALSE,FALSE,1,1340,FALSE,0,endemic
