"","genus","prop_endemic","species_number","nz","nc","ng","wcvp","indo2","prop_aus","n","ala","rowsums","endemism_status"
"1","Abildgaardia",1,2,FALSE,FALSE,TRUE,TRUE,TRUE,0.90633608815427,726,TRUE,4,"non-endemic"
"2","Abroma",1,1,FALSE,FALSE,FALSE,TRUE,TRUE,0.647398843930636,173,TRUE,3,"non-endemic"
"3","Abrophyllum",1,1,FALSE,FALSE,FALSE,FALSE,FALSE,1,827,FALSE,0,"endemic"
"4","Acanthocarpus",1,7,FALSE,FALSE,FALSE,FALSE,FALSE,1,932,FALSE,0,"endemic"
"5","Acanthocladium",1,1,FALSE,FALSE,FALSE,FALSE,FALSE,0.987654320987654,81,TRUE,1,"endemic"
"6","Aceratium",1,5,FALSE,FALSE,FALSE,TRUE,TRUE,0.735015772870662,634,TRUE,3,"non-endemic"
"7","Achnophora",1,1,FALSE,FALSE,FALSE,FALSE,FALSE,1,57,FALSE,0,"endemic"
"8","Acianthus",1,11,TRUE,TRUE,FALSE,TRUE,FALSE,0.973062763760438,11137,TRUE,4,"non-endemic"
"9","Acidonia",1,1,FALSE,FALSE,FALSE,FALSE,FALSE,1,112,FALSE,0,"endemic"
"10","Aciphylla",1,2,TRUE,FALSE,FALSE,TRUE,FALSE,0.284500693481276,5768,TRUE,3,"non-endemic"
"11","Ackama",1,2,TRUE,FALSE,FALSE,TRUE,FALSE,0.933261183261183,2772,TRUE,3,"non-endemic"
"12","Acomis",1,4,FALSE,FALSE,FALSE,FALSE,FALSE,1,235,FALSE,0,"endemic"
"13","Acradenia",1,2,FALSE,FALSE,FALSE,FALSE,FALSE,0.998525073746313,678,FALSE,0,"endemic"
"14","Acriopsis",1,1,FALSE,FALSE,FALSE,TRUE,TRUE,0.468354430379747,79,TRUE,3,"non-endemic"
"15","Acrophyllum",1,1,FALSE,FALSE,FALSE,FALSE,FALSE,0.994011976047904,167,FALSE,0,"endemic"
"16","Acrothamnus",1,4,TRUE,FALSE,FALSE,TRUE,TRUE,0.939010017678256,6788,TRUE,4,"non-endemic"
"17","Acrotriche",1,18,FALSE,FALSE,FALSE,FALSE,FALSE,1,30315,FALSE,0,"endemic"
"18","Actinobole",1,4,FALSE,FALSE,FALSE,FALSE,FALSE,1,5177,FALSE,0,"endemic"
"19","Actinodium",1,1,FALSE,FALSE,FALSE,FALSE,FALSE,1,303,FALSE,0,"endemic"
"20","Actinoschoenus",1,5,FALSE,TRUE,FALSE,TRUE,TRUE,0.983539094650206,729,TRUE,4,"non-endemic"
"21","Actinotus",1,19,TRUE,FALSE,FALSE,TRUE,FALSE,0.99234091094272,12273,FALSE,2,"non-endemic"
"22","Actites",1,1,FALSE,FALSE,FALSE,FALSE,FALSE,1,1413,FALSE,0,"endemic"
"23","Acunniana",1,1,FALSE,FALSE,FALSE,FALSE,FALSE,1,41,FALSE,0,"endemic"
"24","Adansonia",1,1,FALSE,FALSE,TRUE,TRUE,TRUE,0.938504542278127,1431,TRUE,4,"non-endemic"
"25","Adelphacme",1,1,FALSE,FALSE,FALSE,FALSE,FALSE,1,26,FALSE,0,"endemic"
"26","Adenanthos",1,31,FALSE,FALSE,FALSE,FALSE,FALSE,1,6644,FALSE,0,"endemic"
"27","Adenochilus",1,1,TRUE,FALSE,FALSE,TRUE,FALSE,0.665354330708661,254,TRUE,3,"non-endemic"
"28","Adriana",1,2,FALSE,FALSE,FALSE,FALSE,FALSE,1,2982,FALSE,0,"endemic"
"29","Aeginetia",1,1,FALSE,FALSE,FALSE,TRUE,TRUE,0.4,5,TRUE,3,"non-endemic"
"30","Aenictophyton",1,2,FALSE,FALSE,FALSE,FALSE,FALSE,1,121,FALSE,0,"endemic"
"31","Agastachys",1,1,FALSE,FALSE,FALSE,FALSE,FALSE,1,643,FALSE,0,"endemic"
"32","Agiortia",1,3,FALSE,FALSE,FALSE,FALSE,FALSE,1,461,FALSE,0,"endemic"
"33","Agonis",1,4,TRUE,FALSE,TRUE,FALSE,FALSE,0.97248322147651,1490,TRUE,3,"non-endemic"
"34","Agrostocrinum",1,2,FALSE,FALSE,FALSE,FALSE,FALSE,1,723,FALSE,0,"endemic"
"35","Ajuga",1,2,FALSE,FALSE,TRUE,TRUE,TRUE,0.982453030840128,11284,TRUE,4,"non-endemic"
"36","Akania",1,1,FALSE,FALSE,FALSE,FALSE,FALSE,1,659,FALSE,0,"endemic"
"37","Alania",1,1,FALSE,FALSE,FALSE,FALSE,FALSE,1,187,FALSE,0,"endemic"
"38","Aldrovanda",1,1,FALSE,FALSE,FALSE,TRUE,FALSE,0.79646017699115,113,TRUE,2,"non-endemic"
"39","Alexfloydia",1,1,FALSE,FALSE,FALSE,FALSE,FALSE,1,107,FALSE,0,"endemic"
"40","Alexgeorgea",1,3,FALSE,FALSE,FALSE,FALSE,FALSE,1,486,FALSE,0,"endemic"
"41","Allittia",1,2,FALSE,FALSE,FALSE,FALSE,FALSE,1,1237,FALSE,0,"endemic"
"42","Allocasuarina",1,61,TRUE,FALSE,FALSE,TRUE,FALSE,0.999138498022251,107951,FALSE,2,"non-endemic"
"43","Allopterigeron",1,1,FALSE,FALSE,FALSE,FALSE,FALSE,1,138,FALSE,0,"endemic"
"44","Allosyncarpia",1,1,FALSE,FALSE,FALSE,FALSE,FALSE,1,403,FALSE,0,"endemic"
"45","Almaleea",1,5,FALSE,FALSE,FALSE,FALSE,FALSE,1,2507,FALSE,0,"endemic"
"46","Althaea",1,1,FALSE,FALSE,TRUE,TRUE,FALSE,0.0545454545454545,55,TRUE,3,"non-endemic"
"47","Aluta",1,5,FALSE,FALSE,FALSE,FALSE,FALSE,1,1298,FALSE,0,"endemic"
"48","Alyogyne",1,4,FALSE,FALSE,FALSE,FALSE,FALSE,0.988307066598882,1967,TRUE,1,"non-endemic"
"49","Ammobium",1,2,FALSE,FALSE,FALSE,TRUE,FALSE,0.997195737521032,1783,FALSE,1,"endemic"
"50","Amorphospermum",1,1,FALSE,FALSE,FALSE,TRUE,FALSE,1,263,FALSE,1,"endemic"
"51","Amperea",1,8,FALSE,FALSE,FALSE,FALSE,FALSE,1,13546,FALSE,0,"endemic"
"52","Amphibolis",1,2,FALSE,FALSE,FALSE,FALSE,FALSE,1,2817,FALSE,0,"endemic"
"53","Amphipogon",1,9,FALSE,FALSE,FALSE,FALSE,FALSE,1,5566,FALSE,0,"endemic"
"54","Anacampseros",1,1,FALSE,FALSE,TRUE,TRUE,FALSE,0.981481481481482,216,TRUE,3,"non-endemic"
"55","Anarthria",1,6,FALSE,FALSE,FALSE,FALSE,FALSE,1,2021,FALSE,0,"endemic"
"56","Ancistrachne",1,2,FALSE,TRUE,FALSE,TRUE,TRUE,0.991886409736308,986,FALSE,3,"non-endemic"
"57","Andersonia",1,29,FALSE,FALSE,FALSE,FALSE,FALSE,1,3559,FALSE,0,"endemic"
"58","Androcalva",1,33,FALSE,FALSE,FALSE,FALSE,FALSE,1,3903,FALSE,0,"endemic"
"59","Androstoma",1,1,TRUE,FALSE,FALSE,TRUE,FALSE,0.292565947242206,417,TRUE,3,"non-endemic"
"60","Anemocarpa",1,3,FALSE,FALSE,FALSE,FALSE,FALSE,1,862,FALSE,0,"endemic"
"61","Anemone",1,1,TRUE,FALSE,TRUE,TRUE,TRUE,0.214218009478673,1055,TRUE,5,"non-endemic"
"62","Angianthus",1,21,FALSE,FALSE,FALSE,FALSE,FALSE,1,3623,FALSE,0,"endemic"
"63","Angophora",1,10,FALSE,FALSE,FALSE,FALSE,FALSE,0.9909866698643,50037,FALSE,0,"endemic"
"64","Anigozanthos",1,11,FALSE,FALSE,TRUE,TRUE,FALSE,0.995268924302789,4016,FALSE,2,"non-endemic"
"65","Anisopogon",1,1,FALSE,FALSE,FALSE,TRUE,FALSE,1,4641,FALSE,1,"endemic"
"66","Anisotome",1,1,TRUE,FALSE,FALSE,TRUE,FALSE,0.0935700575815739,2084,TRUE,3,"non-endemic"
"67","Anodopetalum",1,1,FALSE,FALSE,FALSE,FALSE,FALSE,1,1901,FALSE,0,"endemic"
"68","Anoectochilus",1,1,FALSE,TRUE,FALSE,TRUE,TRUE,0.727272727272727,44,TRUE,4,"non-endemic"
"69","Anopterus",1,2,FALSE,FALSE,FALSE,FALSE,FALSE,0.997931319817956,2417,FALSE,0,"endemic"
"70","Anthobolus",1,3,FALSE,FALSE,FALSE,TRUE,TRUE,0.9965075669383,859,FALSE,2,"non-endemic"
"71","Anthocercis",1,10,FALSE,FALSE,FALSE,FALSE,FALSE,1,1725,FALSE,0,"endemic"
"72","Anthotium",1,4,FALSE,FALSE,FALSE,FALSE,FALSE,1,249,FALSE,0,"endemic"
"73","Anthotroche",1,3,FALSE,FALSE,FALSE,FALSE,FALSE,1,316,FALSE,0,"endemic"
"74","Anticoryne",1,3,FALSE,FALSE,FALSE,FALSE,FALSE,1,97,FALSE,0,"endemic"
"75","Aotus",1,17,FALSE,FALSE,FALSE,FALSE,FALSE,1,11558,FALSE,0,"endemic"
"76","Apalochlamys",1,1,FALSE,FALSE,FALSE,FALSE,TRUE,1,480,FALSE,1,"endemic"
"77","Apatophyllum",1,5,FALSE,FALSE,FALSE,FALSE,FALSE,1,205,FALSE,0,"endemic"
"78","Aphanes",1,2,TRUE,FALSE,FALSE,TRUE,FALSE,0.954835542464408,2037,TRUE,3,"non-endemic"
"79","Aphanopetalum",1,2,FALSE,FALSE,FALSE,FALSE,FALSE,0.992325056433409,2215,FALSE,0,"endemic"
"80","Aphelia",1,6,FALSE,FALSE,FALSE,FALSE,FALSE,1,2271,FALSE,0,"endemic"
"81","Aphyllorchis",1,2,FALSE,FALSE,FALSE,TRUE,TRUE,0.883333333333333,60,TRUE,3,"non-endemic"
"82","Apodasmia",1,2,TRUE,FALSE,FALSE,TRUE,FALSE,0.814411612234318,1929,TRUE,3,"non-endemic"
"83","Apodytes",1,1,FALSE,TRUE,TRUE,TRUE,TRUE,0.962616822429906,214,TRUE,5,"non-endemic"
"84","Aponogeton",1,11,FALSE,FALSE,TRUE,TRUE,TRUE,0.915577889447236,995,TRUE,4,"non-endemic"
"85","Apowollastonia",1,7,FALSE,FALSE,FALSE,TRUE,FALSE,0.988725065047702,1153,TRUE,2,"non-endemic"
"86","Appendicula",1,1,FALSE,TRUE,FALSE,TRUE,TRUE,0.426229508196721,122,TRUE,4,"non-endemic"
"87","Arabidella",1,7,FALSE,FALSE,FALSE,FALSE,FALSE,1,2183,FALSE,0,"endemic"
"88","Archeria",1,5,TRUE,FALSE,FALSE,TRUE,FALSE,0.720248667850799,1126,TRUE,3,"non-endemic"
"89","Archidendropsis",1,3,FALSE,TRUE,FALSE,TRUE,TRUE,0.89367816091954,348,TRUE,4,"non-endemic"
"90","Archirhodomyrtus",1,1,FALSE,TRUE,FALSE,TRUE,TRUE,0.992596509783184,1891,FALSE,3,"non-endemic"
"91","Archontophoenix",1,6,FALSE,FALSE,FALSE,TRUE,FALSE,0.991408934707904,5820,FALSE,1,"endemic"
"92","Areocleome",1,1,FALSE,FALSE,FALSE,FALSE,FALSE,1,116,FALSE,0,"endemic"
"93","Argentipallium",1,5,FALSE,FALSE,FALSE,FALSE,FALSE,1,3472,FALSE,0,"endemic"
"94","Argophyllum",1,11,FALSE,TRUE,FALSE,TRUE,FALSE,0.956072351421189,774,TRUE,3,"non-endemic"
"95","Argyroglottis",1,1,FALSE,FALSE,FALSE,FALSE,FALSE,1,68,FALSE,0,"endemic"
"96","Aristotelia",1,2,TRUE,FALSE,FALSE,TRUE,TRUE,0.793729372937294,2424,TRUE,4,"non-endemic"
"97","Arnhemia",1,1,FALSE,FALSE,FALSE,FALSE,FALSE,1,208,FALSE,0,"endemic"
"98","Arnocrinum",1,3,FALSE,FALSE,FALSE,FALSE,FALSE,1,247,FALSE,0,"endemic"
"99","Arrhenechthites",1,1,FALSE,FALSE,FALSE,TRUE,TRUE,0.955512572533849,1034,TRUE,3,"non-endemic"
"100","Artabotrys",1,1,FALSE,FALSE,TRUE,TRUE,TRUE,0.43010752688172,93,TRUE,4,"non-endemic"
"101","Arthragrostis",1,4,FALSE,FALSE,FALSE,FALSE,FALSE,1,59,FALSE,0,"endemic"
"102","Arthropodium",1,7,TRUE,TRUE,FALSE,TRUE,FALSE,0.983019746391696,36513,TRUE,4,"non-endemic"
"103","Arthrostylis",1,1,FALSE,FALSE,FALSE,FALSE,FALSE,0.995539696699376,1121,FALSE,0,"endemic"
"104","Asperula",1,21,FALSE,FALSE,FALSE,TRUE,TRUE,0.998990359562272,30704,FALSE,2,"non-endemic"
"105","Astartea",1,22,FALSE,FALSE,FALSE,FALSE,FALSE,0.994670219853431,1501,FALSE,0,"endemic"
"106","Asteridea",1,9,FALSE,FALSE,FALSE,FALSE,FALSE,1,1606,FALSE,0,"endemic"
"107","Asterolasia",1,17,FALSE,FALSE,FALSE,FALSE,FALSE,0.998415213946117,3786,FALSE,0,"endemic"
"108","Asterotrichion",1,1,FALSE,FALSE,FALSE,FALSE,FALSE,1,354,FALSE,0,"endemic"
"109","Astonia",1,1,FALSE,FALSE,FALSE,FALSE,FALSE,1,41,FALSE,0,"endemic"
"110","Astrebla",1,4,FALSE,FALSE,FALSE,FALSE,FALSE,1,5757,FALSE,0,"endemic"
"111","Astroloma",1,21,FALSE,FALSE,FALSE,FALSE,FALSE,1,25408,FALSE,0,"endemic"
"112","Astrotricha",1,19,FALSE,FALSE,FALSE,FALSE,FALSE,1,7475,FALSE,0,"endemic"
"113","Astus",1,4,FALSE,FALSE,FALSE,FALSE,FALSE,1,137,FALSE,0,"endemic"
"114","Atherosperma",1,1,FALSE,FALSE,FALSE,FALSE,FALSE,0.998642533936652,6630,FALSE,0,"endemic"
"115","Athertonia",1,1,FALSE,FALSE,FALSE,FALSE,FALSE,0.994047619047619,168,FALSE,0,"endemic"
"116","Athrotaxis",1,2,FALSE,FALSE,FALSE,FALSE,FALSE,0.996372430471584,1654,FALSE,0,"endemic"
"117","Atkinsonia",1,1,FALSE,FALSE,FALSE,FALSE,FALSE,1,220,FALSE,0,"endemic"
"118","Auranticarpa",1,6,FALSE,FALSE,FALSE,FALSE,FALSE,0.998850574712644,870,FALSE,0,"endemic"
"119","Australopyrum",1,3,TRUE,FALSE,FALSE,TRUE,TRUE,0.936823104693141,1108,TRUE,4,"non-endemic"
"120","Austrobaileya",1,1,FALSE,FALSE,FALSE,FALSE,FALSE,1,138,FALSE,0,"endemic"
"121","Austrobryonia",1,4,FALSE,FALSE,FALSE,FALSE,FALSE,0.994623655913978,558,FALSE,0,"endemic"
"122","Austrobuxus",1,2,FALSE,TRUE,FALSE,TRUE,TRUE,0.877573131094258,923,TRUE,4,"non-endemic"
"123","Austrochloris",1,1,FALSE,FALSE,FALSE,FALSE,FALSE,1,42,FALSE,0,"endemic"
"124","Austrodolichos",1,1,FALSE,FALSE,FALSE,FALSE,FALSE,0.995833333333333,240,FALSE,0,"endemic"
"125","Austromatthaea",1,1,FALSE,FALSE,FALSE,FALSE,FALSE,1,174,FALSE,0,"endemic"
"126","Austromuellera",1,2,FALSE,FALSE,FALSE,FALSE,FALSE,1,248,FALSE,0,"endemic"
"127","Austromyrtus",1,3,FALSE,FALSE,FALSE,TRUE,FALSE,0.993421052631579,1520,FALSE,1,"non-endemic"
"128","Azanza",1,1,FALSE,FALSE,TRUE,TRUE,TRUE,0.904494382022472,178,TRUE,4,"non-endemic"
"129","Babingtonia",1,10,FALSE,FALSE,FALSE,FALSE,FALSE,0.990384615384615,832,FALSE,0,"endemic"
"130","Backhousia",1,13,FALSE,FALSE,FALSE,FALSE,FALSE,0.99813966800229,6988,FALSE,0,"endemic"
"131","Baileyoxylon",1,1,FALSE,FALSE,FALSE,FALSE,FALSE,1,121,FALSE,0,"endemic"
"132","Balanops",1,1,FALSE,TRUE,FALSE,TRUE,TRUE,0.979338842975207,242,TRUE,4,"non-endemic"
"133","Balaustion",1,1,FALSE,FALSE,FALSE,FALSE,FALSE,1,634,FALSE,0,"endemic"
"134","Balladonia",1,1,FALSE,FALSE,FALSE,FALSE,FALSE,1,27,FALSE,0,"endemic"
"135","Ballantinia",1,1,FALSE,FALSE,FALSE,FALSE,FALSE,1,375,FALSE,0,"endemic"
"136","Baloskion",1,8,FALSE,FALSE,FALSE,FALSE,FALSE,0.998946012413632,8539,FALSE,0,"endemic"
"137","Bambusa",1,1,TRUE,FALSE,TRUE,TRUE,TRUE,0.516819571865443,654,TRUE,5,"non-endemic"
"138","Barbarea",1,2,TRUE,FALSE,TRUE,TRUE,FALSE,0.643421052631579,760,TRUE,4,"non-endemic"
"139","Barklya",1,1,FALSE,FALSE,FALSE,FALSE,FALSE,1,159,FALSE,0,"endemic"
"140","Barongia",1,1,FALSE,FALSE,FALSE,FALSE,FALSE,1,66,FALSE,0,"endemic"
"141","Basedowia",1,1,FALSE,FALSE,FALSE,FALSE,FALSE,1,22,FALSE,0,"endemic"
"142","Bauera",1,4,FALSE,FALSE,FALSE,FALSE,FALSE,0.999381379523662,9699,FALSE,0,"endemic"
"143","Baumea",1,1,FALSE,FALSE,FALSE,FALSE,FALSE,0.95224344735673,22510,TRUE,1,"non-endemic"
"144","Baxteria",1,1,FALSE,FALSE,FALSE,FALSE,FALSE,1,62,FALSE,0,"endemic"
"145","Beaufortia",1,22,FALSE,FALSE,FALSE,FALSE,FALSE,0.997989661114302,3482,FALSE,0,"endemic"
"146","Bedfordia",1,3,FALSE,FALSE,FALSE,FALSE,FALSE,0.999521118666794,10441,FALSE,0,"endemic"
"147","Bellendena",1,1,FALSE,FALSE,FALSE,FALSE,FALSE,1,1263,FALSE,0,"endemic"
"148","Bellida",1,1,FALSE,FALSE,FALSE,FALSE,FALSE,1,177,FALSE,0,"endemic"
"149","Benthamina",1,1,FALSE,FALSE,FALSE,FALSE,FALSE,1,147,FALSE,0,"endemic"
"150","Bentleya",1,2,FALSE,FALSE,FALSE,FALSE,FALSE,1,48,FALSE,0,"endemic"
"151","Berberidopsis",1,1,FALSE,FALSE,FALSE,TRUE,FALSE,0.956989247311828,279,TRUE,2,"non-endemic"
"152","Bertya",1,28,FALSE,FALSE,FALSE,FALSE,FALSE,1,3414,FALSE,0,"endemic"
"153","Beyeria",1,24,FALSE,FALSE,FALSE,FALSE,FALSE,1,13341,FALSE,0,"endemic"
"154","Billardiera",1,23,FALSE,FALSE,TRUE,TRUE,FALSE,0.999786167407161,42089,FALSE,2,"non-endemic"
"155","Biophytum",1,1,FALSE,FALSE,FALSE,TRUE,TRUE,0.631578947368421,57,TRUE,3,"non-endemic"
"156","Blackallia",1,1,FALSE,FALSE,FALSE,FALSE,FALSE,1,33,FALSE,0,"endemic"
"157","Blancoa",1,1,FALSE,FALSE,FALSE,FALSE,FALSE,1,236,FALSE,0,"endemic"
"158","Blandfordia",1,4,FALSE,FALSE,FALSE,FALSE,FALSE,0.999569151227919,2321,FALSE,0,"endemic"
"159","Bleasdalea",1,1,FALSE,FALSE,FALSE,TRUE,TRUE,0.942105263157895,190,TRUE,3,"non-endemic"
"160","Blennodia",1,2,FALSE,FALSE,FALSE,FALSE,FALSE,1,791,FALSE,0,"endemic"
"161","Blennospora",1,3,FALSE,FALSE,FALSE,FALSE,FALSE,1,1965,FALSE,0,"endemic"
"162","Blepharocarya",1,2,FALSE,FALSE,FALSE,FALSE,FALSE,1,547,FALSE,0,"endemic"
"163","Bobea",1,1,FALSE,FALSE,FALSE,TRUE,FALSE,0.92,125,TRUE,2,"non-endemic"
"164","Boea",1,2,FALSE,FALSE,FALSE,TRUE,TRUE,0.834782608695652,230,TRUE,3,"non-endemic"
"165","Bonamia",1,16,FALSE,FALSE,TRUE,TRUE,TRUE,0.99969715324046,3302,FALSE,3,"non-endemic"
"166","Boronia",1,152,FALSE,TRUE,FALSE,TRUE,FALSE,0.999667560559385,45121,FALSE,2,"non-endemic"
"167","Borya",1,12,FALSE,FALSE,FALSE,FALSE,FALSE,0.999058380414313,2124,FALSE,0,"endemic"
"168","Bosistoa",1,4,FALSE,FALSE,FALSE,FALSE,FALSE,1,1061,FALSE,0,"endemic"
"169","Bossiaea",1,79,FALSE,FALSE,FALSE,FALSE,FALSE,0.999978654371585,46848,FALSE,0,"endemic"
"170","Bouchardatia",1,1,FALSE,FALSE,FALSE,TRUE,FALSE,1,319,FALSE,1,"non-endemic"
"171","Bowenia",1,2,FALSE,FALSE,FALSE,FALSE,FALSE,0.988372093023256,516,TRUE,1,"endemic"
"172","Brachyloma",1,16,FALSE,FALSE,FALSE,FALSE,FALSE,1,20082,FALSE,0,"endemic"
"173","Brachypeza",1,1,FALSE,FALSE,FALSE,TRUE,TRUE,1,10,FALSE,2,"non-endemic"
"174","Brachyscias",1,1,FALSE,FALSE,FALSE,FALSE,FALSE,1,14,FALSE,0,"endemic"
"175","Brachysola",1,2,FALSE,FALSE,FALSE,FALSE,FALSE,1,103,FALSE,0,"endemic"
"176","Brackenridgea",1,1,FALSE,FALSE,TRUE,TRUE,TRUE,0.919540229885058,174,TRUE,4,"non-endemic"
"177","Brassiantha",1,1,FALSE,FALSE,FALSE,TRUE,TRUE,0.934782608695652,46,TRUE,3,"non-endemic"
"178","Brombya",1,2,FALSE,FALSE,FALSE,FALSE,FALSE,1,244,FALSE,0,"endemic"
"179","Brunonia",1,1,FALSE,FALSE,FALSE,FALSE,FALSE,1,9244,FALSE,0,"endemic"
"180","Bubbia",1,4,FALSE,FALSE,FALSE,FALSE,TRUE,0.772194304857621,597,TRUE,2,"non-endemic"
"181","Buckinghamia",1,2,FALSE,FALSE,FALSE,FALSE,FALSE,0.980978260869565,368,TRUE,1,"endemic"
"182","Bulbine",1,7,TRUE,FALSE,TRUE,TRUE,FALSE,0.998040119898547,17348,FALSE,3,"non-endemic"
"183","Burchardia",1,6,FALSE,FALSE,FALSE,FALSE,FALSE,1,20174,FALSE,0,"endemic"
"184","Burnettia",1,1,FALSE,FALSE,FALSE,FALSE,FALSE,1,409,FALSE,0,"endemic"
"185","Bursaria",1,8,FALSE,FALSE,FALSE,FALSE,FALSE,0.999907838348463,43402,FALSE,0,"endemic"
"186","Cadellia",1,1,FALSE,FALSE,FALSE,FALSE,FALSE,0.993927125506073,494,FALSE,0,"endemic"
"187","Cadetia",1,6,FALSE,FALSE,FALSE,FALSE,TRUE,0.613636363636364,308,TRUE,2,"non-endemic"
"188","Calamphoreus",1,1,FALSE,FALSE,FALSE,FALSE,FALSE,1,49,FALSE,0,"endemic"
"189","Calandrinia",1,56,TRUE,FALSE,TRUE,TRUE,TRUE,0.99519516277061,18523,FALSE,4,"non-endemic"
"190","Calectasia",1,15,FALSE,FALSE,FALSE,FALSE,FALSE,1,1501,FALSE,0,"endemic"
"191","Callicoma",1,1,FALSE,FALSE,FALSE,FALSE,FALSE,0.997123484692829,4867,FALSE,0,"endemic"
"192","Callipteris",1,1,FALSE,FALSE,FALSE,TRUE,FALSE,0.40625,192,TRUE,2,"non-endemic"
"193","Callistachys",1,1,TRUE,FALSE,FALSE,TRUE,FALSE,0.879781420765027,549,TRUE,3,"non-endemic"
"194","Calocephalus",1,12,FALSE,FALSE,FALSE,TRUE,FALSE,1,10789,FALSE,1,"endemic"
"195","Calomeria",1,1,FALSE,FALSE,FALSE,TRUE,FALSE,0.994694960212202,754,FALSE,1,"endemic"
"196","Calorophus",1,2,FALSE,FALSE,FALSE,FALSE,FALSE,1,578,FALSE,0,"endemic"
"197","Calostemma",1,3,FALSE,FALSE,FALSE,FALSE,FALSE,1,2009,FALSE,0,"endemic"
"198","Calothamnus",1,41,FALSE,FALSE,TRUE,FALSE,FALSE,0.998655913978495,5952,FALSE,1,"endemic"
"199","Calotis",1,26,TRUE,FALSE,FALSE,TRUE,FALSE,0.998952190652566,41038,FALSE,2,"non-endemic"
"200","Calycopeplus",1,5,FALSE,FALSE,FALSE,FALSE,FALSE,1,588,FALSE,0,"endemic"
"201","Calyptochloa",1,3,FALSE,FALSE,FALSE,FALSE,FALSE,1,120,FALSE,0,"endemic"
"202","Calytrix",1,86,FALSE,FALSE,FALSE,FALSE,FALSE,0.999849678311587,33262,FALSE,0,"endemic"
"203","Camonea",1,1,FALSE,FALSE,FALSE,TRUE,FALSE,0.842105263157895,38,TRUE,2,"non-endemic"
"204","Campynema",1,1,FALSE,FALSE,FALSE,FALSE,FALSE,1,251,FALSE,0,"endemic"
"205","Cardwellia",1,1,FALSE,FALSE,FALSE,FALSE,FALSE,1,265,FALSE,0,"endemic"
"206","Carinavalva",1,1,FALSE,FALSE,FALSE,FALSE,FALSE,1,14,FALSE,0,"endemic"
"207","Carmichaelia",1,1,TRUE,FALSE,FALSE,TRUE,FALSE,0.0219087635054022,3332,TRUE,3,"non-endemic"
"208","Carnarvonia",1,1,FALSE,FALSE,FALSE,FALSE,FALSE,1,331,FALSE,0,"endemic"
"209","Carpentaria",1,1,FALSE,FALSE,FALSE,FALSE,FALSE,1,756,FALSE,0,"endemic"
"210","Carronia",1,3,FALSE,FALSE,FALSE,TRUE,TRUE,0.995398773006135,652,FALSE,2,"non-endemic"
"211","Caryota",1,1,FALSE,FALSE,FALSE,TRUE,TRUE,0.624390243902439,205,TRUE,3,"non-endemic"
"212","Cassia",1,4,FALSE,TRUE,TRUE,TRUE,TRUE,0.841259640102828,1556,TRUE,5,"non-endemic"
"213","Cassinia",1,46,FALSE,FALSE,FALSE,TRUE,FALSE,0.999805535749011,61708,FALSE,1,"non-endemic"
"214","Castanospora",1,1,FALSE,FALSE,FALSE,FALSE,FALSE,1,380,FALSE,0,"endemic"
"215","Catacolea",1,1,FALSE,FALSE,FALSE,FALSE,FALSE,1,20,FALSE,0,"endemic"
"216","Catalepidia",1,1,FALSE,FALSE,FALSE,FALSE,FALSE,1,134,FALSE,0,"endemic"
"217","Caustis",1,7,FALSE,FALSE,FALSE,FALSE,FALSE,1,10837,FALSE,0,"endemic"
"218","Celmisia",1,8,TRUE,FALSE,FALSE,TRUE,FALSE,0.474128338278932,10784,TRUE,3,"non-endemic"
"219","Cenarrhenes",1,1,FALSE,FALSE,FALSE,FALSE,FALSE,1,1768,FALSE,0,"endemic"
"220","Centratherum",1,1,FALSE,FALSE,FALSE,TRUE,TRUE,0.969230769230769,650,TRUE,3,"non-endemic"
"221","Centropappus",1,1,FALSE,FALSE,FALSE,FALSE,FALSE,1,128,FALSE,0,"endemic"
"222","Cephalaralia",1,1,FALSE,FALSE,FALSE,FALSE,FALSE,1,1410,FALSE,0,"endemic"
"223","Cephalipterum",1,1,FALSE,FALSE,FALSE,FALSE,FALSE,1,1086,FALSE,0,"endemic"
"224","Cephalosorus",1,1,FALSE,FALSE,FALSE,FALSE,FALSE,1,47,FALSE,0,"endemic"
"225","Cephalotus",1,1,FALSE,FALSE,FALSE,FALSE,FALSE,0.990909090909091,110,FALSE,0,"endemic"
"226","Ceratogyne",1,1,FALSE,FALSE,FALSE,FALSE,FALSE,1,333,FALSE,0,"endemic"
"227","Chaetanthus",1,3,FALSE,FALSE,FALSE,FALSE,FALSE,1,541,FALSE,0,"endemic"
"228","Chamaeraphis",1,1,FALSE,FALSE,FALSE,FALSE,FALSE,0.99047619047619,105,FALSE,0,"endemic"
"229","Chamaescilla",1,5,FALSE,FALSE,FALSE,FALSE,FALSE,1,7054,FALSE,0,"endemic"
"230","Chamaexeros",1,4,FALSE,FALSE,FALSE,FALSE,FALSE,1,431,FALSE,0,"endemic"
"231","Chamelaucium",1,11,FALSE,FALSE,FALSE,TRUE,FALSE,0.994845360824742,2134,FALSE,1,"endemic"
"232","Cheilocostus",1,1,FALSE,FALSE,FALSE,TRUE,TRUE,0.554347826086957,92,TRUE,3,"non-endemic"
"233","Cheiranthera",1,10,FALSE,FALSE,FALSE,FALSE,FALSE,0.999701581617428,3351,FALSE,0,"endemic"
"234","Chenopodium",1,9,TRUE,FALSE,TRUE,TRUE,TRUE,0.937519968759984,28169,TRUE,5,"non-endemic"
"235","Cheyniana",1,2,FALSE,FALSE,FALSE,FALSE,FALSE,1,131,FALSE,0,"endemic"
"236","Chiloschista",1,1,FALSE,FALSE,FALSE,TRUE,TRUE,1,83,FALSE,2,"non-endemic"
"237","Chingia",1,1,FALSE,FALSE,FALSE,TRUE,TRUE,0.450704225352113,71,TRUE,3,"non-endemic"
"238","Chionochloa",1,2,TRUE,FALSE,FALSE,TRUE,FALSE,0.0927672955974843,1908,TRUE,3,"non-endemic"
"239","Chlaenosciadium",1,1,FALSE,FALSE,FALSE,FALSE,FALSE,1,30,FALSE,0,"endemic"
"240","Chloanthes",1,4,FALSE,FALSE,FALSE,FALSE,FALSE,1,1680,FALSE,0,"endemic"
"241","Chondropyxis",1,1,FALSE,FALSE,FALSE,FALSE,FALSE,1,31,FALSE,0,"endemic"
"242","Chordifex",1,20,FALSE,FALSE,FALSE,FALSE,FALSE,1,3445,FALSE,0,"endemic"
"243","Choretrum",1,7,FALSE,FALSE,FALSE,FALSE,FALSE,1,4021,FALSE,0,"endemic"
"244","Chorilaena",1,1,FALSE,FALSE,FALSE,FALSE,FALSE,1,559,FALSE,0,"endemic"
"245","Chorizema",1,25,FALSE,FALSE,FALSE,TRUE,FALSE,0.999085296135376,4373,FALSE,1,"endemic"
"246","Chrysitrix",1,1,FALSE,FALSE,TRUE,TRUE,FALSE,0.978947368421053,95,TRUE,3,"non-endemic"
"247","Chrysocephalum",1,9,FALSE,FALSE,FALSE,FALSE,FALSE,0.999947700112445,38241,FALSE,0,"endemic"
"248","Chthonocephalus",1,7,FALSE,FALSE,FALSE,FALSE,FALSE,1,1194,FALSE,0,"endemic"
"249","Citronella",1,2,FALSE,TRUE,FALSE,TRUE,TRUE,0.969931271477663,1164,TRUE,4,"non-endemic"
"250","Citrus",1,6,FALSE,TRUE,FALSE,TRUE,TRUE,0.912450505939287,2273,TRUE,4,"non-endemic"
"251","Clausospicula",1,1,FALSE,FALSE,FALSE,FALSE,FALSE,1,17,FALSE,0,"endemic"
"252","Clematicissus",1,2,FALSE,FALSE,FALSE,TRUE,FALSE,0.999496728736789,1987,FALSE,1,"non-endemic"
"253","Clitoria",1,1,FALSE,FALSE,TRUE,TRUE,TRUE,0.843575418994413,1074,TRUE,4,"non-endemic"
"254","Coatesia",1,1,FALSE,FALSE,FALSE,FALSE,FALSE,1,273,FALSE,0,"endemic"
"255","Codariocalyx",1,1,FALSE,FALSE,FALSE,TRUE,TRUE,0,33,TRUE,3,"non-endemic"
"256","Codonocarpus",1,3,FALSE,FALSE,FALSE,FALSE,FALSE,1,1936,FALSE,0,"endemic"
"257","Coix",1,1,FALSE,FALSE,TRUE,TRUE,TRUE,0.235,200,TRUE,4,"non-endemic"
"258","Coleanthera",1,2,FALSE,FALSE,FALSE,FALSE,FALSE,1,41,FALSE,0,"endemic"
"259","Coleocarya",1,1,FALSE,FALSE,FALSE,FALSE,FALSE,1,297,FALSE,0,"endemic"
"260","Coleocoma",1,1,FALSE,FALSE,FALSE,FALSE,FALSE,1,44,FALSE,0,"endemic"
"261","Colysis",1,1,FALSE,FALSE,FALSE,FALSE,TRUE,0.924170616113744,211,TRUE,2,"non-endemic"
"262","Comesperma",1,33,FALSE,FALSE,FALSE,FALSE,FALSE,0.999391509771637,27938,FALSE,0,"endemic"
"263","Conospermum",1,52,FALSE,FALSE,FALSE,FALSE,FALSE,0.999689416880192,12879,FALSE,0,"endemic"
"264","Conostephium",1,12,FALSE,FALSE,FALSE,FALSE,FALSE,1,1642,FALSE,0,"endemic"
"265","Conostylis",1,45,FALSE,FALSE,FALSE,FALSE,FALSE,0.998186557860138,8823,FALSE,0,"endemic"
"266","Conothamnus",1,3,FALSE,FALSE,FALSE,FALSE,FALSE,1,261,FALSE,0,"endemic"
"267","Convolvulus",1,11,TRUE,FALSE,TRUE,TRUE,TRUE,0.986740154964454,25038,TRUE,5,"non-endemic"
"268","Cooktownia",1,1,FALSE,FALSE,FALSE,FALSE,FALSE,1,9,FALSE,0,"endemic"
"269","Coopernookia",1,6,FALSE,FALSE,FALSE,FALSE,FALSE,1,1487,FALSE,0,"endemic"
"270","Corokia",1,2,TRUE,FALSE,FALSE,TRUE,FALSE,0.357377049180328,915,TRUE,3,"non-endemic"
"271","Coronidium",1,21,FALSE,FALSE,FALSE,FALSE,FALSE,1,26773,FALSE,0,"endemic"
"272","Correa",1,11,FALSE,FALSE,FALSE,TRUE,FALSE,0.998355838522354,28586,FALSE,1,"endemic"
"273","Corsia",1,1,FALSE,FALSE,FALSE,TRUE,TRUE,0.5,66,TRUE,3,"non-endemic"
"274","Corynanthera",1,1,FALSE,FALSE,FALSE,FALSE,FALSE,1,32,FALSE,0,"endemic"
"275","Corynotheca",1,6,FALSE,FALSE,FALSE,FALSE,FALSE,0.998959417273673,961,FALSE,0,"endemic"
"276","Cosmelia",1,1,FALSE,FALSE,FALSE,FALSE,FALSE,1,129,FALSE,0,"endemic"
"277","Cossinia",1,1,FALSE,TRUE,FALSE,TRUE,FALSE,0.95,60,TRUE,3,"non-endemic"
"278","Craspedia",1,19,TRUE,FALSE,FALSE,TRUE,FALSE,0.838028169014085,16756,TRUE,3,"non-endemic"
"279","Cratystylis",1,4,FALSE,FALSE,FALSE,FALSE,FALSE,1,1453,FALSE,0,"endemic"
"280","Cremnothamnus",1,1,FALSE,FALSE,FALSE,FALSE,FALSE,1,216,FALSE,0,"endemic"
"281","Crenidium",1,1,FALSE,FALSE,FALSE,FALSE,FALSE,1,27,FALSE,0,"endemic"
"282","Cressa",1,1,FALSE,FALSE,FALSE,TRUE,FALSE,0.998607242339833,2154,FALSE,1,"non-endemic"
"283","Crispiloba",1,1,FALSE,FALSE,FALSE,FALSE,FALSE,1,132,FALSE,0,"endemic"
"284","Cristonia",1,2,FALSE,FALSE,FALSE,FALSE,FALSE,1,202,FALSE,0,"endemic"
"285","Croninia",1,1,FALSE,FALSE,FALSE,FALSE,FALSE,1,77,FALSE,0,"endemic"
"286","Crosslandia",1,1,FALSE,FALSE,FALSE,FALSE,FALSE,1,226,FALSE,0,"endemic"
"287","Crowea",1,3,FALSE,FALSE,FALSE,FALSE,FALSE,0.999167360532889,2402,FALSE,0,"endemic"
"288","Cryptandra",1,56,FALSE,FALSE,FALSE,FALSE,FALSE,0.998703378842194,13111,FALSE,0,"endemic"
"289","Ctenopteris",1,1,FALSE,FALSE,TRUE,FALSE,TRUE,0.038961038961039,385,TRUE,3,"non-endemic"
"290","Cuphonotus",1,2,FALSE,FALSE,FALSE,FALSE,FALSE,1,469,FALSE,0,"endemic"
"291","Curculigo",1,1,FALSE,TRUE,FALSE,TRUE,TRUE,0.927272727272727,330,TRUE,4,"non-endemic"
"292","Cuttsia",1,1,FALSE,FALSE,FALSE,FALSE,FALSE,1,671,FALSE,0,"endemic"
"293","Cyanicula",1,10,FALSE,FALSE,FALSE,FALSE,FALSE,1,3651,FALSE,0,"endemic"
"294","Cyanostegia",1,5,FALSE,FALSE,FALSE,FALSE,FALSE,1,662,FALSE,0,"endemic"
"295","Cyathochaeta",1,6,FALSE,FALSE,FALSE,FALSE,FALSE,1,5499,FALSE,0,"endemic"
"296","Cyathodes",1,3,FALSE,FALSE,FALSE,TRUE,FALSE,0.991628614916286,2628,FALSE,1,"endemic"
"297","Cyathostemon",1,6,FALSE,FALSE,FALSE,FALSE,FALSE,0.997530864197531,405,FALSE,0,"endemic"
"298","Cymbidium",1,3,FALSE,FALSE,TRUE,TRUE,TRUE,0.998877413560844,4454,FALSE,3,"non-endemic"
"299","Cymbonotus",1,3,FALSE,FALSE,FALSE,FALSE,FALSE,1,10600,FALSE,0,"endemic"
"300","Cynodon",1,4,TRUE,TRUE,TRUE,TRUE,TRUE,0.989420280888449,32326,TRUE,6,"non-endemic"
"301","Cyphanthera",1,9,FALSE,FALSE,FALSE,FALSE,FALSE,0.999383477188656,1622,FALSE,0,"endemic"
"302","Cypselocarpus",1,1,FALSE,FALSE,FALSE,FALSE,FALSE,1,39,FALSE,0,"endemic"
"303","Cyrtandra",1,1,FALSE,TRUE,FALSE,TRUE,TRUE,0.169014084507042,497,TRUE,4,"non-endemic"
"304","Cyrtostylis",1,4,TRUE,FALSE,FALSE,TRUE,FALSE,0.970094148052428,5417,TRUE,3,"non-endemic"
"305","Cytogonidium",1,1,FALSE,FALSE,FALSE,FALSE,FALSE,1,120,FALSE,0,"endemic"
"306","Dactyliophora",1,1,FALSE,FALSE,FALSE,TRUE,TRUE,0.32,50,TRUE,3,"non-endemic"
"307","Dactyloctenium",1,2,FALSE,FALSE,TRUE,TRUE,TRUE,0.979967514889009,5541,TRUE,4,"non-endemic"
"308","Dallwatsonia",1,1,FALSE,FALSE,FALSE,FALSE,FALSE,1,6,FALSE,0,"endemic"
"309","Damasonium",1,1,FALSE,FALSE,FALSE,TRUE,FALSE,0.996478873239437,1704,FALSE,1,"non-endemic"
"310","Dampiera",1,68,FALSE,FALSE,FALSE,FALSE,FALSE,1,30492,FALSE,0,"endemic"
"311","Dansiea",1,2,FALSE,FALSE,FALSE,FALSE,FALSE,1,61,FALSE,0,"endemic"
"312","Daphnandra",1,6,FALSE,FALSE,FALSE,FALSE,FALSE,1,2820,FALSE,0,"endemic"
"313","Darlingia",1,2,FALSE,FALSE,FALSE,FALSE,FALSE,1,319,FALSE,0,"endemic"
"314","Darwinia",1,51,FALSE,FALSE,FALSE,FALSE,FALSE,0.999616711383672,10436,FALSE,0,"endemic"
"315","Dasymalla",1,5,FALSE,FALSE,FALSE,FALSE,FALSE,1,639,FALSE,0,"endemic"
"316","Dasypogon",1,3,FALSE,FALSE,FALSE,FALSE,FALSE,1,1358,FALSE,0,"endemic"
"317","Davidsonia",1,3,FALSE,FALSE,FALSE,FALSE,FALSE,0.995417048579285,1091,FALSE,0,"endemic"
"318","Daviesia",1,131,FALSE,FALSE,FALSE,FALSE,FALSE,0.999966659998666,59988,FALSE,0,"endemic"
"319","Debregeasia",1,1,TRUE,FALSE,FALSE,TRUE,TRUE,0.392638036809816,163,TRUE,4,"non-endemic"
"320","Decaschistia",1,3,FALSE,FALSE,FALSE,TRUE,TRUE,0.993589743589744,156,FALSE,2,"non-endemic"
"321","Decazesia",1,1,FALSE,FALSE,FALSE,FALSE,FALSE,1,39,FALSE,0,"endemic"
"322","Delarbrea",1,1,FALSE,TRUE,FALSE,TRUE,TRUE,0.896551724137931,261,TRUE,4,"non-endemic"
"323","Demorchis",1,2,FALSE,FALSE,FALSE,FALSE,FALSE,1,14,FALSE,0,"endemic"
"324","Dendroconche",1,1,FALSE,FALSE,FALSE,FALSE,FALSE,1,217,FALSE,0,"endemic"
"325","Denhamia",1,13,FALSE,TRUE,FALSE,TRUE,TRUE,0.999675271959734,12318,FALSE,3,"non-endemic"
"326","Dennstaedtia",1,1,TRUE,FALSE,FALSE,TRUE,TRUE,0.768813033359193,1289,TRUE,4,"non-endemic"
"327","Desmocladus",1,23,FALSE,FALSE,FALSE,FALSE,FALSE,1,3816,FALSE,0,"endemic"
"328","Desmodiopsis",1,1,FALSE,FALSE,FALSE,FALSE,FALSE,1,41,FALSE,0,"endemic"
"329","Desmos",1,3,FALSE,FALSE,FALSE,TRUE,TRUE,0.851485148514851,404,TRUE,3,"non-endemic"
"330","Diaspasis",1,1,FALSE,FALSE,FALSE,FALSE,FALSE,1,89,FALSE,0,"endemic"
"331","Dicarpidium",1,1,FALSE,FALSE,FALSE,FALSE,FALSE,1,123,FALSE,0,"endemic"
"332","Dichopogon",1,3,FALSE,FALSE,FALSE,FALSE,TRUE,1,652,FALSE,1,"endemic"
"333","Dichosciadium",1,1,FALSE,FALSE,FALSE,FALSE,FALSE,1,253,FALSE,0,"endemic"
"334","Dichromochlamys",1,1,FALSE,FALSE,FALSE,FALSE,FALSE,1,257,FALSE,0,"endemic"
"335","Dicksonia",1,3,TRUE,TRUE,TRUE,TRUE,TRUE,0.897481806630473,17314,TRUE,6,"non-endemic"
"336","Dicladanthera",1,2,FALSE,FALSE,FALSE,FALSE,FALSE,1,113,FALSE,0,"endemic"
"337","Dicrastylis",1,31,FALSE,FALSE,FALSE,FALSE,FALSE,1,3438,FALSE,0,"endemic"
"338","Didymanthus",1,1,FALSE,FALSE,FALSE,FALSE,FALSE,1,238,FALSE,0,"endemic"
"339","Dielitzia",1,1,FALSE,FALSE,FALSE,FALSE,FALSE,1,101,FALSE,0,"endemic"
"340","Dielsia",1,1,FALSE,FALSE,FALSE,FALSE,FALSE,1,95,FALSE,0,"endemic"
"341","Dielsiodoxa",1,5,FALSE,FALSE,FALSE,FALSE,FALSE,1,252,FALSE,0,"endemic"
"342","Dienia",1,6,FALSE,FALSE,FALSE,TRUE,TRUE,0.991803278688525,244,FALSE,2,"non-endemic"
"343","Dietes",1,1,TRUE,FALSE,TRUE,TRUE,FALSE,0.952,500,TRUE,4,"non-endemic"
"344","Dillwynia",1,29,FALSE,FALSE,FALSE,FALSE,FALSE,0.999962468097883,53288,FALSE,0,"endemic"
"345","Dimocarpus",1,1,FALSE,FALSE,FALSE,TRUE,TRUE,0.897196261682243,107,TRUE,3,"non-endemic"
"346","Dimorphocoma",1,1,FALSE,FALSE,FALSE,FALSE,FALSE,1,63,FALSE,0,"endemic"
"347","Dinghoua",1,1,FALSE,FALSE,FALSE,FALSE,FALSE,1,84,FALSE,0,"endemic"
"348","Dinosperma",1,4,FALSE,FALSE,FALSE,FALSE,FALSE,1,596,FALSE,0,"endemic"
"349","Diocirea",1,4,FALSE,FALSE,FALSE,FALSE,FALSE,1,53,FALSE,0,"endemic"
"350","Diodontium",1,1,FALSE,FALSE,FALSE,FALSE,FALSE,1,7,FALSE,0,"endemic"
"351","Diplarrena",1,2,FALSE,FALSE,FALSE,FALSE,FALSE,1,3242,FALSE,0,"endemic"
"352","Diplaspis",1,3,FALSE,FALSE,FALSE,FALSE,FALSE,1,629,FALSE,0,"endemic"
"353","Diplatia",1,3,FALSE,FALSE,FALSE,FALSE,FALSE,1,494,FALSE,0,"endemic"
"354","Diplocaulobium",1,1,FALSE,FALSE,FALSE,FALSE,TRUE,0.334302325581395,344,TRUE,2,"non-endemic"
"355","Diplolaena",1,15,FALSE,FALSE,FALSE,FALSE,FALSE,1,1139,FALSE,0,"endemic"
"356","Diplopeltis",1,5,FALSE,FALSE,FALSE,FALSE,FALSE,1,887,FALSE,0,"endemic"
"357","Dipteracanthus",1,3,FALSE,FALSE,TRUE,TRUE,FALSE,0.943030303030303,825,TRUE,3,"non-endemic"
"358","Discaria",1,2,TRUE,FALSE,FALSE,TRUE,FALSE,0.917297024710035,1983,TRUE,3,"non-endemic"
"359","Diselma",1,1,FALSE,FALSE,FALSE,FALSE,FALSE,0.995305164319249,426,FALSE,0,"endemic"
"360","Disphyma",1,1,TRUE,FALSE,TRUE,TRUE,FALSE,0.952554213360501,6871,TRUE,4,"non-endemic"
"361","Dissiliaria",1,5,FALSE,FALSE,FALSE,FALSE,FALSE,1,409,FALSE,0,"endemic"
"362","Dissocarpus",1,4,FALSE,FALSE,FALSE,FALSE,FALSE,1,8058,FALSE,0,"endemic"
"363","Distichlis",1,1,FALSE,FALSE,FALSE,TRUE,FALSE,0.995792426367462,4278,FALSE,1,"non-endemic"
"364","Dithyrostegia",1,2,FALSE,FALSE,FALSE,FALSE,FALSE,1,41,FALSE,0,"endemic"
"365","Diuris",1,99,FALSE,FALSE,FALSE,TRUE,TRUE,1,49186,FALSE,2,"non-endemic"
"366","Dockrillia",1,20,FALSE,FALSE,FALSE,FALSE,FALSE,0.989352102508572,5541,TRUE,1,"non-endemic"
"367","Doryanthes",1,2,FALSE,FALSE,FALSE,FALSE,FALSE,0.997889182058047,3790,FALSE,0,"endemic"
"368","Doryphora",1,2,FALSE,FALSE,FALSE,FALSE,FALSE,0.999754118514876,4067,FALSE,0,"endemic"
"369","Drabastrum",1,1,FALSE,FALSE,FALSE,FALSE,FALSE,1,125,FALSE,0,"endemic"
"370","Dracophyllum",1,7,TRUE,TRUE,FALSE,TRUE,FALSE,0.26030992251937,8002,TRUE,4,"non-endemic"
"371","Drakaea",1,10,FALSE,FALSE,FALSE,FALSE,FALSE,1,1203,FALSE,0,"endemic"
"372","Drummondita",1,10,FALSE,FALSE,FALSE,FALSE,FALSE,1,514,FALSE,0,"endemic"
"373","Dryadodaphne",1,1,FALSE,FALSE,FALSE,TRUE,TRUE,0.647058823529412,136,TRUE,3,"non-endemic"
"374","Drymoanthus",1,1,TRUE,TRUE,FALSE,TRUE,FALSE,0.0769230769230769,234,TRUE,4,"non-endemic"
"375","Drymophila",1,2,FALSE,FALSE,FALSE,FALSE,FALSE,1,3890,FALSE,0,"endemic"
"376","Dryopoa",1,1,FALSE,FALSE,FALSE,FALSE,FALSE,1,823,FALSE,0,"endemic"
"377","Dubouzetia",1,2,FALSE,TRUE,FALSE,TRUE,TRUE,0.533333333333333,150,TRUE,4,"non-endemic"
"378","Duma",1,3,FALSE,FALSE,FALSE,TRUE,FALSE,1,13022,FALSE,1,"endemic"
"379","Duperreya",1,3,FALSE,FALSE,FALSE,FALSE,FALSE,1,351,FALSE,0,"endemic"
"380","Durringtonia",1,1,FALSE,FALSE,FALSE,FALSE,FALSE,1,81,FALSE,0,"endemic"
"381","Ecdeiocolea",1,2,FALSE,FALSE,FALSE,FALSE,FALSE,1,419,FALSE,0,"endemic"
"382","Echinostephia",1,1,FALSE,FALSE,FALSE,FALSE,FALSE,1,583,FALSE,0,"endemic"
"383","Eidothea",1,2,FALSE,FALSE,FALSE,FALSE,FALSE,1,345,FALSE,0,"endemic"
"384","Elachanthus",1,2,FALSE,FALSE,FALSE,FALSE,FALSE,1,399,FALSE,0,"endemic"
"385","Elacholoma",1,2,FALSE,FALSE,FALSE,FALSE,FALSE,1,501,FALSE,0,"endemic"
"386","Elattostachys",1,5,FALSE,TRUE,FALSE,TRUE,TRUE,0.985714285714286,2310,TRUE,4,"non-endemic"
"387","Elythranthera",1,2,FALSE,FALSE,FALSE,FALSE,FALSE,1,1948,FALSE,0,"endemic"
"388","Embadium",1,3,FALSE,FALSE,FALSE,FALSE,FALSE,1,62,FALSE,0,"endemic"
"389","Emblingia",1,1,FALSE,FALSE,FALSE,FALSE,FALSE,1,36,FALSE,0,"endemic"
"390","Enekbatus",1,10,FALSE,FALSE,FALSE,FALSE,FALSE,1,346,FALSE,0,"endemic"
"391","Enydra",1,1,FALSE,FALSE,TRUE,TRUE,TRUE,0.98876404494382,356,TRUE,4,"non-endemic"
"392","Epacris",1,53,TRUE,FALSE,FALSE,TRUE,FALSE,0.992473687305227,68028,FALSE,2,"non-endemic"
"393","Epiblema",1,1,FALSE,FALSE,FALSE,FALSE,FALSE,1,150,FALSE,0,"endemic"
"394","Epitriche",1,1,FALSE,FALSE,FALSE,FALSE,FALSE,1,24,FALSE,0,"endemic"
"395","Eremaea",1,14,FALSE,FALSE,FALSE,FALSE,FALSE,1,2230,FALSE,0,"endemic"
"396","Eremophea",1,2,FALSE,FALSE,FALSE,FALSE,FALSE,1,321,FALSE,0,"endemic"
"397","Eremophila",1,234,TRUE,FALSE,FALSE,TRUE,FALSE,0.999839039187767,80765,FALSE,2,"non-endemic"
"398","Eremosyne",1,1,FALSE,FALSE,FALSE,FALSE,FALSE,1,54,FALSE,0,"endemic"
"399","Eria",1,5,FALSE,TRUE,FALSE,TRUE,TRUE,0.622448979591837,294,TRUE,4,"non-endemic"
"400","Erichsenia",1,1,FALSE,FALSE,FALSE,FALSE,FALSE,1,53,FALSE,0,"endemic"
"401","Ericksonella",1,1,FALSE,FALSE,FALSE,FALSE,FALSE,1,466,FALSE,0,"endemic"
"402","Ericomyrtus",1,4,FALSE,FALSE,FALSE,FALSE,FALSE,1,870,FALSE,0,"endemic"
"403","Erigeron",1,1,TRUE,FALSE,TRUE,TRUE,TRUE,0.969933355855164,32561,TRUE,5,"non-endemic"
"404","Eriochilus",1,11,FALSE,FALSE,FALSE,FALSE,FALSE,1,6730,FALSE,0,"endemic"
"405","Eriochiton",1,1,FALSE,FALSE,FALSE,FALSE,FALSE,1,4081,FALSE,0,"endemic"
"406","Eriochlamys",1,4,FALSE,FALSE,FALSE,FALSE,FALSE,0.998939554612938,943,FALSE,0,"endemic"
"407","Eriostemon",1,2,FALSE,FALSE,FALSE,FALSE,FALSE,0.997846374730797,2786,FALSE,0,"endemic"
"408","Erodiophyllum",1,2,FALSE,FALSE,FALSE,FALSE,FALSE,1,216,FALSE,0,"endemic"
"409","Erodium",1,5,FALSE,FALSE,TRUE,TRUE,FALSE,0.978672322035933,24991,TRUE,3,"non-endemic"
"410","Erymophyllum",1,5,FALSE,FALSE,FALSE,FALSE,FALSE,1,664,FALSE,0,"endemic"
"411","Erythrophleum",1,1,FALSE,FALSE,TRUE,TRUE,TRUE,0.999147775694563,11734,FALSE,3,"non-endemic"
"412","Erythrorchis",1,1,FALSE,FALSE,FALSE,TRUE,TRUE,1,393,FALSE,2,"non-endemic"
"413","Erythroxylum",1,2,FALSE,TRUE,TRUE,TRUE,TRUE,0.919938016528926,1936,TRUE,5,"non-endemic"
"414","Eschenbachia",1,2,FALSE,FALSE,TRUE,TRUE,FALSE,0.844961240310077,129,TRUE,3,"non-endemic"
"415","Ethuliopsis",1,1,FALSE,FALSE,FALSE,FALSE,FALSE,1,352,FALSE,0,"endemic"
"416","Etlingera",1,1,FALSE,FALSE,FALSE,TRUE,TRUE,0.823529411764706,102,TRUE,3,"non-endemic"
"417","Euchilopsis",1,1,FALSE,FALSE,FALSE,FALSE,FALSE,1,267,FALSE,0,"endemic"
"418","Eucosia",1,1,FALSE,FALSE,FALSE,FALSE,FALSE,0.621621621621622,37,TRUE,1,"non-endemic"
"419","Eucryphia",1,5,FALSE,FALSE,FALSE,TRUE,FALSE,0.992374727668845,3672,FALSE,1,"non-endemic"
"420","Eumachia",1,1,FALSE,TRUE,FALSE,TRUE,FALSE,0.487684729064039,203,TRUE,3,"non-endemic"
"421","Euodia",1,2,FALSE,TRUE,FALSE,TRUE,TRUE,0.613333333333333,225,TRUE,4,"non-endemic"
"422","Euphrasia",1,20,TRUE,FALSE,FALSE,TRUE,TRUE,0.794803107420305,11199,TRUE,4,"non-endemic"
"423","Eurychorda",1,1,FALSE,FALSE,FALSE,FALSE,FALSE,1,3455,FALSE,0,"endemic"
"424","Euryomyrtus",1,7,FALSE,FALSE,FALSE,FALSE,FALSE,1,4157,FALSE,0,"endemic"
"425","Eutaxia",1,22,FALSE,FALSE,FALSE,FALSE,FALSE,0.999156524882516,8299,FALSE,0,"endemic"
"426","Evandra",1,2,FALSE,FALSE,FALSE,FALSE,FALSE,1,258,FALSE,0,"endemic"
"427","Everistia",1,1,FALSE,FALSE,FALSE,FALSE,FALSE,0.998158379373849,543,FALSE,0,"endemic"
"428","Ewartia",1,4,FALSE,FALSE,FALSE,FALSE,FALSE,0.999036608863198,1038,FALSE,0,"endemic"
"429","Exocarya",1,1,FALSE,FALSE,FALSE,TRUE,TRUE,0.996805111821086,313,FALSE,2,"non-endemic"
"430","Falcataria",1,1,FALSE,FALSE,FALSE,TRUE,TRUE,0.562326869806094,361,TRUE,3,"non-endemic"
"431","Feldstonia",1,1,FALSE,FALSE,FALSE,FALSE,FALSE,1,39,FALSE,0,"endemic"
"432","Fieldia",1,1,FALSE,FALSE,FALSE,FALSE,FALSE,1,2109,FALSE,0,"endemic"
"433","Fitzwillia",1,1,FALSE,FALSE,FALSE,FALSE,FALSE,1,22,FALSE,0,"endemic"
"434","Flacourtia",1,1,FALSE,FALSE,TRUE,TRUE,TRUE,0.733475479744137,469,TRUE,4,"non-endemic"
"435","Flickingeria",1,3,FALSE,FALSE,FALSE,FALSE,FALSE,0.576923076923077,78,TRUE,1,"non-endemic"
"436","Floydia",1,1,FALSE,FALSE,FALSE,FALSE,FALSE,1,191,FALSE,0,"endemic"
"437","Fontainea",1,6,FALSE,TRUE,FALSE,TRUE,TRUE,0.983827493261456,371,TRUE,4,"non-endemic"
"438","Forstera",1,1,TRUE,FALSE,FALSE,TRUE,FALSE,0.182912154031288,831,TRUE,3,"non-endemic"
"439","Franciscodendron",1,1,FALSE,FALSE,FALSE,FALSE,FALSE,1,136,FALSE,0,"endemic"
"440","Frankenia",1,44,FALSE,FALSE,TRUE,TRUE,FALSE,0.986095281513563,8774,TRUE,3,"non-endemic"
"441","Franklandia",1,2,FALSE,FALSE,FALSE,FALSE,FALSE,1,268,FALSE,0,"endemic"
"442","Galbulimima",1,1,FALSE,FALSE,FALSE,TRUE,TRUE,0.724409448818898,254,TRUE,3,"non-endemic"
"443","Gardenia",1,19,FALSE,TRUE,TRUE,TRUE,TRUE,0.942095298201325,6338,TRUE,5,"non-endemic"
"444","Gastrolobium",1,110,FALSE,FALSE,FALSE,TRUE,FALSE,0.999000299910027,10003,FALSE,1,"endemic"
"445","Geleznowia",1,1,FALSE,FALSE,FALSE,FALSE,FALSE,1,491,FALSE,0,"endemic"
"446","Genoplesium",1,1,FALSE,TRUE,FALSE,TRUE,TRUE,0.981917701104486,10231,TRUE,4,"non-endemic"
"447","Gentiana",1,4,FALSE,FALSE,FALSE,TRUE,TRUE,0.162361623616236,813,TRUE,3,"non-endemic"
"448","Gentianella",1,14,TRUE,FALSE,FALSE,TRUE,FALSE,0.329555936223481,7589,TRUE,3,"non-endemic"
"449","Geococcus",1,1,FALSE,FALSE,FALSE,FALSE,FALSE,1,546,FALSE,0,"endemic"
"450","Georgeantha",1,1,FALSE,FALSE,FALSE,FALSE,FALSE,0.851851851851852,81,TRUE,1,"endemic"
"451","Geosiris",1,1,FALSE,FALSE,FALSE,TRUE,FALSE,1,8,FALSE,1,"non-endemic"
"452","Gilberta",1,1,FALSE,FALSE,FALSE,FALSE,FALSE,1,359,FALSE,0,"endemic"
"453","Gilesia",1,1,FALSE,FALSE,FALSE,FALSE,FALSE,1,127,FALSE,0,"endemic"
"454","Gilruthia",1,1,FALSE,FALSE,FALSE,FALSE,FALSE,1,161,FALSE,0,"endemic"
"455","Gingidia",1,3,TRUE,FALSE,FALSE,TRUE,FALSE,0.277168494516451,1003,TRUE,3,"non-endemic"
"456","Glischrocaryon",1,5,FALSE,FALSE,FALSE,FALSE,FALSE,0.999754661432777,4076,FALSE,0,"endemic"
"457","Glossodia",1,2,FALSE,FALSE,FALSE,FALSE,FALSE,1,11600,FALSE,0,"endemic"
"458","Glyceria",1,3,TRUE,FALSE,TRUE,TRUE,FALSE,0.760218860637271,3107,TRUE,4,"non-endemic"
"459","Glycocystis",1,1,FALSE,FALSE,FALSE,FALSE,FALSE,1,67,FALSE,0,"endemic"
"460","Glycyrrhiza",1,1,FALSE,FALSE,TRUE,TRUE,TRUE,0.976692066337965,2231,TRUE,4,"non-endemic"
"461","Gnaphalium",1,2,FALSE,FALSE,TRUE,TRUE,TRUE,0.888096544157981,1823,TRUE,4,"non-endemic"
"462","Gnephosis",1,16,FALSE,FALSE,FALSE,FALSE,FALSE,1,5034,FALSE,0,"endemic"
"463","Gomphrena",1,32,FALSE,FALSE,TRUE,TRUE,TRUE,0.986311035845329,7086,TRUE,4,"non-endemic"
"464","Goniothalamus",1,1,FALSE,TRUE,FALSE,TRUE,TRUE,0.489130434782609,276,TRUE,4,"non-endemic"
"465","Goodia",1,6,FALSE,FALSE,FALSE,TRUE,FALSE,0.995652995652996,5291,FALSE,1,"endemic"
"466","Gossypium",1,17,FALSE,TRUE,TRUE,TRUE,TRUE,0.968197088465846,4465,TRUE,5,"non-endemic"
"467","Grammitis",1,4,FALSE,TRUE,TRUE,TRUE,TRUE,0.602491506228766,883,TRUE,5,"non-endemic"
"468","Grammosolen",1,2,FALSE,FALSE,FALSE,FALSE,FALSE,1,420,FALSE,0,"endemic"
"469","Granitites",1,1,FALSE,FALSE,FALSE,FALSE,FALSE,1,42,FALSE,0,"endemic"
"470","Grastidium",1,5,FALSE,FALSE,FALSE,FALSE,TRUE,0.397894736842105,475,TRUE,2,"non-endemic"
"471","Gratwickia",1,1,FALSE,FALSE,FALSE,FALSE,FALSE,1,82,FALSE,0,"endemic"
"472","Guichenotia",1,17,FALSE,FALSE,FALSE,FALSE,FALSE,1,1315,FALSE,0,"endemic"
"473","Guilfoylia",1,1,FALSE,FALSE,FALSE,FALSE,FALSE,1,597,FALSE,0,"endemic"
"474","Gunnera",1,1,TRUE,FALSE,TRUE,TRUE,TRUE,0.196858638743455,955,TRUE,5,"non-endemic"
"475","Gunnessia",1,1,FALSE,FALSE,FALSE,FALSE,FALSE,1,49,FALSE,0,"endemic"
"476","Gunniopsis",1,14,FALSE,FALSE,FALSE,FALSE,FALSE,1,1967,FALSE,0,"endemic"
"477","Gymnoschoenus",1,2,FALSE,FALSE,FALSE,FALSE,FALSE,1,3701,FALSE,0,"endemic"
"478","Gymnostachys",1,1,FALSE,FALSE,FALSE,FALSE,FALSE,0.999812663919071,5338,FALSE,0,"endemic"
"479","Gymnostoma",1,1,FALSE,TRUE,FALSE,TRUE,TRUE,0.212871287128713,606,TRUE,4,"non-endemic"
"480","Gynatrix",1,2,FALSE,FALSE,FALSE,FALSE,FALSE,1,1671,FALSE,0,"endemic"
"481","Gynura",1,1,FALSE,FALSE,FALSE,TRUE,TRUE,0.886363636363636,264,TRUE,3,"non-endemic"
"482","Gyrostemon",1,13,FALSE,FALSE,FALSE,FALSE,FALSE,1,2973,FALSE,0,"endemic"
"483","Hackelia",1,2,FALSE,FALSE,FALSE,TRUE,TRUE,0.990751445086705,6055,FALSE,2,"non-endemic"
"484","Haeckeria",1,2,FALSE,FALSE,FALSE,FALSE,FALSE,1,141,FALSE,0,"endemic"
"485","Haegiela",1,1,FALSE,FALSE,FALSE,FALSE,FALSE,1,153,FALSE,0,"endemic"
"486","Hakea",1,151,TRUE,FALSE,TRUE,TRUE,FALSE,0.996427393646257,90970,FALSE,3,"non-endemic"
"487","Haloragis",1,23,TRUE,TRUE,FALSE,TRUE,FALSE,0.97296599780631,15499,TRUE,4,"non-endemic"
"488","Haloragodendron",1,6,FALSE,FALSE,FALSE,FALSE,FALSE,1,602,FALSE,0,"endemic"
"489","Hannafordia",1,3,FALSE,FALSE,FALSE,FALSE,FALSE,1,543,FALSE,0,"endemic"
"490","Haptotrichion",1,2,FALSE,FALSE,FALSE,FALSE,FALSE,1,34,FALSE,0,"endemic"
"491","Harmogia",1,1,FALSE,FALSE,FALSE,FALSE,FALSE,1,966,FALSE,0,"endemic"
"492","Harmsiodoxa",1,3,FALSE,FALSE,FALSE,FALSE,FALSE,1,2081,FALSE,0,"endemic"
"493","Harnieria",1,2,FALSE,FALSE,FALSE,FALSE,FALSE,0.989304812834225,561,TRUE,1,"non-endemic"
"494","Hedraianthera",1,1,FALSE,FALSE,FALSE,FALSE,FALSE,1,589,FALSE,0,"endemic"
"495","Hedycarya",1,2,TRUE,TRUE,FALSE,TRUE,FALSE,0.927576601671309,5744,TRUE,4,"non-endemic"
"496","Hedyscepe",1,1,FALSE,FALSE,FALSE,FALSE,FALSE,0.973684210526316,76,TRUE,1,"endemic"
"497","Helichrysum",1,4,TRUE,TRUE,TRUE,TRUE,TRUE,0.818058132343847,8085,TRUE,6,"non-endemic"
"498","Helipterum",1,1,FALSE,FALSE,FALSE,FALSE,FALSE,0.988405797101449,345,TRUE,1,"endemic"
"499","Helmholtzia",1,2,FALSE,FALSE,FALSE,TRUE,TRUE,0.996884735202492,642,FALSE,2,"non-endemic"
"500","Hemarthria",1,1,FALSE,FALSE,TRUE,TRUE,TRUE,0.994891443167305,4698,FALSE,3,"non-endemic"
"501","Hemiandra",1,9,FALSE,FALSE,FALSE,FALSE,FALSE,1,1693,FALSE,0,"endemic"
"502","Hemichroa",1,1,FALSE,FALSE,FALSE,FALSE,FALSE,0.94,750,TRUE,1,"endemic"
"503","Hemigenia",1,53,FALSE,FALSE,FALSE,FALSE,FALSE,1,3704,FALSE,0,"endemic"
"504","Hemiphora",1,5,FALSE,FALSE,FALSE,FALSE,FALSE,1,461,FALSE,0,"endemic"
"505","Hemmantia",1,1,FALSE,FALSE,FALSE,FALSE,FALSE,0.571428571428571,21,TRUE,1,"endemic"
"506","Hensmania",1,3,FALSE,FALSE,FALSE,FALSE,FALSE,1,170,FALSE,0,"endemic"
"507","Heterachne",1,3,FALSE,FALSE,FALSE,FALSE,FALSE,1,471,FALSE,0,"endemic"
"508","Heterozostera",1,3,FALSE,FALSE,FALSE,FALSE,FALSE,0.955585464333782,743,TRUE,1,"non-endemic"
"509","Hexaspora",1,1,FALSE,FALSE,FALSE,FALSE,FALSE,1,26,FALSE,0,"endemic"
"510","Hicksbeachia",1,2,FALSE,FALSE,FALSE,FALSE,FALSE,1,1146,FALSE,0,"endemic"
"511","Hildegardia",1,1,FALSE,FALSE,FALSE,TRUE,TRUE,0.966666666666667,30,TRUE,3,"non-endemic"
"512","Hippocratea",1,1,FALSE,FALSE,TRUE,TRUE,TRUE,0.969387755102041,490,TRUE,4,"non-endemic"
"513","Hodgkinsonia",1,1,FALSE,FALSE,FALSE,FALSE,FALSE,0.998511904761905,672,FALSE,0,"endemic"
"514","Hodgsoniola",1,1,FALSE,FALSE,FALSE,FALSE,FALSE,0.939393939393939,66,TRUE,1,"endemic"
"515","Holcolemma",1,1,FALSE,FALSE,FALSE,TRUE,FALSE,1,25,FALSE,1,"non-endemic"
"516","Hollandaea",1,4,FALSE,FALSE,FALSE,FALSE,TRUE,1,202,FALSE,1,"endemic"
"517","Homalium",1,3,FALSE,TRUE,TRUE,TRUE,TRUE,0.687956204379562,548,TRUE,5,"non-endemic"
"518","Homalocalyx",1,11,FALSE,FALSE,FALSE,FALSE,FALSE,1,977,FALSE,0,"endemic"
"519","Homalosciadium",1,1,FALSE,FALSE,FALSE,FALSE,FALSE,1,586,FALSE,0,"endemic"
"520","Homalospermum",1,1,FALSE,FALSE,FALSE,FALSE,FALSE,1,278,FALSE,0,"endemic"
"521","Homopholis",1,1,FALSE,FALSE,FALSE,FALSE,FALSE,1,611,FALSE,0,"endemic"
"522","Homoranthus",1,31,FALSE,FALSE,FALSE,FALSE,FALSE,1,3352,FALSE,0,"endemic"
"523","Hookerochloa",1,2,FALSE,FALSE,FALSE,FALSE,FALSE,1,1007,FALSE,0,"endemic"
"524","Hopkinsia",1,2,FALSE,FALSE,FALSE,FALSE,FALSE,1,92,FALSE,0,"endemic"
"525","Horsfieldia",1,1,FALSE,FALSE,FALSE,TRUE,TRUE,0.652173913043478,920,TRUE,3,"non-endemic"
"526","Hovea",1,38,FALSE,FALSE,FALSE,FALSE,FALSE,0.99992710307625,27436,FALSE,0,"endemic"
"527","Howea",1,2,FALSE,FALSE,FALSE,TRUE,FALSE,0.990467111534795,1049,FALSE,1,"non-endemic"
"528","Howittia",1,1,FALSE,FALSE,FALSE,FALSE,FALSE,1,900,FALSE,0,"endemic"
"529","Hullsia",1,1,FALSE,FALSE,FALSE,FALSE,FALSE,1,28,FALSE,0,"endemic"
"530","Huxleya",1,1,FALSE,FALSE,FALSE,FALSE,FALSE,1,86,FALSE,0,"endemic"
"531","Hyalochlamys",1,1,FALSE,FALSE,FALSE,FALSE,FALSE,1,245,FALSE,0,"endemic"
"532","Hyalosperma",1,9,FALSE,FALSE,FALSE,FALSE,FALSE,1,6501,FALSE,0,"endemic"
"533","Hybanthus",1,8,FALSE,TRUE,TRUE,TRUE,TRUE,0.993600538901987,11876,FALSE,4,"non-endemic"
"534","Hygrochloa",1,2,FALSE,FALSE,FALSE,FALSE,FALSE,1,132,FALSE,0,"endemic"
"535","Hygrophila",1,1,TRUE,FALSE,TRUE,TRUE,TRUE,0.966485507246377,1104,TRUE,5,"non-endemic"
"536","Hylandia",1,1,FALSE,FALSE,FALSE,FALSE,FALSE,1,167,FALSE,0,"endemic"
"537","Hymenachne",1,1,FALSE,FALSE,FALSE,TRUE,TRUE,0.978860833822666,1703,TRUE,3,"non-endemic"
"538","Hypocalymma",1,26,FALSE,FALSE,FALSE,FALSE,FALSE,0.99696802646086,3628,FALSE,0,"endemic"
"539","Hypolaena",1,8,FALSE,FALSE,FALSE,FALSE,FALSE,1,10519,FALSE,0,"endemic"
"540","Hypsophila",1,2,FALSE,FALSE,FALSE,FALSE,FALSE,1,287,FALSE,0,"endemic"
"541","Hysterobaeckea",1,11,FALSE,FALSE,FALSE,FALSE,FALSE,0.999728408473656,3682,FALSE,0,"endemic"
"542","Idiospermum",1,1,FALSE,FALSE,FALSE,FALSE,FALSE,1,284,FALSE,0,"endemic"
"543","Illigera",1,1,FALSE,FALSE,FALSE,TRUE,TRUE,0.5,14,TRUE,3,"non-endemic"
"544","Indagator",1,1,FALSE,FALSE,FALSE,FALSE,FALSE,1,28,FALSE,0,"endemic"
"545","Iotasperma",1,2,FALSE,FALSE,FALSE,FALSE,FALSE,1,130,FALSE,0,"endemic"
"546","Irenepharsus",1,3,FALSE,FALSE,FALSE,FALSE,FALSE,1,310,FALSE,0,"endemic"
"547","Irvingbaileya",1,1,FALSE,FALSE,FALSE,FALSE,FALSE,1,115,FALSE,0,"endemic"
"548","Iseilema",1,12,FALSE,FALSE,FALSE,TRUE,TRUE,0.996685815289439,4526,FALSE,2,"non-endemic"
"549","Isoetopsis",1,1,FALSE,FALSE,FALSE,FALSE,FALSE,0.999717034521788,3534,FALSE,0,"endemic"
"550","Isoglossa",1,1,FALSE,FALSE,TRUE,TRUE,FALSE,0.990384615384615,104,FALSE,2,"non-endemic"
"551","Isophysis",1,1,FALSE,FALSE,FALSE,FALSE,FALSE,1,310,FALSE,0,"endemic"
"552","Isopogon",1,38,FALSE,FALSE,FALSE,FALSE,FALSE,0.999676480103526,18546,FALSE,0,"endemic"
"553","Isotropis",1,14,FALSE,FALSE,FALSE,FALSE,FALSE,1,2261,FALSE,0,"endemic"
"554","Ixiochlamys",1,4,FALSE,FALSE,FALSE,FALSE,FALSE,1,936,FALSE,0,"endemic"
"555","Ixiolaena",1,1,FALSE,FALSE,FALSE,FALSE,FALSE,1,140,FALSE,0,"endemic"
"556","Ixodia",1,2,FALSE,FALSE,FALSE,FALSE,FALSE,1,3152,FALSE,0,"endemic"
"557","Jacksonia",1,74,FALSE,FALSE,FALSE,FALSE,FALSE,1,15651,FALSE,0,"endemic"
"558","Jedda",1,1,FALSE,FALSE,FALSE,FALSE,FALSE,1,24,FALSE,0,"endemic"
"559","Johnsonia",1,5,FALSE,FALSE,FALSE,FALSE,FALSE,1,943,FALSE,0,"endemic"
"560","Kalanchoe",1,1,TRUE,FALSE,TRUE,TRUE,FALSE,0.656862745098039,102,TRUE,4,"non-endemic"
"561","Kardomia",1,6,FALSE,FALSE,FALSE,FALSE,FALSE,1,502,FALSE,0,"endemic"
"562","Karrabina",1,2,FALSE,FALSE,FALSE,FALSE,FALSE,1,861,FALSE,0,"endemic"
"563","Kelita",1,1,FALSE,FALSE,FALSE,FALSE,FALSE,1,2,FALSE,0,"endemic"
"564","Kennedia",1,13,FALSE,FALSE,FALSE,TRUE,FALSE,0.998563484708063,21580,FALSE,1,"endemic"
"565","Kingia",1,1,FALSE,FALSE,FALSE,FALSE,FALSE,1,533,FALSE,0,"endemic"
"566","Kippistia",1,1,FALSE,FALSE,FALSE,FALSE,FALSE,1,344,FALSE,0,"endemic"
"567","Koeleria",1,1,TRUE,FALSE,TRUE,TRUE,TRUE,0.148883374689826,403,TRUE,5,"non-endemic"
"568","Kohautia",1,1,FALSE,FALSE,TRUE,TRUE,TRUE,0.955555555555556,45,TRUE,4,"non-endemic"
"569","Kuntheria",1,1,FALSE,FALSE,FALSE,FALSE,FALSE,1,117,FALSE,0,"endemic"
"570","Labichea",1,14,FALSE,FALSE,FALSE,FALSE,FALSE,1,1524,FALSE,0,"endemic"
"571","Laccospadix",1,1,FALSE,FALSE,FALSE,FALSE,FALSE,0.988235294117647,255,TRUE,1,"endemic"
"572","Lachnostachys",1,6,FALSE,FALSE,FALSE,FALSE,FALSE,0.998678996036988,757,FALSE,0,"endemic"
"573","Lagarostrobos",1,1,FALSE,FALSE,FALSE,FALSE,FALSE,0.987654320987654,648,TRUE,1,"endemic"
"574","Lagunaria",1,2,TRUE,FALSE,TRUE,TRUE,FALSE,0.938461538461538,910,TRUE,4,"non-endemic"
"575","Lamarchea",1,2,FALSE,FALSE,FALSE,FALSE,FALSE,1,159,FALSE,0,"endemic"
"576","Lambertia",1,10,FALSE,FALSE,FALSE,FALSE,FALSE,0.999791991679667,9615,FALSE,0,"endemic"
"577","Lamprolobium",1,2,FALSE,FALSE,FALSE,TRUE,FALSE,1,322,FALSE,1,"endemic"
"578","Landoltia",1,1,TRUE,FALSE,FALSE,FALSE,FALSE,0.984067085953878,2385,TRUE,2,"non-endemic"
"579","Larsenaikia",1,3,FALSE,FALSE,FALSE,FALSE,FALSE,1,1617,FALSE,0,"endemic"
"580","Lasiopetalum",1,49,FALSE,FALSE,FALSE,FALSE,FALSE,0.99980556095664,15429,FALSE,0,"endemic"
"581","Lasjia",1,3,FALSE,FALSE,FALSE,TRUE,TRUE,0.970779220779221,308,TRUE,3,"non-endemic"
"582","Latrobea",1,8,FALSE,FALSE,FALSE,FALSE,FALSE,1,438,FALSE,0,"endemic"
"583","Lawrencella",1,2,FALSE,FALSE,FALSE,FALSE,FALSE,1,1522,FALSE,0,"endemic"
"584","Lawrencia",1,12,FALSE,FALSE,FALSE,TRUE,FALSE,1,4341,FALSE,1,"endemic"
"585","Laxmannia",1,13,FALSE,FALSE,FALSE,FALSE,FALSE,1,10587,FALSE,0,"endemic"
"586","Legnephora",1,1,FALSE,FALSE,FALSE,TRUE,TRUE,0.993730407523511,1276,FALSE,2,"non-endemic"
"587","Leiocarpa",1,10,FALSE,FALSE,FALSE,FALSE,FALSE,1,8371,FALSE,0,"endemic"
"588","Leionema",1,25,TRUE,FALSE,FALSE,TRUE,FALSE,0.967741935483871,6138,TRUE,3,"non-endemic"
"589","Lemooria",1,1,FALSE,FALSE,FALSE,FALSE,FALSE,1,549,FALSE,0,"endemic"
"590","Lenbrassia",1,1,FALSE,FALSE,FALSE,FALSE,FALSE,1,212,FALSE,0,"endemic"
"591","Lenwebbia",1,2,FALSE,FALSE,FALSE,FALSE,FALSE,1,255,FALSE,0,"endemic"
"592","Lepiderema",1,6,FALSE,FALSE,FALSE,TRUE,TRUE,0.999087591240876,1096,FALSE,2,"non-endemic"
"593","Lepidobolus",1,9,FALSE,FALSE,FALSE,FALSE,FALSE,1,2842,FALSE,0,"endemic"
"594","Lepidorrhachis",1,1,FALSE,FALSE,FALSE,FALSE,FALSE,1,68,FALSE,0,"endemic"
"595","Lepidozamia",1,2,FALSE,FALSE,FALSE,FALSE,FALSE,0.996083550913838,766,FALSE,0,"endemic"
"596","Lepistemon",1,1,FALSE,FALSE,FALSE,TRUE,TRUE,0.863636363636364,66,TRUE,3,"non-endemic"
"597","Leporella",1,1,FALSE,FALSE,FALSE,FALSE,FALSE,1,1930,FALSE,0,"endemic"
"598","Leptocarpus",1,15,FALSE,FALSE,FALSE,FALSE,FALSE,0.999715477996965,10544,FALSE,0,"endemic"
"599","Leptoceras",1,1,FALSE,FALSE,FALSE,FALSE,FALSE,1,2395,FALSE,0,"endemic"
"600","Leptochloa",1,1,FALSE,TRUE,TRUE,TRUE,TRUE,0.858416945373467,897,TRUE,5,"non-endemic"
"601","Leptomeria",1,17,FALSE,FALSE,FALSE,FALSE,FALSE,1,6795,FALSE,0,"endemic"
"602","Leptopteris",1,2,TRUE,TRUE,FALSE,TRUE,TRUE,0.186578171091445,1356,TRUE,5,"non-endemic"
"603","Leptorhynchos",1,10,FALSE,FALSE,FALSE,FALSE,FALSE,1,15619,FALSE,0,"endemic"
"604","Leptosema",1,13,FALSE,FALSE,FALSE,FALSE,FALSE,1,1855,FALSE,0,"endemic"
"605","Leptostigma",1,2,TRUE,FALSE,FALSE,TRUE,FALSE,0.87152516904583,1331,TRUE,3,"non-endemic"
"606","Lepyrodia",1,22,FALSE,FALSE,FALSE,FALSE,FALSE,1,10926,FALSE,0,"endemic"
"607","Lethedon",1,1,FALSE,TRUE,FALSE,TRUE,FALSE,0.852713178294574,129,TRUE,3,"non-endemic"
"608","Leucochrysum",1,6,FALSE,FALSE,FALSE,FALSE,FALSE,1,6848,FALSE,0,"endemic"
"609","Leucophyta",1,1,FALSE,FALSE,FALSE,FALSE,FALSE,0.99906015037594,2128,FALSE,0,"endemic"
"610","Levenhookia",1,11,FALSE,FALSE,FALSE,FALSE,FALSE,1,4295,FALSE,0,"endemic"
"611","Lilaeopsis",1,2,TRUE,FALSE,FALSE,TRUE,TRUE,0.854592947322595,2297,TRUE,4,"non-endemic"
"612","Limonium",1,2,FALSE,TRUE,TRUE,TRUE,TRUE,0.876737160120846,3310,TRUE,5,"non-endemic"
"613","Lindernia",1,42,FALSE,TRUE,TRUE,TRUE,TRUE,0.978227654698243,2618,TRUE,5,"non-endemic"
"614","Linospadix",1,5,FALSE,FALSE,FALSE,TRUE,TRUE,0.987888198757764,3220,TRUE,3,"non-endemic"
"615","Linum",1,2,TRUE,FALSE,TRUE,TRUE,FALSE,0.928754735427105,8183,TRUE,4,"non-endemic"
"616","Lissanthe",1,9,FALSE,FALSE,FALSE,FALSE,FALSE,1,13298,FALSE,0,"endemic"
"617","Logania",1,22,TRUE,FALSE,FALSE,TRUE,FALSE,0.999512115791186,6149,FALSE,2,"non-endemic"
"618","Lomatia",1,9,FALSE,FALSE,FALSE,TRUE,FALSE,0.999017405951712,28496,FALSE,1,"non-endemic"
"619","Lophopetalum",1,1,FALSE,FALSE,FALSE,TRUE,TRUE,0.868421052631579,190,TRUE,3,"non-endemic"
"620","Lordhowea",1,1,FALSE,FALSE,FALSE,FALSE,FALSE,1,268,FALSE,0,"endemic"
"621","Loxocarya",1,5,FALSE,FALSE,FALSE,FALSE,FALSE,1,603,FALSE,0,"endemic"
"622","Luisia",1,2,FALSE,TRUE,FALSE,TRUE,TRUE,0.838709677419355,62,TRUE,4,"non-endemic"
"623","Lycium",1,1,TRUE,FALSE,TRUE,TRUE,TRUE,0.998174433697609,119415,FALSE,4,"non-endemic"
"624","Lycopus",1,1,FALSE,FALSE,FALSE,TRUE,FALSE,0.992887624466572,1406,FALSE,1,"non-endemic"
"625","Lyginia",1,3,FALSE,FALSE,FALSE,TRUE,FALSE,1,1496,FALSE,1,"endemic"
"626","Lyperanthus",1,2,FALSE,FALSE,FALSE,FALSE,FALSE,0.998845931909983,1733,FALSE,0,"endemic"
"627","Lysiana",1,8,FALSE,FALSE,FALSE,FALSE,FALSE,1,8388,FALSE,0,"endemic"
"628","Lysicarpus",1,1,FALSE,FALSE,FALSE,FALSE,FALSE,1,631,FALSE,0,"endemic"
"629","Lysinema",1,6,FALSE,FALSE,FALSE,FALSE,FALSE,0.999553571428571,2240,FALSE,0,"endemic"
"630","Lysiosepalum",1,5,FALSE,FALSE,FALSE,FALSE,FALSE,1,283,FALSE,0,"endemic"
"631","Macarthuria",1,9,FALSE,FALSE,FALSE,FALSE,FALSE,1,966,FALSE,0,"endemic"
"632","Macgregoria",1,1,FALSE,FALSE,FALSE,FALSE,FALSE,1,247,FALSE,0,"endemic"
"633","Macropidia",1,1,FALSE,FALSE,FALSE,FALSE,FALSE,1,149,FALSE,0,"endemic"
"634","Macropteranthes",1,5,FALSE,FALSE,FALSE,FALSE,FALSE,1,925,FALSE,0,"endemic"
"635","Macrozamia",1,41,FALSE,FALSE,FALSE,FALSE,FALSE,0.999462510077936,11163,FALSE,0,"endemic"
"636","Malaccotristicha",1,1,FALSE,FALSE,FALSE,FALSE,FALSE,0.977777777777778,45,TRUE,1,"endemic"
"637","Malacocera",1,4,FALSE,FALSE,FALSE,FALSE,FALSE,0.999262536873156,1356,FALSE,0,"endemic"
"638","Malleostemon",1,14,FALSE,FALSE,FALSE,FALSE,FALSE,1,905,FALSE,0,"endemic"
"639","Malva",1,2,TRUE,FALSE,TRUE,TRUE,TRUE,0.934870809310271,14049,TRUE,5,"non-endemic"
"640","Malvastrum",1,1,FALSE,FALSE,TRUE,TRUE,TRUE,0.983787090853472,6538,TRUE,4,"non-endemic"
"641","Marianthus",1,15,FALSE,FALSE,FALSE,FALSE,FALSE,1,2282,FALSE,0,"endemic"
"642","Maundia",1,1,FALSE,FALSE,FALSE,FALSE,FALSE,1,11197,FALSE,0,"endemic"
"643","Medinilla",1,1,FALSE,FALSE,FALSE,TRUE,TRUE,0.169230769230769,520,TRUE,3,"non-endemic"
"644","Megahertzia",1,1,FALSE,FALSE,FALSE,FALSE,FALSE,1,67,FALSE,0,"endemic"
"645","Meionectes",1,2,FALSE,FALSE,FALSE,FALSE,FALSE,1,434,FALSE,0,"endemic"
"646","Melanostachya",1,1,FALSE,FALSE,FALSE,FALSE,FALSE,1,84,FALSE,0,"endemic"
"647","Melichrus",1,4,FALSE,FALSE,FALSE,FALSE,FALSE,1,15646,FALSE,0,"endemic"
"648","Menkea",1,6,FALSE,FALSE,FALSE,FALSE,FALSE,1,978,FALSE,0,"endemic"
"649","Mentha",1,6,TRUE,FALSE,TRUE,TRUE,TRUE,0.939740018570102,10770,TRUE,5,"non-endemic"
"650","Meryta",1,2,TRUE,TRUE,FALSE,TRUE,TRUE,0.207482993197279,294,TRUE,5,"non-endemic"
"651","Mesomelaena",1,5,FALSE,FALSE,FALSE,FALSE,FALSE,1,2268,FALSE,0,"endemic"
"652","Mesua",1,1,FALSE,FALSE,FALSE,TRUE,TRUE,0.54954954954955,111,TRUE,3,"non-endemic"
"653","Metrosideros",1,2,TRUE,TRUE,TRUE,TRUE,TRUE,0.138938447814451,4484,TRUE,6,"non-endemic"
"654","Micraira",1,15,FALSE,FALSE,FALSE,FALSE,FALSE,1,604,FALSE,0,"endemic"
"655","Micrantheum",1,4,FALSE,FALSE,FALSE,FALSE,FALSE,1,4212,FALSE,0,"endemic"
"656","Microcachrys",1,1,FALSE,FALSE,FALSE,FALSE,FALSE,1,474,FALSE,0,"endemic"
"657","Microcorys",1,20,FALSE,FALSE,FALSE,FALSE,FALSE,1,1193,FALSE,0,"endemic"
"658","Microcybe",1,4,FALSE,FALSE,FALSE,FALSE,FALSE,1,1231,FALSE,0,"endemic"
"659","Microlepidium",1,2,FALSE,FALSE,FALSE,FALSE,FALSE,1,167,FALSE,0,"endemic"
"660","Micromyrtus",1,50,FALSE,FALSE,FALSE,FALSE,FALSE,0.998925741909494,7447,FALSE,0,"endemic"
"661","Milligania",1,5,FALSE,FALSE,FALSE,FALSE,FALSE,1,562,FALSE,0,"endemic"
"662","Millotia",1,16,FALSE,FALSE,FALSE,TRUE,FALSE,1,7518,FALSE,1,"endemic"
"663","Minuria",1,12,FALSE,FALSE,FALSE,FALSE,FALSE,0.999883828996282,8608,FALSE,0,"endemic"
"664","Mirbelia",1,29,FALSE,FALSE,FALSE,FALSE,FALSE,1,10455,FALSE,0,"endemic"
"665","Mitrantia",1,1,FALSE,FALSE,FALSE,FALSE,FALSE,1,46,FALSE,0,"endemic"
"666","Mitrella",1,1,FALSE,FALSE,FALSE,TRUE,TRUE,0.885931558935361,263,TRUE,3,"non-endemic"
"667","Mobilabium",1,1,FALSE,FALSE,FALSE,FALSE,FALSE,1,35,FALSE,0,"endemic"
"668","Monachather",1,1,FALSE,FALSE,FALSE,FALSE,FALSE,1,2212,FALSE,0,"endemic"
"669","Monoon",1,3,FALSE,FALSE,FALSE,TRUE,TRUE,0.967640918580376,958,TRUE,3,"non-endemic"
"670","Monotaxis",1,8,FALSE,FALSE,FALSE,FALSE,FALSE,1,1936,FALSE,0,"endemic"
"671","Monotoca",1,11,FALSE,FALSE,FALSE,FALSE,FALSE,1,25201,FALSE,0,"endemic"
"672","Motherwellia",1,1,FALSE,FALSE,FALSE,FALSE,FALSE,1,77,FALSE,0,"endemic"
"673","Muelleranthus",1,4,FALSE,FALSE,FALSE,FALSE,FALSE,1,446,FALSE,0,"endemic"
"674","Muellerolimon",1,1,FALSE,FALSE,FALSE,FALSE,FALSE,1,130,FALSE,0,"endemic"
"675","Muiriantha",1,1,FALSE,FALSE,FALSE,FALSE,FALSE,1,54,FALSE,0,"endemic"
"676","Mullerochloa",1,1,FALSE,FALSE,FALSE,FALSE,FALSE,1,56,FALSE,0,"endemic"
"677","Muniria",1,4,FALSE,FALSE,FALSE,FALSE,FALSE,1,242,FALSE,0,"endemic"
"678","Musgravea",1,2,FALSE,FALSE,FALSE,FALSE,FALSE,1,234,FALSE,0,"endemic"
"679","Myosurus",1,1,TRUE,FALSE,TRUE,TRUE,FALSE,0.81358189081225,751,TRUE,4,"non-endemic"
"680","Myriocephalus",1,15,FALSE,FALSE,FALSE,TRUE,FALSE,1,2587,FALSE,1,"endemic"
"681","Nablonium",1,1,FALSE,FALSE,FALSE,FALSE,FALSE,1,213,FALSE,0,"endemic"
"682","Needhamiella",1,1,FALSE,FALSE,FALSE,FALSE,FALSE,1,143,FALSE,0,"endemic"
"683","Negria",1,1,FALSE,FALSE,FALSE,FALSE,FALSE,1,76,FALSE,0,"endemic"
"684","Neisosperma",1,3,FALSE,FALSE,FALSE,FALSE,FALSE,0.850415512465374,361,TRUE,1,"non-endemic"
"685","Nelsonia",1,1,FALSE,FALSE,FALSE,TRUE,TRUE,0.998883928571429,896,FALSE,2,"non-endemic"
"686","Nematolepis",1,7,FALSE,FALSE,FALSE,FALSE,FALSE,0.999125874125874,4576,FALSE,0,"endemic"
"687","Neoastelia",1,1,FALSE,FALSE,FALSE,FALSE,FALSE,1,57,FALSE,0,"endemic"
"688","Neobassia",1,2,FALSE,FALSE,FALSE,FALSE,FALSE,1,1220,FALSE,0,"endemic"
"689","Neobyrnesia",1,1,FALSE,FALSE,FALSE,FALSE,FALSE,1,44,FALSE,0,"endemic"
"690","Neofabricia",1,3,FALSE,FALSE,FALSE,FALSE,FALSE,1,398,FALSE,0,"endemic"
"691","Neorites",1,1,FALSE,FALSE,FALSE,FALSE,FALSE,1,79,FALSE,0,"endemic"
"692","Neoroepera",1,2,FALSE,FALSE,FALSE,FALSE,FALSE,1,240,FALSE,0,"endemic"
"693","Neosciadium",1,1,FALSE,FALSE,FALSE,FALSE,FALSE,1,58,FALSE,0,"endemic"
"694","Neostrearia",1,1,FALSE,FALSE,FALSE,FALSE,FALSE,1,67,FALSE,0,"endemic"
"695","Neurachne",1,7,FALSE,FALSE,FALSE,FALSE,FALSE,1,5230,FALSE,0,"endemic"
"696","Newcastelia",1,9,FALSE,FALSE,FALSE,FALSE,FALSE,1,1197,FALSE,0,"endemic"
"697","Niemeyera",1,3,FALSE,FALSE,FALSE,FALSE,TRUE,0.999686863942383,6387,FALSE,1,"non-endemic"
"698","Nitraria",1,1,FALSE,FALSE,FALSE,TRUE,TRUE,0.998957402442657,6714,FALSE,2,"non-endemic"
"699","Noahdendron",1,1,FALSE,FALSE,FALSE,FALSE,FALSE,1,51,FALSE,0,"endemic"
"700","Nomismia",1,1,FALSE,FALSE,FALSE,FALSE,FALSE,1,90,FALSE,0,"endemic"
"701","Normanbya",1,1,FALSE,FALSE,FALSE,FALSE,FALSE,1,106,FALSE,0,"endemic"
"702","Notelaea",1,12,FALSE,FALSE,FALSE,FALSE,FALSE,0.999903972344035,31241,FALSE,0,"endemic"
"703","Nothoalsomitra",1,1,FALSE,FALSE,FALSE,FALSE,FALSE,1,98,FALSE,0,"endemic"
"704","Nothofagus",1,3,TRUE,TRUE,FALSE,TRUE,TRUE,0.64483574610245,14368,TRUE,5,"non-endemic"
"705","Nothorites",1,1,FALSE,FALSE,FALSE,FALSE,FALSE,1,65,FALSE,0,"endemic"
"706","Notisia",1,1,FALSE,FALSE,FALSE,FALSE,FALSE,1,31,FALSE,0,"endemic"
"707","Notochloe",1,1,FALSE,FALSE,FALSE,FALSE,FALSE,1,105,FALSE,0,"endemic"
"708","Nuytsia",1,1,FALSE,FALSE,FALSE,FALSE,FALSE,1,2141,FALSE,0,"endemic"
"709","Nyssanthes",1,4,FALSE,FALSE,FALSE,FALSE,FALSE,1,1249,FALSE,0,"endemic"
"710","Ochrosperma",1,5,FALSE,FALSE,FALSE,FALSE,FALSE,1,804,FALSE,0,"endemic"
"711","Odixia",1,2,FALSE,FALSE,FALSE,FALSE,FALSE,1,292,FALSE,0,"endemic"
"712","Oeceoclades",1,1,FALSE,FALSE,TRUE,FALSE,FALSE,0.866666666666667,15,TRUE,2,"non-endemic"
"713","Olearia",1,113,TRUE,FALSE,FALSE,TRUE,TRUE,0.928440418222276,107407,TRUE,4,"non-endemic"
"714","Oligarrhena",1,1,FALSE,FALSE,FALSE,FALSE,FALSE,1,226,FALSE,0,"endemic"
"715","Omegandra",1,1,FALSE,FALSE,FALSE,FALSE,FALSE,1,41,FALSE,0,"endemic"
"716","Omphacomeria",1,1,FALSE,FALSE,FALSE,FALSE,FALSE,1,916,FALSE,0,"endemic"
"717","Omphalolappula",1,1,FALSE,FALSE,FALSE,FALSE,FALSE,1,1908,FALSE,0,"endemic"
"718","Opercularia",1,19,FALSE,FALSE,FALSE,FALSE,FALSE,1,31380,FALSE,0,"endemic"
"719","Ophiorrhiza",1,1,FALSE,FALSE,FALSE,TRUE,TRUE,0.57037037037037,270,TRUE,3,"non-endemic"
"720","Opisthiolepis",1,1,FALSE,FALSE,FALSE,FALSE,FALSE,1,166,FALSE,0,"endemic"
"721","Oraniopsis",1,1,FALSE,FALSE,FALSE,FALSE,FALSE,0.977777777777778,135,TRUE,1,"endemic"
"722","Oreomyrrhis",1,7,FALSE,FALSE,FALSE,FALSE,TRUE,0.926041525308726,7369,TRUE,2,"non-endemic"
"723","Orianthera",1,13,FALSE,FALSE,FALSE,FALSE,FALSE,1,2461,FALSE,0,"endemic"
"724","Orites",1,6,FALSE,FALSE,FALSE,TRUE,FALSE,0.99963827093507,5529,FALSE,1,"non-endemic"
"725","Ormosia",1,1,FALSE,FALSE,FALSE,TRUE,TRUE,0.716981132075472,159,TRUE,3,"non-endemic"
"726","Ornduffia",1,7,FALSE,FALSE,FALSE,FALSE,FALSE,1,3503,FALSE,0,"endemic"
"727","Orthrosanthus",1,4,FALSE,FALSE,FALSE,TRUE,FALSE,0.999133448873484,1154,FALSE,1,"non-endemic"
"728","Oschatzia",1,2,FALSE,FALSE,FALSE,FALSE,FALSE,1,373,FALSE,0,"endemic"
"729","Osteocarpum",1,4,FALSE,FALSE,FALSE,FALSE,FALSE,0.999675219227022,3079,FALSE,0,"endemic"
"730","Ostrearia",1,1,FALSE,FALSE,FALSE,FALSE,FALSE,1,122,FALSE,0,"endemic"
"731","Ourisia",1,1,TRUE,FALSE,FALSE,TRUE,FALSE,0.136897001303781,1534,TRUE,3,"non-endemic"
"732","Owenia",1,5,FALSE,FALSE,FALSE,FALSE,FALSE,1,4338,FALSE,0,"endemic"
"733","Oxychloris",1,1,FALSE,FALSE,FALSE,FALSE,FALSE,1,376,FALSE,0,"endemic"
"734","Oxylobium",1,5,FALSE,FALSE,FALSE,FALSE,FALSE,1,5209,FALSE,0,"endemic"
"735","Oxymyrrhine",1,4,FALSE,FALSE,FALSE,FALSE,FALSE,1,76,FALSE,0,"endemic"
"736","Ozothamnus",1,51,TRUE,TRUE,FALSE,TRUE,FALSE,0.957821948916843,39191,TRUE,4,"non-endemic"
"737","Pachycladon",1,1,TRUE,FALSE,FALSE,TRUE,FALSE,0.131268436578171,678,TRUE,3,"non-endemic"
"738","Pachymitus",1,1,FALSE,FALSE,FALSE,FALSE,FALSE,1,284,FALSE,0,"endemic"
"739","Paenula",1,1,FALSE,FALSE,FALSE,FALSE,FALSE,1,1,FALSE,0,"endemic"
"740","Palaquium",1,1,FALSE,FALSE,FALSE,TRUE,TRUE,0.331619537275064,389,TRUE,3,"non-endemic"
"741","Paphia",1,1,FALSE,TRUE,FALSE,TRUE,TRUE,1,131,FALSE,3,"non-endemic"
"742","Papillilabium",1,1,FALSE,FALSE,FALSE,FALSE,FALSE,1,94,FALSE,0,"endemic"
"743","Papistylus",1,2,FALSE,FALSE,FALSE,FALSE,FALSE,1,27,FALSE,0,"endemic"
"744","Pappochroma",1,9,FALSE,FALSE,FALSE,FALSE,FALSE,0.99586435070306,2418,FALSE,0,"endemic"
"745","Paraceterach",1,1,FALSE,FALSE,FALSE,FALSE,TRUE,0.996794871794872,312,FALSE,1,"non-endemic"
"746","Paractaenum",1,2,FALSE,FALSE,FALSE,FALSE,FALSE,1,1133,FALSE,0,"endemic"
"747","Paragonis",1,1,FALSE,FALSE,FALSE,FALSE,FALSE,1,61,FALSE,0,"endemic"
"748","Paragoodia",1,1,FALSE,FALSE,FALSE,FALSE,FALSE,1,10,FALSE,0,"endemic"
"749","Paraneurachne",1,1,FALSE,FALSE,FALSE,FALSE,FALSE,1,1107,FALSE,0,"endemic"
"750","Parantennaria",1,1,FALSE,FALSE,FALSE,FALSE,FALSE,1,131,FALSE,0,"endemic"
"751","Parapachygone",1,1,FALSE,FALSE,FALSE,FALSE,FALSE,1,76,FALSE,0,"endemic"
"752","Patersonia",1,18,FALSE,TRUE,FALSE,TRUE,TRUE,0.999516261070179,26874,FALSE,3,"non-endemic"
"753","Pauridia",1,5,TRUE,FALSE,TRUE,TRUE,FALSE,0.995384615384615,2600,FALSE,3,"non-endemic"
"754","Pavetta",1,10,FALSE,TRUE,TRUE,TRUE,TRUE,0.957169459962756,1611,TRUE,5,"non-endemic"
"755","Pecteilis",1,15,FALSE,FALSE,FALSE,TRUE,TRUE,1,148,FALSE,2,"non-endemic"
"756","Pedleya",1,1,FALSE,FALSE,FALSE,FALSE,FALSE,1,47,FALSE,0,"endemic"
"757","Pembertonia",1,1,FALSE,FALSE,FALSE,FALSE,FALSE,1,193,FALSE,0,"endemic"
"758","Pennantia",1,2,TRUE,FALSE,FALSE,TRUE,FALSE,0.684272997032641,1685,TRUE,3,"non-endemic"
"759","Pentaceras",1,1,FALSE,FALSE,FALSE,FALSE,FALSE,0.998098859315589,526,FALSE,0,"endemic"
"760","Pentalepis",1,6,FALSE,FALSE,FALSE,FALSE,FALSE,1,249,FALSE,0,"endemic"
"761","Pentapeltis",1,2,FALSE,FALSE,FALSE,FALSE,FALSE,1,286,FALSE,0,"endemic"
"762","Pentapogon",1,1,TRUE,FALSE,FALSE,TRUE,FALSE,0.999623493975904,2656,FALSE,2,"non-endemic"
"763","Pentaptilon",1,1,FALSE,FALSE,FALSE,FALSE,FALSE,1,10,FALSE,0,"endemic"
"764","Pericalymma",1,4,FALSE,FALSE,FALSE,FALSE,FALSE,1,908,FALSE,0,"endemic"
"765","Peripentadenia",1,2,FALSE,FALSE,FALSE,TRUE,FALSE,0.994152046783626,171,FALSE,1,"endemic"
"766","Peristeranthus",1,1,FALSE,FALSE,FALSE,FALSE,FALSE,1,178,FALSE,0,"endemic"
"767","Peristrophe",1,1,FALSE,FALSE,TRUE,TRUE,TRUE,0.970149253731343,67,TRUE,4,"non-endemic"
"768","Perrottetia",1,1,FALSE,FALSE,FALSE,TRUE,TRUE,0.705314009661836,207,TRUE,3,"non-endemic"
"769","Persoonia",1,101,FALSE,FALSE,FALSE,FALSE,FALSE,0.999809459762385,89220,FALSE,0,"endemic"
"770","Petalostylis",1,2,FALSE,FALSE,FALSE,FALSE,FALSE,1,2030,FALSE,0,"endemic"
"771","Petermannia",1,1,FALSE,FALSE,FALSE,FALSE,FALSE,1,560,FALSE,0,"endemic"
"772","Petraeomyrtus",1,1,FALSE,FALSE,FALSE,FALSE,FALSE,1,94,FALSE,0,"endemic"
"773","Petrophile",1,66,FALSE,FALSE,FALSE,FALSE,FALSE,0.999882794186592,17064,FALSE,0,"endemic"
"774","Phalaenopsis",1,1,FALSE,FALSE,FALSE,TRUE,TRUE,0.742857142857143,35,TRUE,3,"non-endemic"
"775","Phebalium",1,30,FALSE,FALSE,FALSE,FALSE,FALSE,0.999686667711108,12766,FALSE,0,"endemic"
"776","Pheladenia",1,1,FALSE,FALSE,FALSE,FALSE,FALSE,1,2568,FALSE,0,"endemic"
"777","Pherosphaera",1,2,FALSE,FALSE,FALSE,FALSE,FALSE,0.997816593886463,458,FALSE,0,"endemic"
"778","Philotheca",1,53,FALSE,FALSE,FALSE,FALSE,FALSE,0.999562960939634,18305,FALSE,0,"endemic"
"779","Philydrella",1,2,FALSE,FALSE,FALSE,FALSE,FALSE,1,428,FALSE,0,"endemic"
"780","Phlebocarya",1,3,FALSE,FALSE,FALSE,FALSE,FALSE,1,938,FALSE,0,"endemic"
"781","Phlegmatospermum",1,4,FALSE,FALSE,FALSE,FALSE,FALSE,1,544,FALSE,0,"endemic"
"782","Phoringopsis",1,3,FALSE,FALSE,FALSE,FALSE,FALSE,0.976470588235294,85,TRUE,1,"non-endemic"
"783","Phyllangium",1,5,FALSE,FALSE,FALSE,FALSE,FALSE,1,2508,FALSE,0,"endemic"
"784","Phyllanthera",1,1,FALSE,FALSE,FALSE,TRUE,TRUE,0.8,60,TRUE,3,"non-endemic"
"785","Phyllocladus",1,1,TRUE,FALSE,FALSE,TRUE,TRUE,0.635985006247397,4802,TRUE,4,"non-endemic"
"786","Phyllota",1,11,FALSE,FALSE,FALSE,FALSE,FALSE,1,6898,FALSE,0,"endemic"
"787","Phymatocarpus",1,3,FALSE,FALSE,FALSE,FALSE,FALSE,1,280,FALSE,0,"endemic"
"788","Physopsis",1,5,FALSE,FALSE,FALSE,FALSE,FALSE,1,170,FALSE,0,"endemic"
"789","Pilbara",1,1,FALSE,FALSE,FALSE,FALSE,FALSE,1,14,FALSE,0,"endemic"
"790","Pileanthus",1,8,FALSE,FALSE,FALSE,FALSE,FALSE,1,538,FALSE,0,"endemic"
"791","Pilostyles",1,3,FALSE,FALSE,FALSE,TRUE,FALSE,0.898305084745763,118,TRUE,2,"non-endemic"
"792","Pitaviaster",1,1,FALSE,FALSE,FALSE,FALSE,FALSE,1,265,FALSE,0,"endemic"
"793","Pithocarpa",1,4,FALSE,FALSE,FALSE,FALSE,FALSE,1,651,FALSE,0,"endemic"
"794","Pityrodia",1,20,FALSE,FALSE,FALSE,FALSE,FALSE,1,1334,FALSE,0,"endemic"
"795","Placospermum",1,1,FALSE,FALSE,FALSE,FALSE,FALSE,1,141,FALSE,0,"endemic"
"796","Plagiobothrys",1,4,FALSE,FALSE,FALSE,TRUE,FALSE,0.939799331103679,1196,TRUE,2,"non-endemic"
"797","Plagiocarpus",1,7,FALSE,FALSE,FALSE,FALSE,FALSE,1,323,FALSE,0,"endemic"
"798","Planocarpa",1,3,FALSE,FALSE,FALSE,FALSE,FALSE,1,546,FALSE,0,"endemic"
"799","Platychorda",1,2,FALSE,FALSE,FALSE,FALSE,FALSE,1,97,FALSE,0,"endemic"
"800","Platylobium",1,9,FALSE,FALSE,FALSE,FALSE,FALSE,0.999909185851156,22023,FALSE,0,"endemic"
"801","Platysace",1,23,FALSE,FALSE,FALSE,FALSE,FALSE,1,25973,FALSE,0,"endemic"
"802","Platytheca",1,3,FALSE,FALSE,FALSE,FALSE,FALSE,1,449,FALSE,0,"endemic"
"803","Platyzoma",1,1,FALSE,FALSE,FALSE,FALSE,FALSE,1,405,FALSE,0,"endemic"
"804","Plectorrhiza",1,3,FALSE,FALSE,FALSE,FALSE,FALSE,1,1234,FALSE,0,"endemic"
"805","Pleioluma",1,7,FALSE,TRUE,FALSE,TRUE,FALSE,0.810836501901141,1052,TRUE,3,"non-endemic"
"806","Pleogyne",1,1,FALSE,FALSE,FALSE,FALSE,FALSE,0.99812382739212,533,FALSE,0,"endemic"
"807","Pleurocarpaea",1,2,FALSE,FALSE,FALSE,FALSE,FALSE,1,244,FALSE,0,"endemic"
"808","Plexaure",1,3,FALSE,FALSE,FALSE,FALSE,FALSE,0.904761904761905,84,TRUE,1,"non-endemic"
"809","Plinthanthesis",1,3,FALSE,FALSE,FALSE,FALSE,FALSE,1,840,FALSE,0,"endemic"
"810","Podolobium",1,6,FALSE,FALSE,FALSE,FALSE,FALSE,1,10829,FALSE,0,"endemic"
"811","Podotheca",1,6,FALSE,FALSE,FALSE,FALSE,FALSE,1,4081,FALSE,0,"endemic"
"812","Pogonolepis",1,2,FALSE,FALSE,FALSE,FALSE,FALSE,1,2556,FALSE,0,"endemic"
"813","Polianthion",1,4,FALSE,FALSE,FALSE,FALSE,FALSE,1,160,FALSE,0,"endemic"
"814","Polyalthia",1,5,FALSE,FALSE,FALSE,TRUE,TRUE,0.682539682539683,756,TRUE,3,"non-endemic"
"815","Polycalymma",1,1,FALSE,FALSE,FALSE,FALSE,FALSE,1,3221,FALSE,0,"endemic"
"816","Polyosma",1,6,FALSE,TRUE,FALSE,TRUE,TRUE,0.895604395604396,2548,TRUE,4,"non-endemic"
"817","Polypogon",1,1,TRUE,FALSE,TRUE,TRUE,TRUE,0.938872970391595,5235,TRUE,5,"non-endemic"
"818","Pomax",1,2,FALSE,FALSE,FALSE,FALSE,FALSE,1,16160,FALSE,0,"endemic"
"819","Pontederia",1,4,FALSE,FALSE,TRUE,TRUE,FALSE,0.608974358974359,156,TRUE,3,"non-endemic"
"820","Posidonia",1,8,FALSE,FALSE,FALSE,TRUE,FALSE,0.93369663941871,2202,TRUE,2,"non-endemic"
"821","Potamophila",1,1,FALSE,FALSE,FALSE,FALSE,FALSE,1,65,FALSE,0,"endemic"
"822","Potentilla",1,1,TRUE,FALSE,TRUE,TRUE,TRUE,0.491620111731844,2327,TRUE,5,"non-endemic"
"823","Praecoxanthus",1,1,FALSE,FALSE,FALSE,FALSE,FALSE,1,213,FALSE,0,"endemic"
"824","Prasophyllum",1,124,TRUE,FALSE,FALSE,TRUE,FALSE,0.979759556682634,21294,TRUE,3,"non-endemic"
"825","Prionotes",1,1,FALSE,FALSE,FALSE,FALSE,FALSE,1,546,FALSE,0,"endemic"
"826","Prostanthera",1,101,FALSE,FALSE,FALSE,FALSE,FALSE,0.999383385951066,40544,FALSE,0,"endemic"
"827","Prumnopitys",1,2,TRUE,TRUE,FALSE,TRUE,FALSE,0.161532682193839,1331,TRUE,4,"non-endemic"
"828","Psammagrostis",1,1,FALSE,FALSE,FALSE,FALSE,FALSE,1,8,FALSE,0,"endemic"
"829","Psammomoya",1,4,FALSE,FALSE,FALSE,FALSE,FALSE,1,347,FALSE,0,"endemic"
"830","Pseudanthus",1,9,FALSE,FALSE,FALSE,FALSE,FALSE,1,1850,FALSE,0,"endemic"
"831","Pseudochaetochloa",1,1,FALSE,FALSE,FALSE,FALSE,FALSE,1,178,FALSE,0,"endemic"
"832","Pseudopanax",1,1,TRUE,FALSE,FALSE,TRUE,FALSE,0.0618131868131868,2912,TRUE,3,"non-endemic"
"833","Pseudoweinmannia",1,2,FALSE,FALSE,FALSE,FALSE,FALSE,1,477,FALSE,0,"endemic"
"834","Pseuduvaria",1,4,FALSE,FALSE,FALSE,TRUE,TRUE,0.751479289940828,507,TRUE,3,"non-endemic"
"835","Psychrophila",1,2,FALSE,FALSE,FALSE,FALSE,FALSE,0.873452544704264,727,TRUE,1,"non-endemic"
"836","Pterochaeta",1,1,FALSE,FALSE,FALSE,FALSE,FALSE,1,465,FALSE,0,"endemic"
"837","Pterygopappus",1,1,FALSE,FALSE,FALSE,FALSE,FALSE,1,271,FALSE,0,"endemic"
"838","Ptilothrix",1,1,FALSE,FALSE,FALSE,FALSE,FALSE,1,5785,FALSE,0,"endemic"
"839","Ptychosema",1,1,FALSE,FALSE,FALSE,FALSE,FALSE,1,15,FALSE,0,"endemic"
"840","Pullea",1,1,FALSE,FALSE,FALSE,TRUE,TRUE,0.850806451612903,248,TRUE,3,"non-endemic"
"841","Pycnosorus",1,6,FALSE,FALSE,FALSE,FALSE,FALSE,0.999478079331942,3832,FALSE,0,"endemic"
"842","Pyrorchis",1,2,FALSE,FALSE,FALSE,TRUE,FALSE,1,4557,FALSE,1,"endemic"
"843","Quinetia",1,1,FALSE,FALSE,FALSE,FALSE,FALSE,1,730,FALSE,0,"endemic"
"844","Quinqueremulus",1,1,FALSE,FALSE,FALSE,FALSE,FALSE,1,31,FALSE,0,"endemic"
"845","Quintinia",1,4,TRUE,TRUE,FALSE,TRUE,TRUE,0.837528604118993,2622,TRUE,5,"non-endemic"
"846","Quisqualis",1,1,FALSE,FALSE,TRUE,FALSE,TRUE,0.925925925925926,81,TRUE,3,"non-endemic"
"847","Quoya",1,7,FALSE,FALSE,FALSE,FALSE,FALSE,1,979,FALSE,0,"endemic"
"848","Radyera",1,1,FALSE,FALSE,TRUE,TRUE,FALSE,0.989717223650386,389,TRUE,3,"non-endemic"
"849","Randia",1,3,FALSE,TRUE,TRUE,TRUE,TRUE,0.724556489262372,1071,TRUE,5,"non-endemic"
"850","Reedia",1,1,FALSE,FALSE,FALSE,FALSE,FALSE,1,60,FALSE,0,"endemic"
"851","Regelia",1,5,FALSE,FALSE,FALSE,FALSE,FALSE,1,635,FALSE,0,"endemic"
"852","Rhadinothamnus",1,3,FALSE,FALSE,FALSE,FALSE,FALSE,1,229,FALSE,0,"endemic"
"853","Rhagodia",1,11,FALSE,FALSE,FALSE,FALSE,FALSE,0.999861091818308,35995,FALSE,0,"endemic"
"854","Rhaphidospora",1,3,FALSE,FALSE,TRUE,TRUE,FALSE,0.972727272727273,110,TRUE,3,"non-endemic"
"855","Rhaponticum",1,1,FALSE,FALSE,TRUE,TRUE,FALSE,0.995446265938069,1098,FALSE,2,"non-endemic"
"856","Rhetinocarpha",1,1,FALSE,FALSE,FALSE,FALSE,FALSE,1,30,FALSE,0,"endemic"
"857","Rhinerrhiza",1,1,FALSE,FALSE,FALSE,FALSE,FALSE,0.974489795918367,196,TRUE,1,"endemic"
"858","Rhinerrhizopsis",1,1,FALSE,FALSE,FALSE,FALSE,TRUE,0.8,15,TRUE,2,"non-endemic"
"859","Rhipidorchis",1,1,FALSE,FALSE,FALSE,FALSE,FALSE,0.652173913043478,46,TRUE,1,"non-endemic"
"860","Rhizanthella",1,4,FALSE,FALSE,FALSE,FALSE,FALSE,1,83,FALSE,0,"endemic"
"861","Rhodanthe",1,45,FALSE,FALSE,FALSE,TRUE,FALSE,0.999826207855405,28770,FALSE,1,"endemic"
"862","Rhododendron",1,1,TRUE,FALSE,FALSE,TRUE,TRUE,0.157068062827225,2865,TRUE,4,"non-endemic"
"863","Rhodosphaera",1,1,FALSE,FALSE,FALSE,FALSE,FALSE,0.998363338788871,611,FALSE,0,"endemic"
"864","Rhytidosporum",1,5,FALSE,FALSE,FALSE,FALSE,FALSE,1,5742,FALSE,0,"endemic"
"865","Richea",1,11,FALSE,FALSE,FALSE,FALSE,FALSE,0.999838865613922,6206,FALSE,0,"endemic"
"866","Ricinocarpos",1,28,FALSE,FALSE,FALSE,FALSE,FALSE,1,7496,FALSE,0,"endemic"
"867","Rimacola",1,1,FALSE,FALSE,FALSE,FALSE,FALSE,1,140,FALSE,0,"endemic"
"868","Rinzia",1,18,FALSE,FALSE,FALSE,FALSE,FALSE,1,2364,FALSE,0,"endemic"
"869","Ristantia",1,3,FALSE,FALSE,FALSE,FALSE,FALSE,1,176,FALSE,0,"endemic"
"870","Rockinghamia",1,2,FALSE,FALSE,FALSE,FALSE,FALSE,1,268,FALSE,0,"endemic"
"871","Roebuckiella",1,9,FALSE,FALSE,FALSE,FALSE,FALSE,1,866,FALSE,0,"endemic"
"872","Roepera",1,31,FALSE,FALSE,TRUE,TRUE,FALSE,0.999813105072328,26753,FALSE,2,"non-endemic"
"873","Romnalda",1,2,FALSE,FALSE,FALSE,TRUE,TRUE,0.956521739130435,138,TRUE,3,"non-endemic"
"874","Rourea",1,1,FALSE,TRUE,FALSE,TRUE,TRUE,0.775700934579439,107,TRUE,4,"non-endemic"
"875","Roycea",1,3,FALSE,FALSE,FALSE,FALSE,FALSE,1,142,FALSE,0,"endemic"
"876","Rumicastrum",1,1,FALSE,FALSE,FALSE,TRUE,FALSE,1,11,FALSE,1,"endemic"
"877","Rutidosis",1,9,FALSE,FALSE,FALSE,FALSE,FALSE,1,4842,FALSE,0,"endemic"
"878","Ryparosa",1,1,FALSE,FALSE,FALSE,TRUE,TRUE,0.524229074889868,227,TRUE,3,"non-endemic"
"879","Ryticaryum",1,1,FALSE,FALSE,FALSE,TRUE,FALSE,0.522058823529412,136,TRUE,2,"non-endemic"
"880","Sagina",1,2,FALSE,FALSE,TRUE,TRUE,TRUE,0.772635814889336,2982,TRUE,4,"non-endemic"
"881","Samadera",1,2,FALSE,FALSE,FALSE,TRUE,TRUE,0.956,500,TRUE,3,"non-endemic"
"882","Sambucus",1,2,TRUE,FALSE,TRUE,TRUE,TRUE,0.971910112359551,5696,TRUE,5,"non-endemic"
"883","Sankowskya",1,1,FALSE,FALSE,FALSE,FALSE,FALSE,1,60,FALSE,0,"endemic"
"884","Sannantha",1,12,FALSE,TRUE,FALSE,TRUE,FALSE,0.986376021798365,2936,TRUE,3,"non-endemic"
"885","Sarcopteryx",1,5,FALSE,FALSE,FALSE,TRUE,TRUE,0.981158737635422,2123,TRUE,3,"non-endemic"
"886","Sarcotoechia",1,6,FALSE,FALSE,FALSE,TRUE,TRUE,0.974719101123596,356,TRUE,3,"non-endemic"
"887","Sarcozona",1,2,FALSE,FALSE,FALSE,FALSE,FALSE,1,846,FALSE,0,"endemic"
"888","Saurauia",1,1,FALSE,FALSE,FALSE,TRUE,TRUE,0.122002085505735,959,TRUE,3,"non-endemic"
"889","Saxipoa",1,1,FALSE,FALSE,FALSE,FALSE,FALSE,1,351,FALSE,0,"endemic"
"890","Scambopus",1,1,FALSE,FALSE,FALSE,FALSE,FALSE,1,28,FALSE,0,"endemic"
"891","Schenkia",1,2,FALSE,TRUE,FALSE,TRUE,FALSE,0.992803289924606,2918,FALSE,2,"non-endemic"
"892","Schistocarpaea",1,1,FALSE,FALSE,FALSE,FALSE,FALSE,1,103,FALSE,0,"endemic"
"893","Schistotylus",1,1,FALSE,FALSE,FALSE,FALSE,FALSE,1,50,FALSE,0,"endemic"
"894","Schizacme",1,2,TRUE,FALSE,FALSE,TRUE,FALSE,0.923076923076923,754,TRUE,3,"non-endemic"
"895","Schizomeria",1,2,FALSE,FALSE,FALSE,TRUE,TRUE,0.879796163069544,3336,TRUE,3,"non-endemic"
"896","Schoenia",1,5,FALSE,FALSE,FALSE,FALSE,FALSE,0.999592169657422,2452,FALSE,0,"endemic"
"897","Schoenolaena",1,1,FALSE,FALSE,FALSE,FALSE,FALSE,1,211,FALSE,0,"endemic"
"898","Scholtzia",1,13,FALSE,FALSE,FALSE,FALSE,FALSE,1,2029,FALSE,0,"endemic"
"899","Scleroblitum",1,1,FALSE,FALSE,FALSE,FALSE,FALSE,1,1553,FALSE,0,"endemic"
"900","Scleroglossum",1,1,FALSE,TRUE,FALSE,TRUE,TRUE,0.607843137254902,102,TRUE,4,"non-endemic"
"901","Scolopia",1,1,FALSE,FALSE,TRUE,TRUE,TRUE,0.963293130571578,1907,TRUE,4,"non-endemic"
"902","Scutellaria",1,2,TRUE,FALSE,TRUE,TRUE,TRUE,0.967967384973792,3434,TRUE,5,"non-endemic"
"903","Sedopsis",1,2,FALSE,FALSE,FALSE,FALSE,FALSE,0.99,100,FALSE,0,"endemic"
"904","Selliera",1,1,FALSE,FALSE,FALSE,FALSE,FALSE,0.928726287262873,3690,TRUE,1,"non-endemic"
"905","Selliguea",1,1,FALSE,TRUE,FALSE,TRUE,TRUE,0,501,TRUE,4,"non-endemic"
"906","Seorsus",1,2,FALSE,FALSE,FALSE,TRUE,FALSE,1,51,FALSE,1,"endemic"
"907","Serichonus",1,1,FALSE,FALSE,FALSE,FALSE,FALSE,1,15,FALSE,0,"endemic"
"908","Seringia",1,18,FALSE,FALSE,FALSE,TRUE,FALSE,0.998215082552432,4482,FALSE,1,"endemic"
"909","Serjania",1,1,FALSE,FALSE,FALSE,TRUE,FALSE,0.4,5,TRUE,2,"non-endemic"
"910","Sersalisia",1,3,FALSE,FALSE,FALSE,TRUE,FALSE,0.990155865463495,2438,FALSE,1,"non-endemic"
"911","Shonia",1,4,FALSE,FALSE,FALSE,FALSE,FALSE,1,204,FALSE,0,"endemic"
"912","Siegfriedia",1,1,FALSE,FALSE,FALSE,FALSE,FALSE,1,82,FALSE,0,"endemic"
"913","Siloxerus",1,4,FALSE,FALSE,FALSE,FALSE,FALSE,1,2992,FALSE,0,"endemic"
"914","Siphonodon",1,3,FALSE,FALSE,FALSE,TRUE,TRUE,0.97242206235012,834,TRUE,3,"non-endemic"
"915","Sloanea",1,4,FALSE,TRUE,FALSE,TRUE,TRUE,0.934657605854678,3826,TRUE,4,"non-endemic"
"916","Solenogyne",1,3,TRUE,FALSE,FALSE,TRUE,FALSE,0.995876070635508,9457,FALSE,2,"non-endemic"
"917","Solori",1,2,FALSE,FALSE,FALSE,FALSE,FALSE,0.970494417862839,1254,TRUE,1,"non-endemic"
"918","Sondottia",1,2,FALSE,FALSE,FALSE,FALSE,FALSE,1,59,FALSE,0,"endemic"
"919","Sowerbaea",1,5,FALSE,FALSE,FALSE,FALSE,FALSE,0.999717673630717,3542,FALSE,0,"endemic"
"920","Spartochloa",1,1,FALSE,FALSE,FALSE,FALSE,FALSE,1,193,FALSE,0,"endemic"
"921","Spathia",1,1,FALSE,FALSE,FALSE,FALSE,FALSE,1,54,FALSE,0,"endemic"
"922","Sphaerantia",1,2,FALSE,FALSE,FALSE,FALSE,FALSE,1,94,FALSE,0,"endemic"
"923","Sphaerolobium",1,22,FALSE,FALSE,FALSE,FALSE,FALSE,0.999461013295005,5566,FALSE,0,"endemic"
"924","Sphalmium",1,1,FALSE,FALSE,FALSE,FALSE,FALSE,1,137,FALSE,0,"endemic"
"925","Sphenotoma",1,6,FALSE,FALSE,FALSE,FALSE,FALSE,0.99712368168744,1043,FALSE,0,"endemic"
"926","Spiculaea",1,1,FALSE,FALSE,FALSE,FALSE,FALSE,1,234,FALSE,0,"endemic"
"927","Spiraeanthemum",1,1,FALSE,TRUE,FALSE,TRUE,TRUE,0.566666666666667,180,TRUE,4,"non-endemic"
"928","Spirogardnera",1,1,FALSE,FALSE,FALSE,FALSE,FALSE,1,55,FALSE,0,"endemic"
"929","Sporadanthus",1,6,TRUE,FALSE,FALSE,TRUE,FALSE,0.91522491349481,2312,TRUE,3,"non-endemic"
"930","Spyridium",1,44,FALSE,FALSE,FALSE,FALSE,FALSE,1,20027,FALSE,0,"endemic"
"931","Stachystemon",1,9,FALSE,FALSE,FALSE,FALSE,FALSE,1,563,FALSE,0,"endemic"
"932","Stawellia",1,2,FALSE,FALSE,FALSE,FALSE,TRUE,1,54,FALSE,1,"endemic"
"933","Stenanthemum",1,29,FALSE,FALSE,FALSE,FALSE,FALSE,1,3226,FALSE,0,"endemic"
"934","Stenanthera",1,3,FALSE,FALSE,FALSE,FALSE,FALSE,1,9798,FALSE,0,"endemic"
"935","Stenopetalum",1,12,FALSE,FALSE,FALSE,FALSE,FALSE,1,6505,FALSE,0,"endemic"
"936","Stenostegia",1,1,FALSE,FALSE,FALSE,FALSE,FALSE,1,50,FALSE,0,"endemic"
"937","Stigmatodactylus",1,2,FALSE,FALSE,FALSE,TRUE,TRUE,0.978260869565217,184,TRUE,3,"non-endemic"
"938","Stirlingia",1,7,FALSE,FALSE,FALSE,FALSE,FALSE,1,1630,FALSE,0,"endemic"
"939","Stockwellia",1,1,FALSE,FALSE,FALSE,FALSE,FALSE,1,133,FALSE,0,"endemic"
"940","Stonesiella",1,1,FALSE,FALSE,FALSE,FALSE,FALSE,1,71,FALSE,0,"endemic"
"941","Storckiella",1,1,FALSE,TRUE,FALSE,TRUE,FALSE,0.728682170542636,129,TRUE,3,"non-endemic"
"942","Strangea",1,3,FALSE,FALSE,FALSE,FALSE,FALSE,0.998109640831758,529,FALSE,0,"endemic"
"943","Streptoglossa",1,8,FALSE,FALSE,FALSE,FALSE,FALSE,1,3375,FALSE,0,"endemic"
"944","Streptothamnus",1,1,FALSE,FALSE,FALSE,FALSE,FALSE,1,182,FALSE,0,"endemic"
"945","Stuartina",1,2,FALSE,FALSE,FALSE,TRUE,FALSE,0.993819211949524,3883,FALSE,1,"endemic"
"946","Stylobasium",1,2,FALSE,FALSE,FALSE,FALSE,FALSE,1,842,FALSE,0,"endemic"
"947","Stypandra",1,2,FALSE,FALSE,FALSE,FALSE,FALSE,0.999891126837235,9185,FALSE,0,"endemic"
"948","Styphelia",1,20,FALSE,TRUE,FALSE,TRUE,TRUE,0.992212487832012,14382,FALSE,3,"non-endemic"
"949","Suaeda",1,2,TRUE,TRUE,TRUE,TRUE,TRUE,0.929566255471548,5026,TRUE,6,"non-endemic"
"950","Surreya",1,2,FALSE,FALSE,FALSE,FALSE,FALSE,1,521,FALSE,0,"endemic"
"951","Swainsona",1,85,FALSE,FALSE,FALSE,TRUE,FALSE,0.999747027573994,27671,FALSE,1,"endemic"
"952","Sylvipoa",1,1,FALSE,FALSE,FALSE,FALSE,FALSE,1,284,FALSE,0,"endemic"
"953","Symonanthus",1,2,FALSE,FALSE,FALSE,FALSE,FALSE,1,66,FALSE,0,"endemic"
"954","Symphionema",1,2,FALSE,FALSE,FALSE,FALSE,FALSE,1,918,FALSE,0,"endemic"
"955","Synaphea",1,56,FALSE,FALSE,FALSE,FALSE,FALSE,1,4189,FALSE,0,"endemic"
"956","Synaptantha",1,2,FALSE,FALSE,FALSE,FALSE,FALSE,1,1039,FALSE,0,"endemic"
"957","Tapeinosperma",1,3,FALSE,TRUE,FALSE,TRUE,TRUE,0.851851851851852,270,TRUE,4,"non-endemic"
"958","Tapheocarpa",1,1,FALSE,FALSE,FALSE,FALSE,FALSE,1,13,FALSE,0,"endemic"
"959","Taplinia",1,1,FALSE,FALSE,FALSE,FALSE,FALSE,1,38,FALSE,0,"endemic"
"960","Taraxacum",1,2,TRUE,FALSE,TRUE,TRUE,TRUE,0.971734509093772,12701,TRUE,5,"non-endemic"
"961","Taraxis",1,1,FALSE,FALSE,FALSE,FALSE,FALSE,1,134,FALSE,0,"endemic"
"962","Taxandria",1,11,TRUE,FALSE,FALSE,FALSE,FALSE,0.984020185029437,2378,TRUE,2,"non-endemic"
"963","Tecomanthe",1,2,TRUE,FALSE,FALSE,TRUE,FALSE,0.438144329896907,194,TRUE,3,"non-endemic"
"964","Telopea",1,5,FALSE,FALSE,TRUE,FALSE,FALSE,0.996568933250156,6412,FALSE,1,"non-endemic"
"965","Templetonia",1,13,FALSE,FALSE,FALSE,FALSE,FALSE,0.999526290857414,6333,FALSE,0,"endemic"
"966","Teratophyllum",1,1,FALSE,TRUE,FALSE,TRUE,TRUE,0.716535433070866,127,TRUE,4,"non-endemic"
"967","Tersonia",1,1,FALSE,FALSE,FALSE,FALSE,FALSE,1,234,FALSE,0,"endemic"
"968","Tetracarpaea",1,1,FALSE,FALSE,FALSE,FALSE,FALSE,1,380,FALSE,0,"endemic"
"969","Tetramolopium",1,1,FALSE,FALSE,FALSE,TRUE,TRUE,0.0625,192,TRUE,3,"non-endemic"
"970","Tetrapora",1,4,FALSE,FALSE,FALSE,FALSE,FALSE,1,247,FALSE,0,"endemic"
"971","Tetrardisia",1,1,FALSE,FALSE,FALSE,FALSE,TRUE,1,55,FALSE,1,"non-endemic"
"972","Tetrarrhena",1,6,FALSE,FALSE,FALSE,FALSE,FALSE,0.999958856202428,24305,FALSE,0,"endemic"
"973","Tetrastigma",1,5,FALSE,FALSE,FALSE,TRUE,TRUE,0.969459962756052,2685,TRUE,3,"non-endemic"
"974","Tetratheca",1,53,FALSE,FALSE,FALSE,FALSE,FALSE,0.999936573711918,47299,FALSE,0,"endemic"
"975","Thaleropia",1,1,FALSE,FALSE,FALSE,TRUE,TRUE,0.8,75,TRUE,3,"non-endemic"
"976","Thedachloa",1,1,FALSE,FALSE,FALSE,FALSE,FALSE,1,18,FALSE,0,"endemic"
"977","Thelepogon",1,1,FALSE,FALSE,FALSE,TRUE,TRUE,0.416666666666667,12,TRUE,3,"non-endemic"
"978","Thelionema",1,3,FALSE,FALSE,FALSE,FALSE,FALSE,1,2692,FALSE,0,"endemic"
"979","Thesium",1,1,FALSE,FALSE,TRUE,TRUE,TRUE,0.99151103565365,1178,FALSE,3,"non-endemic"
"980","Thespidium",1,1,FALSE,FALSE,FALSE,FALSE,FALSE,1,94,FALSE,0,"endemic"
"981","Thinicola",1,1,FALSE,FALSE,FALSE,FALSE,FALSE,1,62,FALSE,0,"endemic"
"982","Thiseltonia",1,1,FALSE,FALSE,FALSE,FALSE,FALSE,1,27,FALSE,0,"endemic"
"983","Thomasia",1,29,FALSE,FALSE,FALSE,FALSE,FALSE,0.998875899280576,4448,FALSE,0,"endemic"
"984","Thoracostachyum",1,1,FALSE,FALSE,FALSE,TRUE,FALSE,0.753623188405797,69,TRUE,2,"non-endemic"
"985","Threlkeldia",1,2,FALSE,FALSE,FALSE,FALSE,FALSE,1,3622,FALSE,0,"endemic"
"986","Thryptomene",1,47,FALSE,FALSE,FALSE,FALSE,FALSE,0.995062179956108,5468,FALSE,0,"endemic"
"987","Thunbergia",1,1,TRUE,FALSE,TRUE,TRUE,TRUE,0.915877437325905,1795,TRUE,5,"non-endemic"
"988","Thynninorchis",1,2,FALSE,FALSE,FALSE,FALSE,FALSE,1,504,FALSE,0,"endemic"
"989","Thyridolepis",1,3,FALSE,FALSE,FALSE,FALSE,FALSE,1,3079,FALSE,0,"endemic"
"990","Tietkensia",1,1,FALSE,FALSE,FALSE,FALSE,FALSE,1,49,FALSE,0,"endemic"
"991","Tiliacora",1,1,FALSE,FALSE,TRUE,TRUE,FALSE,0.873015873015873,63,TRUE,3,"non-endemic"
"992","Tinospora",1,3,FALSE,TRUE,TRUE,TRUE,TRUE,0.990002940311673,3401,FALSE,4,"non-endemic"
"993","Townsonia",1,1,TRUE,FALSE,FALSE,TRUE,FALSE,0.863013698630137,365,TRUE,3,"non-endemic"
"994","Trachoma",1,3,FALSE,TRUE,FALSE,TRUE,FALSE,0.691176470588235,68,TRUE,3,"non-endemic"
"995","Trachystylis",1,1,FALSE,FALSE,FALSE,FALSE,FALSE,1,169,FALSE,0,"endemic"
"996","Tragia",1,3,FALSE,FALSE,TRUE,TRUE,FALSE,0.991769547325103,486,FALSE,2,"non-endemic"
"997","Tremandra",1,2,FALSE,FALSE,FALSE,FALSE,FALSE,1,495,FALSE,0,"endemic"
"998","Tremulina",1,2,FALSE,FALSE,FALSE,FALSE,FALSE,1,297,FALSE,0,"endemic"
"999","Trianthema",1,12,FALSE,FALSE,TRUE,TRUE,TRUE,0.994608626198083,5008,FALSE,3,"non-endemic"
"1000","Tribonanthes",1,6,FALSE,FALSE,FALSE,FALSE,FALSE,1,1139,FALSE,0,"endemic"
"1001","Tribulopis",1,6,FALSE,FALSE,FALSE,FALSE,FALSE,1,1283,FALSE,0,"endemic"
"1002","Trichanthodium",1,4,FALSE,FALSE,FALSE,FALSE,FALSE,1,1215,FALSE,0,"endemic"
"1003","Trichocline",1,1,FALSE,FALSE,FALSE,TRUE,FALSE,1,384,FALSE,1,"non-endemic"
"1004","Trichoglottis",1,1,FALSE,FALSE,FALSE,TRUE,TRUE,0.513513513513513,37,TRUE,3,"non-endemic"
"1005","Trigastrotheca",1,1,FALSE,TRUE,FALSE,TRUE,FALSE,0.910873440285205,561,TRUE,3,"non-endemic"
"1006","Trigonella",1,1,FALSE,FALSE,TRUE,TRUE,FALSE,0.854726368159204,1005,TRUE,3,"non-endemic"
"1007","Trigonostemon",1,1,FALSE,TRUE,FALSE,TRUE,TRUE,0.518518518518518,27,TRUE,4,"non-endemic"
"1008","Trihaloragis",1,1,FALSE,FALSE,FALSE,FALSE,FALSE,1,68,FALSE,0,"endemic"
"1009","Trimenia",1,1,FALSE,TRUE,FALSE,TRUE,TRUE,0.888667992047714,503,TRUE,4,"non-endemic"
"1010","Triodia",1,79,FALSE,FALSE,FALSE,TRUE,FALSE,0.999860743629021,28724,FALSE,1,"endemic"
"1011","Trioncinia",1,2,FALSE,FALSE,FALSE,FALSE,FALSE,1,15,FALSE,0,"endemic"
"1012","Tripladenia",1,1,FALSE,FALSE,FALSE,FALSE,FALSE,1,1368,FALSE,0,"endemic"
"1013","Triplarina",1,7,FALSE,FALSE,FALSE,FALSE,FALSE,1,812,FALSE,0,"endemic"
"1014","Tripterococcus",1,1,FALSE,FALSE,FALSE,FALSE,FALSE,1,767,FALSE,0,"endemic"
"1015","Triptilodiscus",1,1,FALSE,FALSE,FALSE,FALSE,FALSE,1,6418,FALSE,0,"endemic"
"1016","Tristania",1,1,FALSE,FALSE,FALSE,FALSE,FALSE,0.974025974025974,385,TRUE,1,"endemic"
"1017","Tristaniopsis",1,3,FALSE,TRUE,FALSE,TRUE,TRUE,0.963822789707874,5169,TRUE,4,"non-endemic"
"1018","Trithuria",1,10,TRUE,FALSE,FALSE,TRUE,FALSE,0.886549707602339,855,TRUE,3,"non-endemic"
"1019","Triunia",1,4,FALSE,FALSE,FALSE,FALSE,FALSE,1,1047,FALSE,0,"endemic"
"1020","Trymalium",1,13,FALSE,FALSE,FALSE,FALSE,FALSE,0.999539806718822,2173,FALSE,0,"endemic"
"1021","Tyrbastes",1,1,FALSE,FALSE,FALSE,FALSE,FALSE,1,117,FALSE,0,"endemic"
"1022","Ungeria",1,1,FALSE,FALSE,FALSE,FALSE,FALSE,1,14,FALSE,0,"endemic"
"1023","Uranthoecium",1,1,FALSE,FALSE,FALSE,FALSE,FALSE,1,145,FALSE,0,"endemic"
"1024","Urodon",1,2,FALSE,FALSE,FALSE,FALSE,FALSE,1,260,FALSE,0,"endemic"
"1025","Uromyrtus",1,4,FALSE,TRUE,FALSE,TRUE,TRUE,0.907670454545455,704,TRUE,4,"non-endemic"
"1026","Uvedalia",1,2,FALSE,FALSE,FALSE,FALSE,FALSE,1,360,FALSE,0,"endemic"
"1027","Vachellia",1,9,FALSE,FALSE,TRUE,TRUE,TRUE,0.984287023700406,22911,TRUE,4,"non-endemic"
"1028","Van-royena",1,1,FALSE,FALSE,FALSE,FALSE,FALSE,1,90,FALSE,0,"endemic"
"1029","Ventilago",1,3,FALSE,TRUE,FALSE,TRUE,TRUE,0.957221942627076,1987,TRUE,4,"non-endemic"
"1030","Verreauxia",1,3,FALSE,FALSE,FALSE,FALSE,FALSE,1,119,FALSE,0,"endemic"
"1031","Verticordia",1,101,FALSE,FALSE,FALSE,FALSE,FALSE,0.999434589016892,14149,FALSE,0,"endemic"
"1032","Vesselowskya",1,2,FALSE,FALSE,FALSE,FALSE,FALSE,1,241,FALSE,0,"endemic"
"1033","Viminaria",1,1,FALSE,FALSE,FALSE,FALSE,FALSE,0.998985115020298,2956,FALSE,0,"endemic"
"1034","Vitis",1,1,FALSE,FALSE,TRUE,TRUE,TRUE,0.7,260,TRUE,4,"non-endemic"
"1035","Vittadinia",1,28,TRUE,TRUE,FALSE,TRUE,TRUE,0.995633279010488,47862,FALSE,4,"non-endemic"
"1036","Waitzia",1,5,FALSE,FALSE,TRUE,TRUE,FALSE,1,3960,FALSE,2,"non-endemic"
"1037","Walteranthus",1,1,FALSE,FALSE,FALSE,FALSE,FALSE,1,4,FALSE,0,"endemic"
"1038","Walwhalleya",1,4,FALSE,FALSE,FALSE,FALSE,FALSE,1,5861,FALSE,0,"endemic"
"1039","Websteria",1,1,FALSE,FALSE,FALSE,FALSE,FALSE,0.818181818181818,11,TRUE,1,"non-endemic"
"1040","Wendlandia",1,5,FALSE,FALSE,FALSE,TRUE,TRUE,0.844262295081967,244,TRUE,3,"non-endemic"
"1041","Westringia",1,31,TRUE,FALSE,FALSE,FALSE,FALSE,0.998063216609854,12908,FALSE,1,"non-endemic"
"1042","Whyanbeelia",1,1,FALSE,FALSE,FALSE,FALSE,FALSE,1,64,FALSE,0,"endemic"
"1043","Winifredia",1,1,FALSE,FALSE,FALSE,FALSE,FALSE,1,75,FALSE,0,"endemic"
"1044","Wittsteinia",1,1,FALSE,FALSE,FALSE,TRUE,FALSE,0.99601593625498,502,FALSE,1,"non-endemic"
"1045","Wollemia",1,1,FALSE,FALSE,FALSE,FALSE,FALSE,1,22,FALSE,0,"endemic"
"1046","Woollsia",1,1,FALSE,FALSE,FALSE,FALSE,FALSE,1,3163,FALSE,0,"endemic"
"1047","Wurmbea",1,28,TRUE,FALSE,TRUE,TRUE,FALSE,0.996018202502844,14064,FALSE,3,"non-endemic"
"1048","Xanthorrhoea",1,28,FALSE,FALSE,FALSE,FALSE,FALSE,0.999939997599904,49998,FALSE,0,"endemic"
"1049","Xanthosia",1,20,FALSE,FALSE,FALSE,FALSE,FALSE,0.9999518999519,20790,FALSE,0,"endemic"
"1050","Xerochloa",1,3,FALSE,FALSE,FALSE,TRUE,TRUE,1,749,FALSE,2,"non-endemic"
"1051","Xerolirion",1,1,FALSE,FALSE,FALSE,FALSE,FALSE,1,44,FALSE,0,"endemic"
"1052","Xerothamnella",1,2,FALSE,FALSE,FALSE,FALSE,FALSE,1,194,FALSE,0,"endemic"
"1053","Xylomelum",1,6,FALSE,FALSE,FALSE,FALSE,FALSE,1,3374,FALSE,0,"endemic"
"1054","Xylopia",1,2,FALSE,TRUE,TRUE,TRUE,TRUE,0.751445086705202,346,TRUE,5,"non-endemic"
"1055","Xylosma",1,4,FALSE,TRUE,FALSE,TRUE,TRUE,0.833605220228385,613,TRUE,4,"non-endemic"
"1056","Yakirra",1,6,FALSE,FALSE,FALSE,FALSE,TRUE,0.999175257731959,2425,FALSE,1,"non-endemic"
"1057","Zaleya",1,1,FALSE,FALSE,TRUE,TRUE,TRUE,0.993665158371041,1105,FALSE,3,"non-endemic"
"1058","Zealandia",1,1,FALSE,TRUE,FALSE,FALSE,FALSE,0.925925925925926,27,TRUE,2,"non-endemic"
"1059","Zeuxine",1,3,FALSE,TRUE,TRUE,TRUE,TRUE,0.875886524822695,282,TRUE,5,"non-endemic"
"1060","Zieria",1,59,FALSE,TRUE,FALSE,TRUE,FALSE,0.999452879223088,21933,FALSE,2,"non-endemic"
"1061","Zygochloa",1,1,FALSE,FALSE,FALSE,FALSE,FALSE,1,1340,FALSE,0,"endemic"
