genus,prop_endemic,species_number,nz,nc,ng,indo,wcvp
Abildgaardia,1,2,FALSE,FALSE,TRUE,TRUE,TRUE
Abroma,1,1,FALSE,FALSE,FALSE,TRUE,TRUE
Abrophyllum,1,1,FALSE,FALSE,FALSE,TRUE,FALSE
Acanthocarpus,1,7,FALSE,FALSE,FALSE,TRUE,FALSE
Acanthocladium,1,1,FALSE,FALSE,FALSE,TRUE,FALSE
Aceratium,1,5,FALSE,FALSE,FALSE,TRUE,TRUE
Achnophora,1,1,FALSE,FALSE,FALSE,TRUE,FALSE
Acianthus,1,11,TRUE,TRUE,FALSE,TRUE,TRUE
Acidonia,1,1,FALSE,FALSE,FALSE,TRUE,FALSE
Aciphylla,1,2,TRUE,FALSE,FALSE,TRUE,TRUE
Ackama,1,2,TRUE,FALSE,FALSE,TRUE,TRUE
Acomis,1,4,FALSE,FALSE,FALSE,TRUE,FALSE
Acradenia,1,2,FALSE,FALSE,FALSE,TRUE,FALSE
Acriopsis,1,1,FALSE,FALSE,FALSE,TRUE,TRUE
Acrophyllum,1,1,FALSE,FALSE,FALSE,TRUE,FALSE
Acrothamnus,1,4,TRUE,FALSE,FALSE,TRUE,TRUE
Acrotriche,1,18,FALSE,FALSE,FALSE,TRUE,FALSE
Actinobole,1,4,FALSE,FALSE,FALSE,TRUE,FALSE
Actinodium,1,1,FALSE,FALSE,FALSE,TRUE,FALSE
Actinoschoenus,1,5,FALSE,TRUE,FALSE,TRUE,TRUE
Actinotus,1,19,TRUE,FALSE,FALSE,TRUE,TRUE
Actites,1,1,FALSE,FALSE,FALSE,TRUE,FALSE
Acunniana,1,1,FALSE,FALSE,FALSE,TRUE,FALSE
Adansonia,1,1,FALSE,FALSE,TRUE,TRUE,TRUE
Adelphacme,1,1,FALSE,FALSE,FALSE,TRUE,FALSE
Adenanthos,1,31,FALSE,FALSE,FALSE,TRUE,FALSE
Adenochilus,1,1,TRUE,FALSE,FALSE,TRUE,TRUE
Adriana,1,2,FALSE,FALSE,FALSE,TRUE,FALSE
Aeginetia,1,1,FALSE,FALSE,FALSE,TRUE,TRUE
Aenictophyton,1,2,FALSE,FALSE,FALSE,TRUE,FALSE
Agastachys,1,1,FALSE,FALSE,FALSE,TRUE,FALSE
Agiortia,1,3,FALSE,FALSE,FALSE,TRUE,FALSE
Agonis,1,4,TRUE,FALSE,TRUE,TRUE,FALSE
Agrostocrinum,1,2,FALSE,FALSE,FALSE,TRUE,FALSE
Ajuga,1,2,TRUE,FALSE,TRUE,TRUE,TRUE
Akania,1,1,FALSE,FALSE,FALSE,TRUE,FALSE
Alania,1,1,FALSE,FALSE,FALSE,TRUE,FALSE
Aldrovanda,1,1,FALSE,FALSE,FALSE,TRUE,TRUE
Alexfloydia,1,1,FALSE,FALSE,FALSE,TRUE,FALSE
Alexgeorgea,1,3,FALSE,FALSE,FALSE,TRUE,FALSE
Allittia,1,2,FALSE,FALSE,FALSE,TRUE,FALSE
Allocasuarina,1,61,TRUE,FALSE,FALSE,TRUE,TRUE
Allopterigeron,1,1,FALSE,FALSE,FALSE,TRUE,FALSE
Allosyncarpia,1,1,FALSE,FALSE,FALSE,TRUE,FALSE
Almaleea,1,5,FALSE,FALSE,FALSE,TRUE,FALSE
Althaea,1,1,TRUE,FALSE,TRUE,TRUE,TRUE
Aluta,1,5,FALSE,FALSE,FALSE,TRUE,FALSE
Alyogyne,1,4,FALSE,FALSE,FALSE,TRUE,FALSE
Ammobium,1,2,TRUE,FALSE,FALSE,TRUE,TRUE
Amorphospermum,1,1,FALSE,FALSE,FALSE,TRUE,TRUE
Amperea,1,8,FALSE,FALSE,FALSE,TRUE,FALSE
Amphibolis,1,2,FALSE,FALSE,FALSE,TRUE,FALSE
Amphipogon,1,9,FALSE,FALSE,FALSE,TRUE,FALSE
Anacampseros,1,1,FALSE,FALSE,TRUE,TRUE,TRUE
Anarthria,1,6,FALSE,FALSE,FALSE,TRUE,FALSE
Ancistrachne,1,2,FALSE,TRUE,FALSE,TRUE,TRUE
Andersonia,1,29,FALSE,FALSE,FALSE,TRUE,FALSE
Androcalva,1,33,FALSE,FALSE,FALSE,TRUE,FALSE
Androstoma,1,1,TRUE,FALSE,FALSE,TRUE,TRUE
Anemocarpa,1,3,FALSE,FALSE,FALSE,TRUE,FALSE
Anemone,1,1,TRUE,FALSE,TRUE,TRUE,TRUE
Angianthus,1,21,FALSE,FALSE,FALSE,TRUE,FALSE
Angophora,1,10,TRUE,FALSE,FALSE,TRUE,FALSE
Anigozanthos,1,11,TRUE,FALSE,TRUE,TRUE,TRUE
Anisopogon,1,1,FALSE,FALSE,FALSE,TRUE,TRUE
Anisotome,1,1,TRUE,FALSE,FALSE,TRUE,TRUE
Anodopetalum,1,1,FALSE,FALSE,FALSE,TRUE,FALSE
Anoectochilus,1,1,FALSE,TRUE,FALSE,TRUE,TRUE
Anopterus,1,2,FALSE,FALSE,FALSE,TRUE,FALSE
Anthobolus,1,3,FALSE,FALSE,FALSE,TRUE,TRUE
Anthocercis,1,10,FALSE,FALSE,FALSE,TRUE,FALSE
Anthotium,1,4,FALSE,FALSE,FALSE,TRUE,FALSE
Anthotroche,1,3,FALSE,FALSE,FALSE,TRUE,FALSE
Anticoryne,1,3,FALSE,FALSE,FALSE,TRUE,FALSE
Aotus,1,17,FALSE,FALSE,FALSE,TRUE,FALSE
Apalochlamys,1,1,FALSE,FALSE,FALSE,TRUE,FALSE
Apatophyllum,1,5,FALSE,FALSE,FALSE,TRUE,FALSE
Aphanes,1,2,TRUE,FALSE,FALSE,TRUE,TRUE
Aphanopetalum,1,2,TRUE,FALSE,FALSE,TRUE,FALSE
Aphelia,1,6,FALSE,FALSE,FALSE,TRUE,FALSE
Aphyllorchis,1,2,FALSE,FALSE,FALSE,TRUE,TRUE
Apodasmia,1,2,TRUE,FALSE,FALSE,TRUE,TRUE
Apodytes,1,1,FALSE,TRUE,TRUE,TRUE,TRUE
Aponogeton,1,11,TRUE,FALSE,TRUE,TRUE,TRUE
Apowollastonia,1,7,FALSE,FALSE,FALSE,TRUE,TRUE
Appendicula,1,1,FALSE,TRUE,FALSE,TRUE,TRUE
Arabidella,1,7,FALSE,FALSE,FALSE,TRUE,FALSE
Archeria,1,5,TRUE,FALSE,FALSE,TRUE,TRUE
Archidendropsis,1,3,FALSE,TRUE,FALSE,TRUE,TRUE
Archirhodomyrtus,1,1,FALSE,TRUE,FALSE,TRUE,TRUE
Archontophoenix,1,6,TRUE,FALSE,FALSE,TRUE,TRUE
Areocleome,1,1,FALSE,FALSE,FALSE,FALSE,FALSE
Argentipallium,1,5,FALSE,FALSE,FALSE,TRUE,FALSE
Argophyllum,1,11,FALSE,TRUE,FALSE,TRUE,TRUE
Argyroglottis,1,1,FALSE,FALSE,FALSE,TRUE,FALSE
Aristotelia,1,2,TRUE,FALSE,FALSE,TRUE,TRUE
Arnhemia,1,1,FALSE,FALSE,FALSE,TRUE,FALSE
Arnocrinum,1,3,FALSE,FALSE,FALSE,TRUE,FALSE
Arrhenechthites,1,1,FALSE,FALSE,FALSE,TRUE,TRUE
Artabotrys,1,1,FALSE,FALSE,TRUE,TRUE,TRUE
Arthragrostis,1,4,FALSE,FALSE,FALSE,TRUE,FALSE
Arthropodium,1,7,TRUE,TRUE,FALSE,TRUE,TRUE
Arthrostylis,1,1,FALSE,FALSE,FALSE,TRUE,FALSE
Asperula,1,21,TRUE,FALSE,FALSE,TRUE,TRUE
Astartea,1,22,TRUE,FALSE,FALSE,TRUE,FALSE
Asteridea,1,9,FALSE,FALSE,FALSE,TRUE,FALSE
Asterolasia,1,17,FALSE,FALSE,FALSE,TRUE,FALSE
Asterotrichion,1,1,FALSE,FALSE,FALSE,TRUE,FALSE
Astonia,1,1,FALSE,FALSE,FALSE,TRUE,FALSE
Astrebla,1,4,FALSE,FALSE,FALSE,TRUE,FALSE
Astroloma,1,21,FALSE,FALSE,FALSE,TRUE,FALSE
Astrotricha,1,19,FALSE,FALSE,FALSE,TRUE,FALSE
Astus,1,4,FALSE,FALSE,FALSE,TRUE,FALSE
Atherosperma,1,1,FALSE,FALSE,FALSE,TRUE,FALSE
Athertonia,1,1,FALSE,FALSE,FALSE,TRUE,FALSE
Athrotaxis,1,2,FALSE,FALSE,FALSE,TRUE,FALSE
Atkinsonia,1,1,FALSE,FALSE,FALSE,TRUE,FALSE
Auranticarpa,1,6,FALSE,FALSE,FALSE,TRUE,FALSE
Australopyrum,1,3,TRUE,FALSE,FALSE,TRUE,TRUE
Austrobaileya,1,1,FALSE,FALSE,FALSE,TRUE,FALSE
Austrobryonia,1,4,FALSE,FALSE,FALSE,TRUE,FALSE
Austrobuxus,1,2,FALSE,TRUE,FALSE,TRUE,TRUE
Austrochloris,1,1,FALSE,FALSE,FALSE,TRUE,FALSE
Austrodolichos,1,1,FALSE,FALSE,FALSE,TRUE,FALSE
Austromatthaea,1,1,FALSE,FALSE,FALSE,TRUE,FALSE
Austromuellera,1,2,FALSE,FALSE,FALSE,TRUE,FALSE
Austromyrtus,1,3,FALSE,FALSE,FALSE,TRUE,TRUE
Azanza,1,1,FALSE,FALSE,TRUE,TRUE,TRUE
Babingtonia,1,10,FALSE,FALSE,FALSE,TRUE,FALSE
Backhousia,1,13,FALSE,FALSE,FALSE,TRUE,FALSE
Baileyoxylon,1,1,FALSE,FALSE,FALSE,TRUE,FALSE
Balanops,1,1,FALSE,TRUE,FALSE,TRUE,TRUE
Balaustion,1,1,FALSE,FALSE,FALSE,TRUE,FALSE
Balladonia,1,1,FALSE,FALSE,FALSE,FALSE,FALSE
Ballantinia,1,1,FALSE,FALSE,FALSE,TRUE,FALSE
Baloskion,1,8,FALSE,FALSE,FALSE,TRUE,FALSE
Bambusa,1,1,TRUE,FALSE,TRUE,TRUE,TRUE
Barbarea,1,2,TRUE,FALSE,TRUE,TRUE,TRUE
Barklya,1,1,FALSE,FALSE,FALSE,TRUE,FALSE
Barongia,1,1,FALSE,FALSE,FALSE,TRUE,FALSE
Basedowia,1,1,FALSE,FALSE,FALSE,TRUE,FALSE
Bauera,1,4,FALSE,FALSE,FALSE,TRUE,FALSE
Baumea,1,1,FALSE,FALSE,FALSE,TRUE,FALSE
Baxteria,1,1,FALSE,FALSE,FALSE,TRUE,FALSE
Beaufortia,1,22,FALSE,FALSE,FALSE,TRUE,FALSE
Bedfordia,1,3,FALSE,FALSE,FALSE,TRUE,FALSE
Bellendena,1,1,FALSE,FALSE,FALSE,TRUE,FALSE
Bellida,1,1,FALSE,FALSE,FALSE,TRUE,FALSE
Benthamina,1,1,FALSE,FALSE,FALSE,TRUE,FALSE
Bentleya,1,2,FALSE,FALSE,FALSE,TRUE,FALSE
Berberidopsis,1,1,TRUE,FALSE,FALSE,TRUE,TRUE
Bertya,1,28,FALSE,FALSE,FALSE,TRUE,FALSE
Beyeria,1,24,FALSE,FALSE,FALSE,TRUE,FALSE
Billardiera,1,23,FALSE,FALSE,TRUE,TRUE,TRUE
Biophytum,1,1,FALSE,FALSE,FALSE,TRUE,TRUE
Blackallia,1,1,FALSE,FALSE,FALSE,TRUE,FALSE
Blancoa,1,1,FALSE,FALSE,FALSE,TRUE,FALSE
Blandfordia,1,4,FALSE,FALSE,FALSE,TRUE,FALSE
Bleasdalea,1,1,FALSE,FALSE,FALSE,TRUE,TRUE
Blennodia,1,2,FALSE,FALSE,FALSE,TRUE,FALSE
Blennospora,1,3,FALSE,FALSE,FALSE,TRUE,FALSE
Blepharocarya,1,2,FALSE,FALSE,FALSE,TRUE,FALSE
Bobea,1,1,FALSE,FALSE,FALSE,TRUE,TRUE
Boea,1,2,FALSE,FALSE,FALSE,TRUE,TRUE
Bonamia,1,16,FALSE,FALSE,TRUE,TRUE,TRUE
Boronia,1,152,FALSE,TRUE,FALSE,TRUE,TRUE
Borya,1,12,FALSE,FALSE,FALSE,TRUE,FALSE
Bosistoa,1,4,FALSE,FALSE,FALSE,TRUE,FALSE
Bossiaea,1,79,FALSE,FALSE,FALSE,TRUE,FALSE
Bouchardatia,1,1,FALSE,FALSE,FALSE,TRUE,TRUE
Bowenia,1,2,FALSE,FALSE,FALSE,TRUE,FALSE
Brachyloma,1,16,FALSE,FALSE,FALSE,TRUE,FALSE
Brachypeza,1,1,FALSE,FALSE,FALSE,TRUE,TRUE
Brachyscias,1,1,FALSE,FALSE,FALSE,TRUE,FALSE
Brachysola,1,2,FALSE,FALSE,FALSE,TRUE,FALSE
Brackenridgea,1,1,FALSE,FALSE,TRUE,TRUE,TRUE
Brassiantha,1,1,FALSE,FALSE,FALSE,TRUE,TRUE
Brombya,1,2,FALSE,FALSE,FALSE,TRUE,FALSE
Brunonia,1,1,FALSE,FALSE,FALSE,TRUE,FALSE
Bubbia,1,4,FALSE,FALSE,FALSE,TRUE,FALSE
Buckinghamia,1,2,FALSE,FALSE,FALSE,TRUE,FALSE
Bulbine,1,7,TRUE,FALSE,TRUE,TRUE,TRUE
Burchardia,1,6,FALSE,FALSE,FALSE,TRUE,FALSE
Burnettia,1,1,FALSE,FALSE,FALSE,TRUE,FALSE
Bursaria,1,8,FALSE,FALSE,FALSE,TRUE,FALSE
Cadellia,1,1,FALSE,FALSE,FALSE,TRUE,FALSE
Cadetia,1,6,FALSE,FALSE,FALSE,TRUE,FALSE
Calamphoreus,1,1,FALSE,FALSE,FALSE,TRUE,FALSE
Calandrinia,1,56,TRUE,FALSE,TRUE,TRUE,TRUE
Calectasia,1,15,FALSE,FALSE,FALSE,TRUE,FALSE
Callicoma,1,1,FALSE,FALSE,FALSE,TRUE,FALSE
Callipteris,1,1,FALSE,FALSE,FALSE,TRUE,TRUE
Callistachys,1,1,TRUE,FALSE,FALSE,TRUE,TRUE
Calocephalus,1,12,FALSE,FALSE,FALSE,TRUE,TRUE
Calomeria,1,1,FALSE,FALSE,FALSE,TRUE,TRUE
Calorophus,1,2,FALSE,FALSE,FALSE,TRUE,FALSE
Calostemma,1,3,FALSE,FALSE,FALSE,TRUE,FALSE
Calothamnus,1,41,FALSE,FALSE,TRUE,TRUE,FALSE
Calotis,1,26,TRUE,FALSE,FALSE,TRUE,TRUE
Calycopeplus,1,5,FALSE,FALSE,FALSE,TRUE,FALSE
Calyptochloa,1,3,FALSE,FALSE,FALSE,TRUE,FALSE
Calytrix,1,86,FALSE,FALSE,FALSE,TRUE,FALSE
Camonea,1,1,FALSE,FALSE,FALSE,FALSE,TRUE
Campynema,1,1,FALSE,FALSE,FALSE,TRUE,FALSE
Cardwellia,1,1,FALSE,FALSE,FALSE,TRUE,FALSE
Carinavalva,1,1,FALSE,FALSE,FALSE,TRUE,FALSE
Carmichaelia,1,1,TRUE,FALSE,FALSE,TRUE,TRUE
Carnarvonia,1,1,FALSE,FALSE,FALSE,TRUE,FALSE
Carpentaria,1,1,FALSE,FALSE,FALSE,TRUE,FALSE
Carronia,1,3,FALSE,FALSE,FALSE,TRUE,TRUE
Caryota,1,1,FALSE,FALSE,FALSE,TRUE,TRUE
Cassia,1,4,TRUE,TRUE,TRUE,TRUE,TRUE
Cassinia,1,46,TRUE,FALSE,FALSE,TRUE,TRUE
Castanospora,1,1,FALSE,FALSE,FALSE,TRUE,FALSE
Catacolea,1,1,FALSE,FALSE,FALSE,TRUE,FALSE
Catalepidia,1,1,FALSE,FALSE,FALSE,TRUE,FALSE
Caustis,1,7,FALSE,FALSE,FALSE,TRUE,FALSE
Celmisia,1,8,TRUE,FALSE,FALSE,TRUE,TRUE
Cenarrhenes,1,1,FALSE,FALSE,FALSE,TRUE,FALSE
Centratherum,1,1,FALSE,FALSE,FALSE,TRUE,TRUE
Centropappus,1,1,FALSE,FALSE,FALSE,FALSE,FALSE
Cephalaralia,1,1,FALSE,FALSE,FALSE,TRUE,FALSE
Cephalipterum,1,1,FALSE,FALSE,FALSE,TRUE,FALSE
Cephalosorus,1,1,FALSE,FALSE,FALSE,TRUE,FALSE
Cephalotus,1,1,FALSE,FALSE,FALSE,TRUE,FALSE
Ceratogyne,1,1,FALSE,FALSE,FALSE,TRUE,FALSE
Chaetanthus,1,3,FALSE,FALSE,FALSE,TRUE,FALSE
Chamaeraphis,1,1,FALSE,FALSE,FALSE,TRUE,FALSE
Chamaescilla,1,5,FALSE,FALSE,FALSE,TRUE,FALSE
Chamaexeros,1,4,FALSE,FALSE,FALSE,TRUE,FALSE
Chamelaucium,1,11,TRUE,FALSE,FALSE,TRUE,TRUE
Cheilocostus,1,1,FALSE,FALSE,FALSE,TRUE,TRUE
Cheiranthera,1,10,FALSE,FALSE,FALSE,TRUE,FALSE
Chenopodium,1,9,TRUE,FALSE,TRUE,TRUE,TRUE
Cheyniana,1,2,FALSE,FALSE,FALSE,TRUE,FALSE
Chiloschista,1,1,FALSE,FALSE,FALSE,TRUE,TRUE
Chingia,1,1,FALSE,FALSE,FALSE,TRUE,TRUE
Chionochloa,1,2,TRUE,FALSE,FALSE,TRUE,TRUE
Chlaenosciadium,1,1,FALSE,FALSE,FALSE,TRUE,FALSE
Chloanthes,1,4,FALSE,FALSE,FALSE,TRUE,FALSE
Chondropyxis,1,1,FALSE,FALSE,FALSE,TRUE,FALSE
Chordifex,1,20,FALSE,FALSE,FALSE,TRUE,FALSE
Choretrum,1,7,FALSE,FALSE,FALSE,TRUE,FALSE
Chorilaena,1,1,FALSE,FALSE,FALSE,TRUE,FALSE
Chorizema,1,25,FALSE,FALSE,FALSE,TRUE,TRUE
Chrysitrix,1,1,FALSE,FALSE,TRUE,TRUE,TRUE
Chrysocephalum,1,9,FALSE,FALSE,FALSE,TRUE,FALSE
Chthonocephalus,1,7,FALSE,FALSE,FALSE,TRUE,FALSE
Citronella,1,2,FALSE,TRUE,FALSE,TRUE,TRUE
Citrus,1,6,TRUE,TRUE,FALSE,TRUE,TRUE
Clausospicula,1,1,FALSE,FALSE,FALSE,TRUE,FALSE
Clematicissus,1,2,FALSE,FALSE,FALSE,TRUE,TRUE
Clitoria,1,1,FALSE,FALSE,TRUE,TRUE,TRUE
Coatesia,1,1,FALSE,FALSE,FALSE,TRUE,FALSE
Codariocalyx,1,1,FALSE,FALSE,FALSE,TRUE,TRUE
Codonocarpus,1,3,FALSE,FALSE,FALSE,TRUE,FALSE
Coix,1,1,TRUE,FALSE,TRUE,TRUE,TRUE
Coleanthera,1,2,FALSE,FALSE,FALSE,TRUE,FALSE
Coleocarya,1,1,FALSE,FALSE,FALSE,TRUE,FALSE
Coleocoma,1,1,FALSE,FALSE,FALSE,TRUE,FALSE
Colysis,1,1,FALSE,FALSE,FALSE,TRUE,FALSE
Comesperma,1,33,FALSE,FALSE,FALSE,TRUE,FALSE
Conospermum,1,52,FALSE,FALSE,FALSE,TRUE,FALSE
Conostephium,1,12,FALSE,FALSE,FALSE,TRUE,FALSE
Conostylis,1,45,FALSE,FALSE,FALSE,TRUE,FALSE
Conothamnus,1,3,FALSE,FALSE,FALSE,TRUE,FALSE
Convolvulus,1,11,TRUE,FALSE,TRUE,TRUE,TRUE
Cooktownia,1,1,FALSE,FALSE,FALSE,TRUE,FALSE
Coopernookia,1,6,FALSE,FALSE,FALSE,TRUE,FALSE
Corokia,1,2,TRUE,FALSE,FALSE,TRUE,TRUE
Coronidium,1,21,FALSE,FALSE,FALSE,TRUE,FALSE
Correa,1,11,TRUE,FALSE,FALSE,TRUE,TRUE
Corsia,1,1,FALSE,FALSE,FALSE,TRUE,TRUE
Corynanthera,1,1,FALSE,FALSE,FALSE,TRUE,FALSE
Corynotheca,1,6,FALSE,FALSE,FALSE,TRUE,FALSE
Cosmelia,1,1,FALSE,FALSE,FALSE,TRUE,FALSE
Cossinia,1,1,FALSE,TRUE,FALSE,TRUE,TRUE
Craspedia,1,19,TRUE,FALSE,FALSE,TRUE,TRUE
Cratystylis,1,4,FALSE,FALSE,FALSE,TRUE,FALSE
Cremnothamnus,1,1,FALSE,FALSE,FALSE,TRUE,FALSE
Crenidium,1,1,FALSE,FALSE,FALSE,TRUE,FALSE
Cressa,1,1,FALSE,FALSE,FALSE,TRUE,TRUE
Crispiloba,1,1,FALSE,FALSE,FALSE,TRUE,FALSE
Cristonia,1,2,FALSE,FALSE,FALSE,TRUE,FALSE
Croninia,1,1,FALSE,FALSE,FALSE,TRUE,FALSE
Crosslandia,1,1,FALSE,FALSE,FALSE,TRUE,FALSE
Crowea,1,3,FALSE,FALSE,FALSE,TRUE,FALSE
Cryptandra,1,56,TRUE,FALSE,FALSE,TRUE,FALSE
Ctenopteris,1,1,FALSE,FALSE,TRUE,TRUE,FALSE
Cuphonotus,1,2,FALSE,FALSE,FALSE,TRUE,FALSE
Curculigo,1,1,FALSE,TRUE,FALSE,TRUE,TRUE
Cuttsia,1,1,FALSE,FALSE,FALSE,TRUE,FALSE
Cyanicula,1,10,FALSE,FALSE,FALSE,FALSE,FALSE
Cyanostegia,1,5,FALSE,FALSE,FALSE,TRUE,FALSE
Cyathochaeta,1,6,FALSE,FALSE,FALSE,TRUE,FALSE
Cyathodes,1,3,FALSE,FALSE,FALSE,TRUE,TRUE
Cyathostemon,1,6,FALSE,FALSE,FALSE,TRUE,FALSE
Cymbidium,1,3,FALSE,FALSE,TRUE,TRUE,TRUE
Cymbonotus,1,3,FALSE,FALSE,FALSE,TRUE,FALSE
Cynodon,1,4,TRUE,TRUE,TRUE,TRUE,TRUE
Cyphanthera,1,9,FALSE,FALSE,FALSE,TRUE,FALSE
Cypselocarpus,1,1,FALSE,FALSE,FALSE,TRUE,FALSE
Cyrtandra,1,1,FALSE,TRUE,FALSE,TRUE,TRUE
Cyrtostylis,1,4,TRUE,FALSE,FALSE,TRUE,TRUE
Cytogonidium,1,1,FALSE,FALSE,FALSE,TRUE,FALSE
Dactyliophora,1,1,FALSE,FALSE,FALSE,TRUE,TRUE
Dactyloctenium,1,2,TRUE,FALSE,TRUE,TRUE,TRUE
Dallwatsonia,1,1,FALSE,FALSE,FALSE,TRUE,FALSE
Damasonium,1,1,FALSE,FALSE,FALSE,TRUE,TRUE
Dampiera,1,68,FALSE,FALSE,FALSE,TRUE,FALSE
Dansiea,1,2,FALSE,FALSE,FALSE,TRUE,FALSE
Daphnandra,1,6,FALSE,FALSE,FALSE,TRUE,FALSE
Darlingia,1,2,FALSE,FALSE,FALSE,TRUE,FALSE
Darwinia,1,51,FALSE,FALSE,FALSE,TRUE,FALSE
Dasymalla,1,5,FALSE,FALSE,FALSE,TRUE,FALSE
Dasypogon,1,3,FALSE,FALSE,FALSE,TRUE,FALSE
Davidsonia,1,3,FALSE,FALSE,FALSE,TRUE,FALSE
Daviesia,1,131,FALSE,FALSE,FALSE,TRUE,FALSE
Debregeasia,1,1,TRUE,FALSE,FALSE,TRUE,TRUE
Decaschistia,1,3,FALSE,FALSE,FALSE,TRUE,TRUE
Decazesia,1,1,FALSE,FALSE,FALSE,TRUE,FALSE
Delarbrea,1,1,FALSE,TRUE,FALSE,TRUE,TRUE
Demorchis,1,2,FALSE,FALSE,FALSE,FALSE,FALSE
Dendroconche,1,1,FALSE,FALSE,FALSE,FALSE,FALSE
Denhamia,1,13,FALSE,TRUE,FALSE,TRUE,TRUE
Dennstaedtia,1,1,TRUE,FALSE,FALSE,TRUE,TRUE
Desmocladus,1,23,FALSE,FALSE,FALSE,TRUE,FALSE
Desmodiopsis,1,1,FALSE,FALSE,FALSE,FALSE,FALSE
Desmos,1,3,FALSE,FALSE,FALSE,TRUE,TRUE
Diaspasis,1,1,FALSE,FALSE,FALSE,TRUE,FALSE
Dicarpidium,1,1,FALSE,FALSE,FALSE,TRUE,FALSE
Dichopogon,1,3,FALSE,FALSE,FALSE,TRUE,FALSE
Dichosciadium,1,1,FALSE,FALSE,FALSE,TRUE,FALSE
Dichromochlamys,1,1,FALSE,FALSE,FALSE,TRUE,FALSE
Dicksonia,1,3,TRUE,TRUE,TRUE,TRUE,TRUE
Dicladanthera,1,2,FALSE,FALSE,FALSE,TRUE,FALSE
Dicrastylis,1,31,FALSE,FALSE,FALSE,TRUE,FALSE
Didymanthus,1,1,FALSE,FALSE,FALSE,TRUE,FALSE
Dielitzia,1,1,FALSE,FALSE,FALSE,TRUE,FALSE
Dielsia,1,1,FALSE,FALSE,FALSE,TRUE,FALSE
Dielsiodoxa,1,5,FALSE,FALSE,FALSE,TRUE,FALSE
Dienia,1,6,FALSE,FALSE,FALSE,TRUE,TRUE
Dietes,1,1,TRUE,FALSE,TRUE,TRUE,TRUE
Dillwynia,1,29,FALSE,FALSE,FALSE,TRUE,FALSE
Dimocarpus,1,1,FALSE,FALSE,FALSE,TRUE,TRUE
Dimorphocoma,1,1,FALSE,FALSE,FALSE,TRUE,FALSE
Dinghoua,1,1,FALSE,FALSE,FALSE,TRUE,FALSE
Dinosperma,1,4,FALSE,FALSE,FALSE,TRUE,FALSE
Diocirea,1,4,FALSE,FALSE,FALSE,TRUE,FALSE
Diodontium,1,1,FALSE,FALSE,FALSE,TRUE,FALSE
Diplarrena,1,2,FALSE,FALSE,FALSE,TRUE,FALSE
Diplaspis,1,3,FALSE,FALSE,FALSE,TRUE,FALSE
Diplatia,1,3,FALSE,FALSE,FALSE,TRUE,FALSE
Diplocaulobium,1,1,FALSE,FALSE,FALSE,TRUE,FALSE
Diplolaena,1,15,FALSE,FALSE,FALSE,TRUE,FALSE
Diplopeltis,1,5,FALSE,FALSE,FALSE,TRUE,FALSE
Dipteracanthus,1,3,FALSE,FALSE,TRUE,TRUE,TRUE
Discaria,1,2,TRUE,FALSE,FALSE,TRUE,TRUE
Diselma,1,1,FALSE,FALSE,FALSE,TRUE,FALSE
Disphyma,1,1,TRUE,FALSE,TRUE,TRUE,TRUE
Dissiliaria,1,5,FALSE,FALSE,FALSE,TRUE,FALSE
Dissocarpus,1,4,FALSE,FALSE,FALSE,TRUE,FALSE
Distichlis,1,1,TRUE,FALSE,FALSE,TRUE,TRUE
Dithyrostegia,1,2,FALSE,FALSE,FALSE,TRUE,FALSE
Diuris,1,99,FALSE,FALSE,FALSE,TRUE,TRUE
Dockrillia,1,20,FALSE,FALSE,FALSE,FALSE,FALSE
Doryanthes,1,2,FALSE,FALSE,FALSE,TRUE,FALSE
Doryphora,1,2,FALSE,FALSE,FALSE,TRUE,FALSE
Drabastrum,1,1,FALSE,FALSE,FALSE,TRUE,FALSE
Dracophyllum,1,7,TRUE,TRUE,FALSE,TRUE,TRUE
Drakaea,1,10,FALSE,FALSE,FALSE,TRUE,FALSE
Drummondita,1,10,FALSE,FALSE,FALSE,TRUE,FALSE
Dryadodaphne,1,1,FALSE,FALSE,FALSE,TRUE,TRUE
Drymoanthus,1,1,TRUE,TRUE,FALSE,TRUE,TRUE
Drymophila,1,2,FALSE,FALSE,FALSE,TRUE,FALSE
Dryopoa,1,1,FALSE,FALSE,FALSE,TRUE,FALSE
Dubouzetia,1,2,FALSE,TRUE,FALSE,TRUE,TRUE
Duma,1,3,FALSE,FALSE,FALSE,TRUE,TRUE
Duperreya,1,3,FALSE,FALSE,FALSE,TRUE,FALSE
Durringtonia,1,1,FALSE,FALSE,FALSE,TRUE,FALSE
Ecdeiocolea,1,2,FALSE,FALSE,FALSE,TRUE,FALSE
Echinostephia,1,1,FALSE,FALSE,FALSE,TRUE,FALSE
Eidothea,1,2,FALSE,FALSE,FALSE,TRUE,FALSE
Elachanthus,1,2,FALSE,FALSE,FALSE,TRUE,FALSE
Elacholoma,1,2,FALSE,FALSE,FALSE,TRUE,FALSE
Elattostachys,1,5,FALSE,TRUE,FALSE,TRUE,TRUE
Elythranthera,1,2,FALSE,FALSE,FALSE,FALSE,FALSE
Embadium,1,3,FALSE,FALSE,FALSE,TRUE,FALSE
Emblingia,1,1,FALSE,FALSE,FALSE,TRUE,FALSE
Enekbatus,1,10,FALSE,FALSE,FALSE,TRUE,FALSE
Enydra,1,1,FALSE,FALSE,TRUE,TRUE,TRUE
Epacris,1,53,TRUE,FALSE,FALSE,TRUE,TRUE
Epiblema,1,1,FALSE,FALSE,FALSE,TRUE,FALSE
Epitriche,1,1,FALSE,FALSE,FALSE,TRUE,FALSE
Eremaea,1,14,FALSE,FALSE,FALSE,TRUE,FALSE
Eremophea,1,2,FALSE,FALSE,FALSE,TRUE,FALSE
Eremophila,1,234,TRUE,FALSE,FALSE,TRUE,TRUE
Eremosyne,1,1,FALSE,FALSE,FALSE,TRUE,FALSE
Eria,1,5,FALSE,TRUE,FALSE,TRUE,TRUE
Erichsenia,1,1,FALSE,FALSE,FALSE,TRUE,FALSE
Ericksonella,1,1,FALSE,FALSE,FALSE,FALSE,FALSE
Ericomyrtus,1,4,FALSE,FALSE,FALSE,FALSE,FALSE
Erigeron,1,1,TRUE,FALSE,TRUE,TRUE,TRUE
Eriochilus,1,11,FALSE,FALSE,FALSE,TRUE,FALSE
Eriochiton,1,1,FALSE,FALSE,FALSE,TRUE,FALSE
Eriochlamys,1,4,FALSE,FALSE,FALSE,TRUE,FALSE
Eriostemon,1,2,FALSE,FALSE,FALSE,TRUE,FALSE
Erodiophyllum,1,2,FALSE,FALSE,FALSE,TRUE,FALSE
Erodium,1,5,TRUE,FALSE,TRUE,TRUE,TRUE
Erymophyllum,1,5,FALSE,FALSE,FALSE,TRUE,FALSE
Erythrophleum,1,1,FALSE,FALSE,TRUE,TRUE,TRUE
Erythrorchis,1,1,FALSE,FALSE,FALSE,TRUE,TRUE
Erythroxylum,1,2,FALSE,TRUE,TRUE,TRUE,TRUE
Eschenbachia,1,2,FALSE,FALSE,TRUE,TRUE,TRUE
Ethuliopsis,1,1,FALSE,FALSE,FALSE,TRUE,FALSE
Etlingera,1,1,FALSE,FALSE,FALSE,TRUE,TRUE
Euchilopsis,1,1,FALSE,FALSE,FALSE,TRUE,FALSE
Eucosia,1,1,FALSE,FALSE,FALSE,FALSE,FALSE
Eucryphia,1,5,FALSE,FALSE,FALSE,TRUE,TRUE
Eumachia,1,1,FALSE,TRUE,FALSE,FALSE,TRUE
Euodia,1,2,FALSE,TRUE,FALSE,TRUE,TRUE
Euphrasia,1,20,TRUE,FALSE,FALSE,TRUE,TRUE
Eurychorda,1,1,FALSE,FALSE,FALSE,TRUE,FALSE
Euryomyrtus,1,7,FALSE,FALSE,FALSE,TRUE,FALSE
Eutaxia,1,22,FALSE,FALSE,FALSE,TRUE,FALSE
Evandra,1,2,FALSE,FALSE,FALSE,TRUE,FALSE
Everistia,1,1,FALSE,FALSE,FALSE,TRUE,FALSE
Ewartia,1,4,FALSE,FALSE,FALSE,TRUE,FALSE
Exocarya,1,1,FALSE,FALSE,FALSE,TRUE,TRUE
Falcataria,1,1,FALSE,FALSE,FALSE,TRUE,TRUE
Feldstonia,1,1,FALSE,FALSE,FALSE,TRUE,FALSE
Fieldia,1,1,FALSE,FALSE,FALSE,TRUE,FALSE
Fitzwillia,1,1,FALSE,FALSE,FALSE,TRUE,FALSE
Flacourtia,1,1,FALSE,FALSE,TRUE,TRUE,TRUE
Flickingeria,1,3,FALSE,FALSE,FALSE,FALSE,FALSE
Floydia,1,1,FALSE,FALSE,FALSE,TRUE,FALSE
Fontainea,1,6,FALSE,TRUE,FALSE,TRUE,TRUE
Forstera,1,1,TRUE,FALSE,FALSE,TRUE,TRUE
Franciscodendron,1,1,FALSE,FALSE,FALSE,TRUE,FALSE
Frankenia,1,44,FALSE,FALSE,TRUE,TRUE,TRUE
Franklandia,1,2,FALSE,FALSE,FALSE,TRUE,FALSE
Galbulimima,1,1,FALSE,FALSE,FALSE,TRUE,TRUE
Gardenia,1,19,FALSE,TRUE,TRUE,TRUE,TRUE
Gastrolobium,1,110,FALSE,FALSE,FALSE,TRUE,TRUE
Geleznowia,1,1,FALSE,FALSE,FALSE,TRUE,FALSE
Genoplesium,1,1,FALSE,TRUE,FALSE,TRUE,TRUE
Gentiana,1,4,FALSE,FALSE,FALSE,TRUE,TRUE
Gentianella,1,14,TRUE,FALSE,FALSE,TRUE,TRUE
Geococcus,1,1,FALSE,FALSE,FALSE,TRUE,FALSE
Georgeantha,1,1,FALSE,FALSE,FALSE,TRUE,FALSE
Geosiris,1,1,FALSE,FALSE,FALSE,FALSE,TRUE
Gilberta,1,1,FALSE,FALSE,FALSE,TRUE,FALSE
Gilesia,1,1,FALSE,FALSE,FALSE,TRUE,FALSE
Gilruthia,1,1,FALSE,FALSE,FALSE,TRUE,FALSE
Gingidia,1,3,TRUE,FALSE,FALSE,TRUE,TRUE
Glischrocaryon,1,5,FALSE,FALSE,FALSE,TRUE,FALSE
Glossodia,1,2,FALSE,FALSE,FALSE,FALSE,FALSE
Glyceria,1,3,TRUE,FALSE,TRUE,TRUE,TRUE
Glycocystis,1,1,FALSE,FALSE,FALSE,TRUE,FALSE
Glycyrrhiza,1,1,FALSE,FALSE,TRUE,TRUE,TRUE
Gnaphalium,1,2,TRUE,FALSE,TRUE,TRUE,TRUE
Gnephosis,1,16,FALSE,FALSE,FALSE,TRUE,FALSE
Gomphrena,1,32,TRUE,FALSE,TRUE,TRUE,TRUE
Goniothalamus,1,1,FALSE,TRUE,FALSE,TRUE,TRUE
Goodia,1,6,TRUE,FALSE,FALSE,TRUE,TRUE
Gossypium,1,17,FALSE,TRUE,TRUE,TRUE,TRUE
Grammitis,1,4,FALSE,TRUE,TRUE,TRUE,TRUE
Grammosolen,1,2,FALSE,FALSE,FALSE,TRUE,FALSE
Granitites,1,1,FALSE,FALSE,FALSE,TRUE,FALSE
Grastidium,1,5,FALSE,FALSE,FALSE,TRUE,FALSE
Gratwickia,1,1,FALSE,FALSE,FALSE,TRUE,FALSE
Guichenotia,1,17,FALSE,FALSE,FALSE,TRUE,FALSE
Guilfoylia,1,1,FALSE,FALSE,FALSE,TRUE,FALSE
Gunnera,1,1,TRUE,FALSE,TRUE,TRUE,TRUE
Gunnessia,1,1,FALSE,FALSE,FALSE,TRUE,FALSE
Gunniopsis,1,14,FALSE,FALSE,FALSE,TRUE,FALSE
Gymnoschoenus,1,2,FALSE,FALSE,FALSE,TRUE,FALSE
Gymnostachys,1,1,FALSE,FALSE,FALSE,TRUE,FALSE
Gymnostoma,1,1,FALSE,TRUE,FALSE,TRUE,TRUE
Gynatrix,1,2,FALSE,FALSE,FALSE,TRUE,FALSE
Gynura,1,1,FALSE,FALSE,FALSE,TRUE,TRUE
Gyrostemon,1,13,FALSE,FALSE,FALSE,TRUE,FALSE
Hackelia,1,2,FALSE,FALSE,FALSE,TRUE,TRUE
Haeckeria,1,2,FALSE,FALSE,FALSE,TRUE,FALSE
Haegiela,1,1,FALSE,FALSE,FALSE,TRUE,FALSE
Hakea,1,151,TRUE,FALSE,TRUE,TRUE,TRUE
Haloragis,1,23,TRUE,TRUE,FALSE,TRUE,TRUE
Haloragodendron,1,6,FALSE,FALSE,FALSE,TRUE,FALSE
Hannafordia,1,3,FALSE,FALSE,FALSE,TRUE,FALSE
Haptotrichion,1,2,FALSE,FALSE,FALSE,TRUE,FALSE
Harmogia,1,1,FALSE,FALSE,FALSE,TRUE,FALSE
Harmsiodoxa,1,3,FALSE,FALSE,FALSE,TRUE,FALSE
Harnieria,1,2,FALSE,FALSE,FALSE,TRUE,FALSE
Hedraianthera,1,1,FALSE,FALSE,FALSE,TRUE,FALSE
Hedycarya,1,2,TRUE,TRUE,FALSE,TRUE,TRUE
Hedyscepe,1,1,FALSE,FALSE,FALSE,TRUE,FALSE
Helichrysum,1,4,TRUE,TRUE,TRUE,TRUE,TRUE
Helipterum,1,1,FALSE,FALSE,FALSE,TRUE,FALSE
Helmholtzia,1,2,FALSE,FALSE,FALSE,TRUE,TRUE
Hemarthria,1,1,TRUE,FALSE,TRUE,TRUE,TRUE
Hemiandra,1,9,FALSE,FALSE,FALSE,TRUE,FALSE
Hemichroa,1,1,FALSE,FALSE,FALSE,TRUE,FALSE
Hemigenia,1,53,FALSE,FALSE,FALSE,TRUE,FALSE
Hemiphora,1,5,FALSE,FALSE,FALSE,TRUE,FALSE
Hemmantia,1,1,FALSE,FALSE,FALSE,TRUE,FALSE
Hensmania,1,3,FALSE,FALSE,FALSE,TRUE,FALSE
Heterachne,1,3,FALSE,FALSE,FALSE,TRUE,FALSE
Heterozostera,1,3,FALSE,FALSE,FALSE,TRUE,FALSE
Hexaspora,1,1,FALSE,FALSE,FALSE,TRUE,FALSE
Hicksbeachia,1,2,FALSE,FALSE,FALSE,TRUE,FALSE
Hildegardia,1,1,FALSE,FALSE,FALSE,TRUE,TRUE
Hippocratea,1,1,FALSE,FALSE,TRUE,TRUE,TRUE
Hodgkinsonia,1,1,FALSE,FALSE,FALSE,TRUE,FALSE
Hodgsoniola,1,1,FALSE,FALSE,FALSE,TRUE,FALSE
Holcolemma,1,1,FALSE,FALSE,FALSE,TRUE,TRUE
Hollandaea,1,4,FALSE,FALSE,FALSE,TRUE,FALSE
Homalium,1,3,FALSE,TRUE,TRUE,TRUE,TRUE
Homalocalyx,1,11,FALSE,FALSE,FALSE,TRUE,FALSE
Homalosciadium,1,1,FALSE,FALSE,FALSE,TRUE,FALSE
Homalospermum,1,1,FALSE,FALSE,FALSE,TRUE,FALSE
Homopholis,1,1,FALSE,FALSE,FALSE,TRUE,FALSE
Homoranthus,1,31,FALSE,FALSE,FALSE,TRUE,FALSE
Hookerochloa,1,2,FALSE,FALSE,FALSE,TRUE,FALSE
Hopkinsia,1,2,FALSE,FALSE,FALSE,TRUE,FALSE
Horsfieldia,1,1,FALSE,FALSE,FALSE,TRUE,TRUE
Hovea,1,38,FALSE,FALSE,FALSE,TRUE,FALSE
Howea,1,2,TRUE,FALSE,FALSE,TRUE,TRUE
Howittia,1,1,FALSE,FALSE,FALSE,TRUE,FALSE
Hullsia,1,1,FALSE,FALSE,FALSE,TRUE,FALSE
Huxleya,1,1,FALSE,FALSE,FALSE,TRUE,FALSE
Hyalochlamys,1,1,FALSE,FALSE,FALSE,TRUE,FALSE
Hyalosperma,1,9,FALSE,FALSE,FALSE,TRUE,FALSE
Hybanthus,1,8,TRUE,TRUE,TRUE,TRUE,TRUE
Hygrochloa,1,2,FALSE,FALSE,FALSE,TRUE,FALSE
Hygrophila,1,1,TRUE,FALSE,TRUE,TRUE,TRUE
Hylandia,1,1,FALSE,FALSE,FALSE,TRUE,FALSE
Hymenachne,1,1,FALSE,FALSE,FALSE,TRUE,TRUE
Hypocalymma,1,26,FALSE,FALSE,FALSE,TRUE,FALSE
Hypolaena,1,8,FALSE,FALSE,FALSE,TRUE,FALSE
Hypsophila,1,2,FALSE,FALSE,FALSE,TRUE,FALSE
Hysterobaeckea,1,11,FALSE,FALSE,FALSE,FALSE,FALSE
Idiospermum,1,1,FALSE,FALSE,FALSE,TRUE,FALSE
Illigera,1,1,FALSE,FALSE,FALSE,TRUE,TRUE
Indagator,1,1,FALSE,FALSE,FALSE,TRUE,FALSE
Iotasperma,1,2,FALSE,FALSE,FALSE,TRUE,FALSE
Irenepharsus,1,3,FALSE,FALSE,FALSE,TRUE,FALSE
Irvingbaileya,1,1,FALSE,FALSE,FALSE,TRUE,FALSE
Iseilema,1,12,FALSE,FALSE,FALSE,TRUE,TRUE
Isoetopsis,1,1,FALSE,FALSE,FALSE,TRUE,FALSE
Isoglossa,1,1,FALSE,FALSE,TRUE,TRUE,TRUE
Isophysis,1,1,FALSE,FALSE,FALSE,TRUE,FALSE
Isopogon,1,38,FALSE,FALSE,FALSE,TRUE,FALSE
Isotropis,1,14,FALSE,FALSE,FALSE,TRUE,FALSE
Ixiochlamys,1,4,FALSE,FALSE,FALSE,TRUE,FALSE
Ixiolaena,1,1,FALSE,FALSE,FALSE,TRUE,FALSE
Ixodia,1,2,FALSE,FALSE,FALSE,TRUE,FALSE
Jacksonia,1,74,FALSE,FALSE,FALSE,TRUE,FALSE
Jedda,1,1,FALSE,FALSE,FALSE,TRUE,FALSE
Johnsonia,1,5,FALSE,FALSE,FALSE,TRUE,FALSE
Kalanchoe,1,1,TRUE,FALSE,TRUE,FALSE,TRUE
Kardomia,1,6,FALSE,FALSE,FALSE,TRUE,FALSE
Karrabina,1,2,FALSE,FALSE,FALSE,TRUE,FALSE
Kelita,1,1,FALSE,FALSE,FALSE,TRUE,FALSE
Kennedia,1,13,TRUE,FALSE,FALSE,TRUE,TRUE
Kingia,1,1,FALSE,FALSE,FALSE,TRUE,FALSE
Kippistia,1,1,FALSE,FALSE,FALSE,TRUE,FALSE
Koeleria,1,1,TRUE,FALSE,TRUE,TRUE,TRUE
Kohautia,1,1,FALSE,FALSE,TRUE,TRUE,TRUE
Kuntheria,1,1,FALSE,FALSE,FALSE,TRUE,FALSE
Labichea,1,14,FALSE,FALSE,FALSE,TRUE,FALSE
Laccospadix,1,1,FALSE,FALSE,FALSE,TRUE,FALSE
Lachnostachys,1,6,FALSE,FALSE,FALSE,TRUE,FALSE
Lagarostrobos,1,1,FALSE,FALSE,FALSE,TRUE,FALSE
Lagunaria,1,2,TRUE,FALSE,TRUE,TRUE,TRUE
Lamarchea,1,2,FALSE,FALSE,FALSE,TRUE,FALSE
Lambertia,1,10,FALSE,FALSE,FALSE,TRUE,FALSE
Lamprolobium,1,2,FALSE,FALSE,FALSE,TRUE,TRUE
Landoltia,1,1,TRUE,FALSE,FALSE,TRUE,FALSE
Larsenaikia,1,3,FALSE,FALSE,FALSE,TRUE,FALSE
Lasiopetalum,1,49,FALSE,FALSE,FALSE,TRUE,FALSE
Lasjia,1,3,FALSE,FALSE,FALSE,TRUE,TRUE
Latrobea,1,8,FALSE,FALSE,FALSE,TRUE,FALSE
Lawrencella,1,2,FALSE,FALSE,FALSE,TRUE,FALSE
Lawrencia,1,12,FALSE,FALSE,FALSE,TRUE,TRUE
Laxmannia,1,13,FALSE,FALSE,FALSE,TRUE,FALSE
Legnephora,1,1,FALSE,FALSE,FALSE,TRUE,TRUE
Leiocarpa,1,10,FALSE,FALSE,FALSE,TRUE,FALSE
Leionema,1,25,TRUE,FALSE,FALSE,TRUE,TRUE
Lemooria,1,1,FALSE,FALSE,FALSE,TRUE,FALSE
Lenbrassia,1,1,FALSE,FALSE,FALSE,TRUE,FALSE
Lenwebbia,1,2,FALSE,FALSE,FALSE,TRUE,FALSE
Lepiderema,1,6,FALSE,FALSE,FALSE,TRUE,TRUE
Lepidobolus,1,9,FALSE,FALSE,FALSE,TRUE,FALSE
Lepidorrhachis,1,1,FALSE,FALSE,FALSE,TRUE,FALSE
Lepidozamia,1,2,FALSE,FALSE,FALSE,TRUE,FALSE
Lepistemon,1,1,FALSE,FALSE,FALSE,TRUE,TRUE
Leporella,1,1,FALSE,FALSE,FALSE,TRUE,FALSE
Leptocarpus,1,15,FALSE,FALSE,FALSE,TRUE,FALSE
Leptoceras,1,1,FALSE,FALSE,FALSE,TRUE,FALSE
Leptochloa,1,1,FALSE,TRUE,TRUE,TRUE,TRUE
Leptomeria,1,17,FALSE,FALSE,FALSE,TRUE,FALSE
Leptopteris,1,2,TRUE,TRUE,FALSE,TRUE,TRUE
Leptorhynchos,1,10,FALSE,FALSE,FALSE,TRUE,FALSE
Leptosema,1,13,FALSE,FALSE,FALSE,TRUE,FALSE
Leptostigma,1,2,TRUE,FALSE,FALSE,TRUE,TRUE
Lepyrodia,1,22,FALSE,FALSE,FALSE,TRUE,FALSE
Lethedon,1,1,FALSE,TRUE,FALSE,TRUE,TRUE
Leucochrysum,1,6,FALSE,FALSE,FALSE,TRUE,FALSE
Leucophyta,1,1,FALSE,FALSE,FALSE,TRUE,FALSE
Levenhookia,1,11,FALSE,FALSE,FALSE,TRUE,FALSE
Lilaeopsis,1,2,TRUE,FALSE,FALSE,TRUE,TRUE
Limonium,1,2,TRUE,TRUE,TRUE,TRUE,TRUE
Lindernia,1,42,FALSE,TRUE,TRUE,TRUE,TRUE
Linospadix,1,5,FALSE,FALSE,FALSE,TRUE,TRUE
Linum,1,2,TRUE,FALSE,TRUE,TRUE,TRUE
Lissanthe,1,9,FALSE,FALSE,FALSE,TRUE,FALSE
Logania,1,22,TRUE,FALSE,FALSE,TRUE,TRUE
Lomatia,1,9,TRUE,FALSE,FALSE,TRUE,TRUE
Lophopetalum,1,1,FALSE,FALSE,FALSE,TRUE,TRUE
Lordhowea,1,1,FALSE,FALSE,FALSE,TRUE,FALSE
Loxocarya,1,5,FALSE,FALSE,FALSE,TRUE,FALSE
Luisia,1,2,FALSE,TRUE,FALSE,TRUE,TRUE
Lycium,1,1,TRUE,FALSE,TRUE,TRUE,TRUE
Lycopus,1,1,TRUE,FALSE,FALSE,TRUE,TRUE
Lyginia,1,3,FALSE,FALSE,FALSE,TRUE,TRUE
Lyperanthus,1,2,FALSE,FALSE,FALSE,TRUE,FALSE
Lysiana,1,8,FALSE,FALSE,FALSE,TRUE,FALSE
Lysicarpus,1,1,FALSE,FALSE,FALSE,TRUE,FALSE
Lysinema,1,6,FALSE,FALSE,FALSE,TRUE,FALSE
Lysiosepalum,1,5,FALSE,FALSE,FALSE,TRUE,FALSE
Macarthuria,1,9,FALSE,FALSE,FALSE,TRUE,FALSE
Macgregoria,1,1,FALSE,FALSE,FALSE,TRUE,FALSE
Macropidia,1,1,FALSE,FALSE,FALSE,TRUE,FALSE
Macropteranthes,1,5,FALSE,FALSE,FALSE,TRUE,FALSE
Macrozamia,1,41,FALSE,FALSE,FALSE,TRUE,FALSE
Malaccotristicha,1,1,FALSE,FALSE,FALSE,TRUE,FALSE
Malacocera,1,4,FALSE,FALSE,FALSE,TRUE,FALSE
Malleostemon,1,14,FALSE,FALSE,FALSE,TRUE,FALSE
Malva,1,2,TRUE,FALSE,TRUE,TRUE,TRUE
Malvastrum,1,1,FALSE,FALSE,TRUE,TRUE,TRUE
Marianthus,1,15,FALSE,FALSE,FALSE,TRUE,FALSE
Maundia,1,1,FALSE,FALSE,FALSE,TRUE,FALSE
Medinilla,1,1,FALSE,FALSE,FALSE,TRUE,TRUE
Megahertzia,1,1,FALSE,FALSE,FALSE,TRUE,FALSE
Meionectes,1,2,FALSE,FALSE,FALSE,TRUE,FALSE
Melanostachya,1,1,FALSE,FALSE,FALSE,TRUE,FALSE
Melichrus,1,4,FALSE,FALSE,FALSE,TRUE,FALSE
Menkea,1,6,FALSE,FALSE,FALSE,TRUE,FALSE
Mentha,1,6,TRUE,FALSE,TRUE,TRUE,TRUE
Meryta,1,2,TRUE,TRUE,FALSE,TRUE,TRUE
Mesomelaena,1,5,FALSE,FALSE,FALSE,TRUE,FALSE
Mesua,1,1,FALSE,FALSE,FALSE,TRUE,TRUE
Metrosideros,1,2,TRUE,TRUE,TRUE,TRUE,TRUE
Micraira,1,15,FALSE,FALSE,FALSE,TRUE,FALSE
Micrantheum,1,4,FALSE,FALSE,FALSE,TRUE,FALSE
Microcachrys,1,1,FALSE,FALSE,FALSE,TRUE,FALSE
Microcorys,1,20,FALSE,FALSE,FALSE,TRUE,FALSE
Microcybe,1,4,FALSE,FALSE,FALSE,TRUE,FALSE
Microlepidium,1,2,FALSE,FALSE,FALSE,TRUE,FALSE
Micromyrtus,1,50,FALSE,FALSE,FALSE,TRUE,FALSE
Milligania,1,5,FALSE,FALSE,FALSE,TRUE,FALSE
Millotia,1,16,FALSE,FALSE,FALSE,TRUE,TRUE
Minuria,1,12,FALSE,FALSE,FALSE,TRUE,FALSE
Mirbelia,1,29,FALSE,FALSE,FALSE,TRUE,FALSE
Mitrantia,1,1,FALSE,FALSE,FALSE,TRUE,FALSE
Mitrella,1,1,FALSE,FALSE,FALSE,TRUE,TRUE
Mobilabium,1,1,FALSE,FALSE,FALSE,TRUE,FALSE
Monachather,1,1,FALSE,FALSE,FALSE,TRUE,FALSE
Monoon,1,3,FALSE,FALSE,FALSE,TRUE,TRUE
Monotaxis,1,8,FALSE,FALSE,FALSE,TRUE,FALSE
Monotoca,1,11,FALSE,FALSE,FALSE,TRUE,FALSE
Motherwellia,1,1,FALSE,FALSE,FALSE,TRUE,FALSE
Muelleranthus,1,4,FALSE,FALSE,FALSE,TRUE,FALSE
Muellerolimon,1,1,FALSE,FALSE,FALSE,TRUE,FALSE
Muiriantha,1,1,FALSE,FALSE,FALSE,TRUE,FALSE
Mullerochloa,1,1,FALSE,FALSE,FALSE,TRUE,FALSE
Muniria,1,4,FALSE,FALSE,FALSE,TRUE,FALSE
Musgravea,1,2,FALSE,FALSE,FALSE,TRUE,FALSE
Myosurus,1,1,TRUE,FALSE,TRUE,TRUE,TRUE
Myriocephalus,1,15,FALSE,FALSE,FALSE,TRUE,TRUE
Nablonium,1,1,FALSE,FALSE,FALSE,TRUE,FALSE
Needhamiella,1,1,FALSE,FALSE,FALSE,TRUE,FALSE
Negria,1,1,FALSE,FALSE,FALSE,TRUE,FALSE
Neisosperma,1,3,FALSE,FALSE,FALSE,TRUE,FALSE
Nelsonia,1,1,FALSE,FALSE,FALSE,TRUE,TRUE
Nematolepis,1,7,FALSE,FALSE,FALSE,TRUE,FALSE
Neoastelia,1,1,FALSE,FALSE,FALSE,TRUE,FALSE
Neobassia,1,2,FALSE,FALSE,FALSE,TRUE,FALSE
Neobyrnesia,1,1,FALSE,FALSE,FALSE,TRUE,FALSE
Neofabricia,1,3,FALSE,FALSE,FALSE,TRUE,FALSE
Neorites,1,1,FALSE,FALSE,FALSE,TRUE,FALSE
Neoroepera,1,2,FALSE,FALSE,FALSE,TRUE,FALSE
Neosciadium,1,1,FALSE,FALSE,FALSE,TRUE,FALSE
Neostrearia,1,1,FALSE,FALSE,FALSE,TRUE,FALSE
Neurachne,1,7,FALSE,FALSE,FALSE,TRUE,FALSE
Newcastelia,1,9,FALSE,FALSE,FALSE,TRUE,FALSE
Niemeyera,1,3,FALSE,FALSE,FALSE,TRUE,FALSE
Nitraria,1,1,FALSE,FALSE,FALSE,TRUE,TRUE
Noahdendron,1,1,FALSE,FALSE,FALSE,TRUE,FALSE
Nomismia,1,1,FALSE,FALSE,FALSE,TRUE,FALSE
Normanbya,1,1,FALSE,FALSE,FALSE,TRUE,FALSE
Notelaea,1,12,FALSE,FALSE,FALSE,TRUE,FALSE
Nothoalsomitra,1,1,FALSE,FALSE,FALSE,TRUE,FALSE
Nothofagus,1,3,TRUE,TRUE,FALSE,TRUE,TRUE
Nothorites,1,1,FALSE,FALSE,FALSE,TRUE,FALSE
Notisia,1,1,FALSE,FALSE,FALSE,FALSE,FALSE
Notochloe,1,1,FALSE,FALSE,FALSE,TRUE,FALSE
Nuytsia,1,1,FALSE,FALSE,FALSE,TRUE,FALSE
Nyssanthes,1,4,FALSE,FALSE,FALSE,TRUE,FALSE
Ochrosperma,1,5,FALSE,FALSE,FALSE,TRUE,FALSE
Odixia,1,2,FALSE,FALSE,FALSE,TRUE,FALSE
Oeceoclades,1,1,FALSE,FALSE,TRUE,FALSE,FALSE
Olearia,1,113,TRUE,FALSE,FALSE,TRUE,TRUE
Oligarrhena,1,1,FALSE,FALSE,FALSE,TRUE,FALSE
Omegandra,1,1,FALSE,FALSE,FALSE,TRUE,FALSE
Omphacomeria,1,1,FALSE,FALSE,FALSE,TRUE,FALSE
Omphalolappula,1,1,FALSE,FALSE,FALSE,TRUE,FALSE
Opercularia,1,19,FALSE,FALSE,FALSE,TRUE,FALSE
Ophiorrhiza,1,1,FALSE,FALSE,FALSE,TRUE,TRUE
Opisthiolepis,1,1,FALSE,FALSE,FALSE,TRUE,FALSE
Oraniopsis,1,1,FALSE,FALSE,FALSE,TRUE,FALSE
Oreomyrrhis,1,7,FALSE,FALSE,FALSE,TRUE,FALSE
Orianthera,1,13,FALSE,FALSE,FALSE,FALSE,FALSE
Orites,1,6,FALSE,FALSE,FALSE,TRUE,TRUE
Ormosia,1,1,FALSE,FALSE,FALSE,TRUE,TRUE
Ornduffia,1,7,FALSE,FALSE,FALSE,TRUE,FALSE
Orthrosanthus,1,4,FALSE,FALSE,FALSE,TRUE,TRUE
Oschatzia,1,2,FALSE,FALSE,FALSE,TRUE,FALSE
Osteocarpum,1,4,FALSE,FALSE,FALSE,TRUE,FALSE
Ostrearia,1,1,FALSE,FALSE,FALSE,TRUE,FALSE
Ourisia,1,1,TRUE,FALSE,FALSE,TRUE,TRUE
Owenia,1,5,FALSE,FALSE,FALSE,TRUE,FALSE
Oxychloris,1,1,FALSE,FALSE,FALSE,TRUE,FALSE
Oxylobium,1,5,FALSE,FALSE,FALSE,TRUE,FALSE
Oxymyrrhine,1,4,FALSE,FALSE,FALSE,TRUE,FALSE
Ozothamnus,1,51,TRUE,TRUE,FALSE,TRUE,TRUE
Pachycladon,1,1,TRUE,FALSE,FALSE,FALSE,TRUE
Pachymitus,1,1,FALSE,FALSE,FALSE,TRUE,FALSE
Paenula,1,1,FALSE,FALSE,FALSE,TRUE,FALSE
Palaquium,1,1,FALSE,FALSE,FALSE,TRUE,TRUE
Paphia,1,1,FALSE,TRUE,FALSE,TRUE,TRUE
Papillilabium,1,1,FALSE,FALSE,FALSE,TRUE,FALSE
Papistylus,1,2,FALSE,FALSE,FALSE,TRUE,FALSE
Pappochroma,1,9,FALSE,FALSE,FALSE,TRUE,FALSE
Paraceterach,1,1,FALSE,FALSE,FALSE,TRUE,FALSE
Paractaenum,1,2,FALSE,FALSE,FALSE,TRUE,FALSE
Paragonis,1,1,FALSE,FALSE,FALSE,TRUE,FALSE
Paragoodia,1,1,FALSE,FALSE,FALSE,TRUE,FALSE
Paraneurachne,1,1,FALSE,FALSE,FALSE,TRUE,FALSE
Parantennaria,1,1,FALSE,FALSE,FALSE,TRUE,FALSE
Parapachygone,1,1,FALSE,FALSE,FALSE,TRUE,FALSE
Patersonia,1,18,FALSE,TRUE,FALSE,TRUE,TRUE
Pauridia,1,5,TRUE,FALSE,TRUE,TRUE,TRUE
Pavetta,1,10,FALSE,TRUE,TRUE,TRUE,TRUE
Pecteilis,1,15,FALSE,FALSE,FALSE,TRUE,TRUE
Pedleya,1,1,FALSE,FALSE,FALSE,FALSE,FALSE
Pembertonia,1,1,FALSE,FALSE,FALSE,TRUE,FALSE
Pennantia,1,2,TRUE,FALSE,FALSE,TRUE,TRUE
Pentaceras,1,1,FALSE,FALSE,FALSE,TRUE,FALSE
Pentalepis,1,6,FALSE,FALSE,FALSE,TRUE,FALSE
Pentapeltis,1,2,FALSE,FALSE,FALSE,TRUE,FALSE
Pentapogon,1,1,TRUE,FALSE,FALSE,TRUE,TRUE
Pentaptilon,1,1,FALSE,FALSE,FALSE,TRUE,FALSE
Pericalymma,1,4,FALSE,FALSE,FALSE,TRUE,FALSE
Peripentadenia,1,2,FALSE,FALSE,FALSE,TRUE,TRUE
Peristeranthus,1,1,FALSE,FALSE,FALSE,TRUE,FALSE
Peristrophe,1,1,FALSE,FALSE,TRUE,TRUE,TRUE
Perrottetia,1,1,FALSE,FALSE,FALSE,TRUE,TRUE
Persoonia,1,101,FALSE,FALSE,FALSE,TRUE,FALSE
Petalostylis,1,2,FALSE,FALSE,FALSE,TRUE,FALSE
Petermannia,1,1,FALSE,FALSE,FALSE,TRUE,FALSE
Petraeomyrtus,1,1,FALSE,FALSE,FALSE,TRUE,FALSE
Petrophile,1,66,FALSE,FALSE,FALSE,TRUE,FALSE
Phalaenopsis,1,1,FALSE,FALSE,FALSE,TRUE,TRUE
Phebalium,1,30,FALSE,FALSE,FALSE,TRUE,FALSE
Pheladenia,1,1,FALSE,FALSE,FALSE,TRUE,FALSE
Pherosphaera,1,2,FALSE,FALSE,FALSE,TRUE,FALSE
Philotheca,1,53,FALSE,FALSE,FALSE,TRUE,FALSE
Philydrella,1,2,FALSE,FALSE,FALSE,TRUE,FALSE
Phlebocarya,1,3,FALSE,FALSE,FALSE,TRUE,FALSE
Phlegmatospermum,1,4,FALSE,FALSE,FALSE,TRUE,FALSE
Phoringopsis,1,3,FALSE,FALSE,FALSE,FALSE,FALSE
Phyllangium,1,5,FALSE,FALSE,FALSE,TRUE,FALSE
Phyllanthera,1,1,FALSE,FALSE,FALSE,TRUE,TRUE
Phyllocladus,1,1,TRUE,FALSE,FALSE,TRUE,TRUE
Phyllota,1,11,FALSE,FALSE,FALSE,TRUE,FALSE
Phymatocarpus,1,3,FALSE,FALSE,FALSE,TRUE,FALSE
Physopsis,1,5,FALSE,FALSE,FALSE,TRUE,FALSE
Pilbara,1,1,FALSE,FALSE,FALSE,TRUE,FALSE
Pileanthus,1,8,FALSE,FALSE,FALSE,TRUE,FALSE
Pilostyles,1,3,FALSE,FALSE,FALSE,TRUE,TRUE
Pitaviaster,1,1,FALSE,FALSE,FALSE,TRUE,FALSE
Pithocarpa,1,4,FALSE,FALSE,FALSE,TRUE,FALSE
Pityrodia,1,20,FALSE,FALSE,FALSE,TRUE,FALSE
Placospermum,1,1,FALSE,FALSE,FALSE,TRUE,FALSE
Plagiobothrys,1,4,FALSE,FALSE,FALSE,TRUE,TRUE
Plagiocarpus,1,7,FALSE,FALSE,FALSE,TRUE,FALSE
Planocarpa,1,3,FALSE,FALSE,FALSE,TRUE,FALSE
Platychorda,1,2,FALSE,FALSE,FALSE,TRUE,FALSE
Platylobium,1,9,FALSE,FALSE,FALSE,TRUE,FALSE
Platysace,1,23,FALSE,FALSE,FALSE,TRUE,FALSE
Platytheca,1,3,FALSE,FALSE,FALSE,TRUE,FALSE
Platyzoma,1,1,FALSE,FALSE,FALSE,TRUE,FALSE
Plectorrhiza,1,3,FALSE,FALSE,FALSE,TRUE,FALSE
Pleioluma,1,7,FALSE,TRUE,FALSE,TRUE,TRUE
Pleogyne,1,1,FALSE,FALSE,FALSE,TRUE,FALSE
Pleurocarpaea,1,2,FALSE,FALSE,FALSE,TRUE,FALSE
Plexaure,1,3,FALSE,FALSE,FALSE,FALSE,FALSE
Plinthanthesis,1,3,FALSE,FALSE,FALSE,TRUE,FALSE
Podolobium,1,6,FALSE,FALSE,FALSE,TRUE,FALSE
Podotheca,1,6,FALSE,FALSE,FALSE,TRUE,FALSE
Pogonolepis,1,2,FALSE,FALSE,FALSE,TRUE,FALSE
Polianthion,1,4,FALSE,FALSE,FALSE,TRUE,FALSE
Polyalthia,1,5,FALSE,FALSE,FALSE,TRUE,TRUE
Polycalymma,1,1,FALSE,FALSE,FALSE,TRUE,FALSE
Polyosma,1,6,FALSE,TRUE,FALSE,TRUE,TRUE
Polypogon,1,1,TRUE,FALSE,TRUE,TRUE,TRUE
Pomax,1,2,FALSE,FALSE,FALSE,TRUE,FALSE
Pontederia,1,4,FALSE,FALSE,TRUE,TRUE,TRUE
Posidonia,1,8,FALSE,FALSE,FALSE,TRUE,TRUE
Potamophila,1,1,FALSE,FALSE,FALSE,TRUE,FALSE
Potentilla,1,1,TRUE,FALSE,TRUE,TRUE,TRUE
Praecoxanthus,1,1,FALSE,FALSE,FALSE,TRUE,FALSE
Prasophyllum,1,124,TRUE,FALSE,FALSE,TRUE,TRUE
Prionotes,1,1,FALSE,FALSE,FALSE,TRUE,FALSE
Prostanthera,1,101,FALSE,FALSE,FALSE,TRUE,FALSE
Prumnopitys,1,2,TRUE,TRUE,FALSE,TRUE,TRUE
Psammagrostis,1,1,FALSE,FALSE,FALSE,TRUE,FALSE
Psammomoya,1,4,FALSE,FALSE,FALSE,TRUE,FALSE
Pseudanthus,1,9,FALSE,FALSE,FALSE,TRUE,FALSE
Pseudochaetochloa,1,1,FALSE,FALSE,FALSE,TRUE,FALSE
Pseudopanax,1,1,TRUE,FALSE,FALSE,TRUE,TRUE
Pseudoweinmannia,1,2,FALSE,FALSE,FALSE,TRUE,FALSE
Pseuduvaria,1,4,FALSE,FALSE,FALSE,TRUE,TRUE
Psychrophila,1,2,FALSE,FALSE,FALSE,TRUE,FALSE
Pterochaeta,1,1,FALSE,FALSE,FALSE,TRUE,FALSE
Pterygopappus,1,1,FALSE,FALSE,FALSE,TRUE,FALSE
Ptilothrix,1,1,FALSE,FALSE,FALSE,TRUE,FALSE
Ptychosema,1,1,FALSE,FALSE,FALSE,TRUE,FALSE
Pullea,1,1,FALSE,FALSE,FALSE,TRUE,TRUE
Pycnosorus,1,6,FALSE,FALSE,FALSE,TRUE,FALSE
Pyrorchis,1,2,FALSE,FALSE,FALSE,TRUE,TRUE
Quinetia,1,1,FALSE,FALSE,FALSE,TRUE,FALSE
Quinqueremulus,1,1,FALSE,FALSE,FALSE,TRUE,FALSE
Quintinia,1,4,TRUE,TRUE,FALSE,TRUE,TRUE
Quisqualis,1,1,FALSE,FALSE,TRUE,TRUE,FALSE
Quoya,1,7,FALSE,FALSE,FALSE,TRUE,FALSE
Radyera,1,1,FALSE,FALSE,TRUE,TRUE,TRUE
Randia,1,3,FALSE,TRUE,TRUE,TRUE,TRUE
Reedia,1,1,FALSE,FALSE,FALSE,TRUE,FALSE
Regelia,1,5,FALSE,FALSE,FALSE,TRUE,FALSE
Rhadinothamnus,1,3,FALSE,FALSE,FALSE,TRUE,FALSE
Rhagodia,1,11,FALSE,FALSE,FALSE,TRUE,FALSE
Rhaphidospora,1,3,FALSE,FALSE,TRUE,TRUE,TRUE
Rhaponticum,1,1,FALSE,FALSE,TRUE,TRUE,TRUE
Rhetinocarpha,1,1,FALSE,FALSE,FALSE,TRUE,FALSE
Rhinerrhiza,1,1,FALSE,FALSE,FALSE,TRUE,FALSE
Rhinerrhizopsis,1,1,FALSE,FALSE,FALSE,TRUE,FALSE
Rhipidorchis,1,1,FALSE,FALSE,FALSE,FALSE,FALSE
Rhizanthella,1,4,FALSE,FALSE,FALSE,TRUE,FALSE
Rhodanthe,1,45,FALSE,FALSE,FALSE,TRUE,TRUE
Rhododendron,1,1,TRUE,FALSE,FALSE,TRUE,TRUE
Rhodosphaera,1,1,FALSE,FALSE,FALSE,TRUE,FALSE
Rhytidosporum,1,5,FALSE,FALSE,FALSE,TRUE,FALSE
Richea,1,11,FALSE,FALSE,FALSE,TRUE,FALSE
Ricinocarpos,1,28,FALSE,FALSE,FALSE,TRUE,FALSE
Rimacola,1,1,FALSE,FALSE,FALSE,TRUE,FALSE
Rinzia,1,18,FALSE,FALSE,FALSE,TRUE,FALSE
Ristantia,1,3,FALSE,FALSE,FALSE,TRUE,FALSE
Rockinghamia,1,2,FALSE,FALSE,FALSE,TRUE,FALSE
Roebuckiella,1,9,FALSE,FALSE,FALSE,FALSE,FALSE
Roepera,1,31,FALSE,FALSE,TRUE,FALSE,TRUE
Romnalda,1,2,FALSE,FALSE,FALSE,TRUE,TRUE
Rourea,1,1,FALSE,TRUE,FALSE,TRUE,TRUE
Roycea,1,3,FALSE,FALSE,FALSE,TRUE,FALSE
Rumicastrum,1,1,FALSE,FALSE,FALSE,TRUE,TRUE
Rutidosis,1,9,FALSE,FALSE,FALSE,TRUE,FALSE
Ryparosa,1,1,FALSE,FALSE,FALSE,TRUE,TRUE
Ryticaryum,1,1,FALSE,FALSE,FALSE,TRUE,TRUE
Sagina,1,2,TRUE,FALSE,TRUE,TRUE,TRUE
Samadera,1,2,FALSE,FALSE,FALSE,TRUE,TRUE
Sambucus,1,2,TRUE,FALSE,TRUE,TRUE,TRUE
Sankowskya,1,1,FALSE,FALSE,FALSE,TRUE,FALSE
Sannantha,1,12,FALSE,TRUE,FALSE,TRUE,TRUE
Sarcopteryx,1,5,FALSE,FALSE,FALSE,TRUE,TRUE
Sarcotoechia,1,6,FALSE,FALSE,FALSE,TRUE,TRUE
Sarcozona,1,2,FALSE,FALSE,FALSE,TRUE,FALSE
Saurauia,1,1,FALSE,FALSE,FALSE,TRUE,TRUE
Saxipoa,1,1,FALSE,FALSE,FALSE,TRUE,FALSE
Scambopus,1,1,FALSE,FALSE,FALSE,TRUE,FALSE
Schenkia,1,2,FALSE,TRUE,FALSE,TRUE,TRUE
Schistocarpaea,1,1,FALSE,FALSE,FALSE,TRUE,FALSE
Schistotylus,1,1,FALSE,FALSE,FALSE,TRUE,FALSE
Schizacme,1,2,TRUE,FALSE,FALSE,TRUE,TRUE
Schizomeria,1,2,FALSE,FALSE,FALSE,TRUE,TRUE
Schoenia,1,5,FALSE,FALSE,FALSE,TRUE,FALSE
Schoenolaena,1,1,FALSE,FALSE,FALSE,TRUE,FALSE
Scholtzia,1,13,FALSE,FALSE,FALSE,TRUE,FALSE
Scleroblitum,1,1,FALSE,FALSE,FALSE,TRUE,FALSE
Scleroglossum,1,1,FALSE,TRUE,FALSE,TRUE,TRUE
Scolopia,1,1,FALSE,FALSE,TRUE,TRUE,TRUE
Scutellaria,1,2,TRUE,FALSE,TRUE,TRUE,TRUE
Sedopsis,1,2,FALSE,FALSE,FALSE,TRUE,FALSE
Selliera,1,1,FALSE,FALSE,FALSE,TRUE,FALSE
Selliguea,1,1,FALSE,TRUE,FALSE,TRUE,TRUE
Seorsus,1,2,FALSE,FALSE,FALSE,TRUE,TRUE
Serichonus,1,1,FALSE,FALSE,FALSE,TRUE,FALSE
Seringia,1,18,FALSE,FALSE,FALSE,TRUE,TRUE
Serjania,1,1,FALSE,FALSE,FALSE,TRUE,TRUE
Sersalisia,1,3,FALSE,FALSE,FALSE,TRUE,TRUE
Shonia,1,4,FALSE,FALSE,FALSE,TRUE,FALSE
Siegfriedia,1,1,FALSE,FALSE,FALSE,TRUE,FALSE
Siloxerus,1,4,FALSE,FALSE,FALSE,TRUE,FALSE
Siphonodon,1,3,FALSE,FALSE,FALSE,TRUE,TRUE
Sloanea,1,4,FALSE,TRUE,FALSE,TRUE,TRUE
Solenogyne,1,3,TRUE,FALSE,FALSE,TRUE,TRUE
Solori,1,2,FALSE,FALSE,FALSE,FALSE,FALSE
Sondottia,1,2,FALSE,FALSE,FALSE,TRUE,FALSE
Sowerbaea,1,5,FALSE,FALSE,FALSE,TRUE,FALSE
Spartochloa,1,1,FALSE,FALSE,FALSE,TRUE,FALSE
Spathia,1,1,FALSE,FALSE,FALSE,TRUE,FALSE
Sphaerantia,1,2,FALSE,FALSE,FALSE,TRUE,FALSE
Sphaerolobium,1,22,FALSE,FALSE,FALSE,TRUE,FALSE
Sphalmium,1,1,FALSE,FALSE,FALSE,TRUE,FALSE
Sphenotoma,1,6,FALSE,FALSE,FALSE,TRUE,FALSE
Spiculaea,1,1,FALSE,FALSE,FALSE,TRUE,FALSE
Spiraeanthemum,1,1,FALSE,TRUE,FALSE,TRUE,TRUE
Spirogardnera,1,1,FALSE,FALSE,FALSE,TRUE,FALSE
Sporadanthus,1,6,TRUE,FALSE,FALSE,TRUE,TRUE
Spyridium,1,44,FALSE,FALSE,FALSE,TRUE,FALSE
Stachystemon,1,9,FALSE,FALSE,FALSE,TRUE,FALSE
Stawellia,1,2,FALSE,FALSE,FALSE,TRUE,FALSE
Stenanthemum,1,29,FALSE,FALSE,FALSE,TRUE,FALSE
Stenanthera,1,3,FALSE,FALSE,FALSE,FALSE,FALSE
Stenopetalum,1,12,FALSE,FALSE,FALSE,TRUE,FALSE
Stenostegia,1,1,FALSE,FALSE,FALSE,TRUE,FALSE
Stigmatodactylus,1,2,FALSE,FALSE,FALSE,TRUE,TRUE
Stirlingia,1,7,FALSE,FALSE,FALSE,TRUE,FALSE
Stockwellia,1,1,FALSE,FALSE,FALSE,TRUE,FALSE
Stonesiella,1,1,FALSE,FALSE,FALSE,TRUE,FALSE
Storckiella,1,1,FALSE,TRUE,FALSE,TRUE,TRUE
Strangea,1,3,FALSE,FALSE,FALSE,TRUE,FALSE
Streptoglossa,1,8,FALSE,FALSE,FALSE,TRUE,FALSE
Streptothamnus,1,1,FALSE,FALSE,FALSE,TRUE,FALSE
Stuartina,1,2,TRUE,FALSE,FALSE,TRUE,TRUE
Stylobasium,1,2,FALSE,FALSE,FALSE,TRUE,FALSE
Stypandra,1,2,FALSE,FALSE,FALSE,TRUE,FALSE
Styphelia,1,20,FALSE,TRUE,FALSE,TRUE,TRUE
Suaeda,1,2,TRUE,TRUE,TRUE,TRUE,TRUE
Surreya,1,2,FALSE,FALSE,FALSE,TRUE,FALSE
Swainsona,1,85,FALSE,FALSE,FALSE,TRUE,TRUE
Sylvipoa,1,1,FALSE,FALSE,FALSE,TRUE,FALSE
Symonanthus,1,2,FALSE,FALSE,FALSE,TRUE,FALSE
Symphionema,1,2,FALSE,FALSE,FALSE,TRUE,FALSE
Synaphea,1,56,FALSE,FALSE,FALSE,TRUE,FALSE
Synaptantha,1,2,FALSE,FALSE,FALSE,TRUE,FALSE
Tapeinosperma,1,3,FALSE,TRUE,FALSE,TRUE,TRUE
Tapheocarpa,1,1,FALSE,FALSE,FALSE,TRUE,FALSE
Taplinia,1,1,FALSE,FALSE,FALSE,TRUE,FALSE
Taraxacum,1,2,TRUE,FALSE,TRUE,TRUE,TRUE
Taraxis,1,1,FALSE,FALSE,FALSE,TRUE,FALSE
Taxandria,1,11,TRUE,FALSE,FALSE,TRUE,FALSE
Tecomanthe,1,2,TRUE,FALSE,FALSE,FALSE,TRUE
Telopea,1,5,TRUE,FALSE,TRUE,TRUE,FALSE
Templetonia,1,13,FALSE,FALSE,FALSE,TRUE,FALSE
Teratophyllum,1,1,FALSE,TRUE,FALSE,TRUE,TRUE
Tersonia,1,1,FALSE,FALSE,FALSE,TRUE,FALSE
Tetracarpaea,1,1,FALSE,FALSE,FALSE,TRUE,FALSE
Tetramolopium,1,1,FALSE,FALSE,FALSE,TRUE,TRUE
Tetrapora,1,4,FALSE,FALSE,FALSE,TRUE,FALSE
Tetrardisia,1,1,FALSE,FALSE,FALSE,TRUE,FALSE
Tetrarrhena,1,6,FALSE,FALSE,FALSE,TRUE,FALSE
Tetrastigma,1,5,FALSE,FALSE,FALSE,TRUE,TRUE
Tetratheca,1,53,FALSE,FALSE,FALSE,TRUE,FALSE
Thaleropia,1,1,FALSE,FALSE,FALSE,TRUE,TRUE
Thedachloa,1,1,FALSE,FALSE,FALSE,TRUE,FALSE
Thelepogon,1,1,FALSE,FALSE,FALSE,TRUE,TRUE
Thelionema,1,3,FALSE,FALSE,FALSE,TRUE,FALSE
Thesium,1,1,FALSE,FALSE,TRUE,TRUE,TRUE
Thespidium,1,1,FALSE,FALSE,FALSE,TRUE,FALSE
Thinicola,1,1,FALSE,FALSE,FALSE,TRUE,FALSE
Thiseltonia,1,1,FALSE,FALSE,FALSE,TRUE,FALSE
Thomasia,1,29,FALSE,FALSE,FALSE,TRUE,FALSE
Thoracostachyum,1,1,FALSE,FALSE,FALSE,TRUE,TRUE
Threlkeldia,1,2,FALSE,FALSE,FALSE,TRUE,FALSE
Thryptomene,1,47,FALSE,FALSE,FALSE,TRUE,FALSE
Thunbergia,1,1,TRUE,FALSE,TRUE,TRUE,TRUE
Thynninorchis,1,2,FALSE,FALSE,FALSE,FALSE,FALSE
Thyridolepis,1,3,FALSE,FALSE,FALSE,TRUE,FALSE
Tietkensia,1,1,FALSE,FALSE,FALSE,TRUE,FALSE
Tiliacora,1,1,FALSE,FALSE,TRUE,TRUE,TRUE
Tinospora,1,3,FALSE,TRUE,TRUE,TRUE,TRUE
Townsonia,1,1,TRUE,FALSE,FALSE,FALSE,TRUE
Trachoma,1,3,FALSE,TRUE,FALSE,TRUE,TRUE
Trachystylis,1,1,FALSE,FALSE,FALSE,TRUE,FALSE
Tragia,1,3,FALSE,FALSE,TRUE,TRUE,TRUE
Tremandra,1,2,FALSE,FALSE,FALSE,TRUE,FALSE
Tremulina,1,2,FALSE,FALSE,FALSE,TRUE,FALSE
Trianthema,1,12,TRUE,FALSE,TRUE,TRUE,TRUE
Tribonanthes,1,6,FALSE,FALSE,FALSE,TRUE,FALSE
Tribulopis,1,6,FALSE,FALSE,FALSE,TRUE,FALSE
Trichanthodium,1,4,FALSE,FALSE,FALSE,TRUE,FALSE
Trichocline,1,1,FALSE,FALSE,FALSE,TRUE,TRUE
Trichoglottis,1,1,FALSE,FALSE,FALSE,TRUE,TRUE
Trigastrotheca,1,1,FALSE,TRUE,FALSE,FALSE,TRUE
Trigonella,1,1,FALSE,FALSE,TRUE,TRUE,TRUE
Trigonostemon,1,1,FALSE,TRUE,FALSE,TRUE,TRUE
Trihaloragis,1,1,FALSE,FALSE,FALSE,TRUE,FALSE
Trimenia,1,1,FALSE,TRUE,FALSE,TRUE,TRUE
Triodia,1,79,FALSE,FALSE,FALSE,TRUE,TRUE
Trioncinia,1,2,FALSE,FALSE,FALSE,TRUE,FALSE
Tripladenia,1,1,FALSE,FALSE,FALSE,TRUE,FALSE
Triplarina,1,7,FALSE,FALSE,FALSE,TRUE,FALSE
Tripterococcus,1,1,FALSE,FALSE,FALSE,TRUE,FALSE
Triptilodiscus,1,1,FALSE,FALSE,FALSE,TRUE,FALSE
Tristania,1,1,FALSE,FALSE,FALSE,TRUE,FALSE
Tristaniopsis,1,3,TRUE,TRUE,FALSE,TRUE,TRUE
Trithuria,1,10,TRUE,FALSE,FALSE,TRUE,TRUE
Triunia,1,4,FALSE,FALSE,FALSE,TRUE,FALSE
Trymalium,1,13,FALSE,FALSE,FALSE,TRUE,FALSE
Tyrbastes,1,1,FALSE,FALSE,FALSE,TRUE,FALSE
Ungeria,1,1,FALSE,FALSE,FALSE,TRUE,FALSE
Uranthoecium,1,1,FALSE,FALSE,FALSE,TRUE,FALSE
Urodon,1,2,FALSE,FALSE,FALSE,TRUE,FALSE
Uromyrtus,1,4,FALSE,TRUE,FALSE,TRUE,TRUE
Uvedalia,1,2,FALSE,FALSE,FALSE,TRUE,FALSE
Vachellia,1,9,FALSE,FALSE,TRUE,TRUE,TRUE
Van-royena,1,1,FALSE,FALSE,FALSE,FALSE,FALSE
Ventilago,1,3,FALSE,TRUE,FALSE,TRUE,TRUE
Verreauxia,1,3,FALSE,FALSE,FALSE,TRUE,FALSE
Verticordia,1,101,FALSE,FALSE,FALSE,TRUE,FALSE
Vesselowskya,1,2,FALSE,FALSE,FALSE,TRUE,FALSE
Viminaria,1,1,FALSE,FALSE,FALSE,TRUE,FALSE
Vitis,1,1,TRUE,FALSE,TRUE,TRUE,TRUE
Vittadinia,1,28,TRUE,TRUE,FALSE,TRUE,TRUE
Waitzia,1,5,FALSE,FALSE,TRUE,TRUE,TRUE
Walteranthus,1,1,FALSE,FALSE,FALSE,TRUE,FALSE
Walwhalleya,1,4,FALSE,FALSE,FALSE,TRUE,FALSE
Websteria,1,1,FALSE,FALSE,FALSE,TRUE,FALSE
Wendlandia,1,5,FALSE,FALSE,FALSE,TRUE,TRUE
Westringia,1,31,TRUE,FALSE,FALSE,TRUE,FALSE
Whyanbeelia,1,1,FALSE,FALSE,FALSE,TRUE,FALSE
Winifredia,1,1,FALSE,FALSE,FALSE,TRUE,FALSE
Wittsteinia,1,1,FALSE,FALSE,FALSE,TRUE,TRUE
Wollemia,1,1,FALSE,FALSE,FALSE,TRUE,FALSE
Woollsia,1,1,FALSE,FALSE,FALSE,TRUE,FALSE
Wurmbea,1,28,TRUE,FALSE,TRUE,TRUE,TRUE
Xanthorrhoea,1,28,FALSE,FALSE,FALSE,TRUE,FALSE
Xanthosia,1,20,FALSE,FALSE,FALSE,TRUE,FALSE
Xerochloa,1,3,FALSE,FALSE,FALSE,TRUE,TRUE
Xerolirion,1,1,FALSE,FALSE,FALSE,TRUE,FALSE
Xerothamnella,1,2,FALSE,FALSE,FALSE,TRUE,FALSE
Xylomelum,1,6,FALSE,FALSE,FALSE,TRUE,FALSE
Xylopia,1,2,FALSE,TRUE,TRUE,TRUE,TRUE
Xylosma,1,4,FALSE,TRUE,FALSE,TRUE,TRUE
Yakirra,1,6,FALSE,FALSE,FALSE,TRUE,FALSE
Zaleya,1,1,FALSE,FALSE,TRUE,TRUE,TRUE
Zealandia,1,1,FALSE,TRUE,FALSE,FALSE,FALSE
Zeuxine,1,3,FALSE,TRUE,TRUE,TRUE,TRUE
Zieria,1,59,FALSE,TRUE,FALSE,TRUE,TRUE
Zygochloa,1,1,FALSE,FALSE,FALSE,TRUE,FALSE
